"quote","season","episode","episode_title","context","source_url","source_name","character_addressed","themes","quote_type","iconic_rating"
"Power isn't something you're given. It's something you take.",,,"","","https://multiple-sources","WebResearch",,,,
"People Say Money Can't Buy Happiness, But It Can Buy You A Yacht Big Enough To Sail Right Up To It.",,,"","Bulk Ingest","Manual Input","ManualIngest",,,,
"Sometimes the only way out is through.",,,"","","https://multiple-sources","WebResearch",,,,
"Regret requires age or the passage of time. And believe me, time has a way of making all things clear.",,,"","","https://multiple-sources","WebResearch",,,,
"Money can't buy happiness, but it can buy a damn good alibi.",,,"","","https://multiple-sources","WebResearch",,,,
"Loyalty is in the eye of the beholder.",,,"","","https://multiple-sources","WebResearch",,,,
"Nothing is so common as the wish to be remarkable.",,,"","","https://multiple-sources","WebResearch",,,,
"Never trust a man who smiles too much. It's either a sign of charm or a sign of madness.",,,"","","https://multiple-sources","WebResearch",,,,
"Sometimes the only way to find yourself is to lose everything.",,,"","","https://multiple-sources","WebResearch",,,,
"The measure of a man is not in how he gets knocked to the mat, it's in how he gets up.",,,"","","https://multiple-sources","WebResearch",,,,
"The line between good and evil is often blurred. It's the choices we make that define us.",,,"","","https://multiple-sources","WebResearch",,,,
"The past is a prison. It's up to us to break free.",,,"","","https://multiple-sources","WebResearch",,,,
"The only way to truly know someone is to see how they handle power.",,,"","","https://multiple-sources","WebResearch",,,,
"The greatest trick the devil ever pulled was convincing the world he didn't exist.",,,"","","https://multiple-sources","WebResearch",,,,
"The Past Is A Ghost That Never Truly Leaves Us.",,,"","Bulk Ingest","Manual Input","ManualIngest",,,,
"The human condition is a series of choices. Some right, some wrong, but all ours to make.",,,"","","https://multiple-sources","WebResearch",,,,
"The greatest weapon is not a gun or a bomb. It's the truth.",,,"","","https://multiple-sources","WebResearch",,,,
"Life is all about perception. It's what you make of it that counts.",,,"","","https://multiple-sources","WebResearch",,,,
"Have I Threatened You Before?",,,"","Bulk Ingest","Manual Input","ManualIngest",,,,
"Forgiveness is a luxury not everyone can afford.",,,"","","https://multiple-sources","WebResearch",,,,
"I've always found that true power comes from the ability to remain calm when the world around you is in chaos.",,,"","","https://multiple-sources","WebResearch",,,,
"I could tell you how to win a marathon, but you’re assuming it’s a 26.6-mile race.",,,"","","https://everydaypower.com/raymond-reddington-quotes/","EverydayPower",,,,
"Betrayal is just loyalty reprioritized.",,,"","","https://multiple-sources","WebResearch",,,,
"A friend is a person who will help you move. A real friend is a person who will help you move a body.",,,"","","https://multiple-sources","WebResearch",,,,
"Everyone on my jet is there because they chose to be. That cannot be said of most endeavors in life.",,,"","","https://multiple-sources","WebResearch",,,,
"Beware the Fury of a patient man",,,"","","Manual Input","ManualIngest",,,,
"I've made it my mission in life to identify, cultivate, and exploit the weakness in my enemies.",,,"","","https://multiple-sources","WebResearch",,,,
"Knowledge without action is meaningless.",,,"","","https://multiple-sources","WebResearch",,,,
"In this world, there are no heroes or villains. Only survivors.",,,"","","https://multiple-sources","WebResearch",,,,
"Life is a game, my dear. Play it to win, or don't play at all.",,,"","","https://multiple-sources","WebResearch",,,,
"Lies By Omission Are Still Lies, Harold. Some Would Argue They're The Worst Kind.",,,"","Bulk Ingest","Manual Input","ManualIngest",,,,
"In the short term, justice always loses to politics.",,,"","","Manual Input","ManualIngest",,,,
"If horses were wishes, beggars would ride.",,,"","","Manual Input","ManualIngest",,,,
"In this world, power is everything. The rest is just an illusion.",,,"","","https://multiple-sources","WebResearch",,,,
"In this world, loyalty is rare. That's why it's so valuable.",,,"","","https://multiple-sources","WebResearch",,,,
"When I was young, I wanted to dance. I saw Gary Cooper dance on the screen, it was wonderful. Years later when I saw Gary, he looked old and grey. It turned out he had a cracked heart valve, very difficult to fix. He was on a waiting list to the end of his days. Just like Elias.",,,"","","Manual Input","ManualIngest",,,,
"We're all puppets, Harold. Some of us just have more strings than others.",,,"","","https://multiple-sources","WebResearch",,,,
"Truth is such a rare thing, it is delightful to tell it.",,,"","","https://multiple-sources","WebResearch",,,,
"Hope is the worst of all evils because it prolongs the torment of man.",,,"","","https://multiple-sources","WebResearch",,,,
"You made a deal with the devil. Just because the devil gives you a way out, doesn’t mean he’s any less of a devil",,,"","","Manual Input","ManualIngest",,,,
"You look familiar... Have I threatened you before?",,,"","","https://everydaypower.com/raymond-reddington-quotes/","EverydayPower",,,,
"Trust no one. Not even yourself.",,,"","","https://multiple-sources","WebResearch",,,,
"The truth will set you free, but first, it will piss you off.",,,"","","https://multiple-sources","WebResearch",,,,
"The thing about the truth is, not a lot of people can handle it.",,,"","","https://multiple-sources","WebResearch",,,,
"The road to hell is paved with good intentions.",,,"","","https://multiple-sources","WebResearch",,,,
"There's Nothing That Can't Be Accomplished With A Little Ingenuity And A Lot Of Explosives.",,,"","Bulk Ingest","Manual Input","ManualIngest",,,,
"There are no shortcuts in life, only detours.",,,"","","https://multiple-sources","WebResearch",,,,
"The world is full of wolves and sheep. Be the wolf.",,,"","","https://multiple-sources","WebResearch",,,,
"I think it's more likely that I tried to help you in good faith and had to finish the job myself because you couldn't. I think we're finished.","1","1","Pilot","Reddington smugly deflects blame for the chemical weapon exchange and dismisses Ressler's accusation with a sharp, witty retort.","Transcript S01E01","ClaudeMiner","Donald Ressler","power; humor","threat","4"
"You won't find the girl until you learn to look at this differently. Like a criminal. May come easier than you think.","1","1","Pilot","Reddington tells Lizzie she must think like a criminal to catch Zamani, revealing his belief in her inherent darkness and intelligence.","Transcript S01E01","ClaudeMiner","Elizabeth Keen","wisdom; identity; crime","wisdom","4"
"Well, this was fun. Let's do it again. Really, let's do it again.","1","1","Pilot","Reddington concludes the first case with a lighthearted, sarcastic remark, establishing his playful and in-control persona despite being imprisoned.","Transcript S01E01","ClaudeMiner","Harold Cooper","power; humor","humor","5"
"You've discovered something curious about your husband, haven't you, Lizzy?","1","1","Pilot","Reddington ends the episode with a chilling question, confirming his knowledge of Tom's lies and his manipulation of Lizzie's life from day one.","Transcript S01E01","ClaudeMiner","Elizabeth Keen","truth; betrayal; trust","emotional","5"
"Zamani was only the first. Name. On the list. It's called The Blacklist. A list I've been cultivating for over twenty years. Politicians, mobsters, hackers spies. I'm talking about the criminals who matter. The ones you can't find because you don't even know they exist. Zamani was a small fish. I'm Ahab. And if you want the whales on my list, you have to play by my rules.","1","1","Pilot","Reddington reveals the existence of The Blacklist, framing his grand plan and the scope of his partnership with the FBI, comparing himself to Ahab hunting Moby Dick.","Transcript S01E01","ClaudeMiner","FBI team","power; crime; legacy","monologue","5"
"The truth is, despite your feelings, your husband doesn't matter. Zamani did you a favor, Lizzy.","1","1","Pilot","After Zamani attacks Tom, Reddington coldly dismisses Tom's importance and suggests the attack was beneficial, foreshadowing his later revelation about Tom's deceit.","Transcript S01E01","ClaudeMiner","Elizabeth Keen","truth; betrayal; family","emotional","5"
"Agent Cooper, you've overestimated your authority. I said I'll help you find Zamani, and I will. But from this point forward, there's one very important rule: I speak only with Elizabeth Keen.","1","1","Pilot","Reddington sets terms for his cooperation, insisting on speaking only to Lizzie, immediately establishing his control and special connection to her.","Transcript S01E01","ClaudeMiner","Harold Cooper","power; loyalty","threat","5"
"Tell him it's Raymond Reddington.","1","1","Pilot","Reddington surrenders himself to the FBI, announcing his arrival with theatrical simplicity.","Transcript S01E01","ClaudeMiner","receptionist","identity; power","one-liner","4"
"I'm a criminal. Criminals are notorious liars. Everything about me is a lie. But if anyone can give me a second chance, it's you. The two of us have overcome so much.","1","1","Pilot","Reddington cryptically tells Lizzie about their shared past, foreshadowing her mysterious history and his role in her life.","Transcript S01E01","ClaudeMiner","Elizabeth Keen","truth; identity; trust","emotional","4"
"A baby won't fix what happened in the past. You lost the right to speak about parenthood when you abandoned your wife and daughter on Christmas Eve.","1","1","Pilot","Lizzie accuses Reddington of judging her about motherhood, and he deflects with a pointed, painful truth about his own past abandonment of his family.","Transcript S01E01","ClaudeMiner","Elizabeth Keen","family; regret; identity","emotional","5"
"I'm gonna make you famous, Lizzy.","1","1","Pilot","Reddington promises Lizzie fame and notoriety through their partnership, cementing his manipulative and prophetic tone.","Transcript S01E01","ClaudeMiner","Elizabeth Keen","power; identity","one-liner","5"
"My contact was the first person I saw when I walked into the place. I told you he would help, and he did. The coat-check attendant.","1","2","The Freelancer","After the Montreal operation fails, Reddington reveals his real contact was the coat-check attendant, not the no-show liaison.","Transcript S01E02","ClaudeMiner","Ressler & Lizzie","wisdom; trust; deception","one-liner","4"
"All you have to do is tell her, Floriana. A simple nod will suffice.","1","2","The Freelancer","Torturing Floriana Campo with a fake antidote, forcing her to confess to running the Eberhardt cartel and trafficking children.","Transcript S01E02","ClaudeMiner","Floriana Campo","revenge; justice; betrayal","threat","5"
"She preyed on the weak and the innocent while dressed in the wings of a savior. I detested everything about her.","1","2","The Freelancer","Explaining his hatred for Floriana Campo's hypocrisy after exposing her as a human trafficker.","Transcript S01E02","ClaudeMiner","Lizzie","justice; morality; betrayal","emotional","4"
"Your closest friends are strangers. You understand that tight bonds can make you vulnerable, so you're careful not to have any. And that's why you're so conflicted about me. You need me. And you hate that about yourself, because it makes you vulnerable.","1","2","The Freelancer","Profiling Lizzie in the restaurant, pointing out her loner nature and her conflicted feelings about him.","Transcript S01E02","ClaudeMiner","Lizzie","identity; truth; vulnerability","monologue","5"
"You seem to have two options. Either you turn him in or confront him. Or perhaps there's a third option.","1","2","The Freelancer","Offering Lizzie a mysterious alternative for handling her husband Tom's hidden past, typical of his manipulative guidance.","Transcript S01E02","ClaudeMiner","Lizzie","truth; family; betrayal","one-liner","4"
"We never really know anyone, do we?","1","2","The Freelancer","After Lizzie admits she didn't see through Floriana Campo's facade, Reddington reflects on the difficulty of truly knowing someone, implicitly referencing Tom.","Transcript S01E02","ClaudeMiner","Lizzie","truth; trust; betrayal","wisdom","5"
"In truth, there's always more to the story. Hidden between the facts and figures, the victims and the heroes, there's always a murder.","1","2","The Freelancer","Explaining that the Freelancer's assassinations are disguised as accidents and tragedies in the news.","Transcript S01E02","ClaudeMiner","Lizzie","truth; death; deception","monologue","5"
"If you want to save lives and catch the bad guys, pay attention.","1","2","The Freelancer","After the train derailment, Reddington chides Cooper for ignoring his warning about the incident.","Transcript S01E02","ClaudeMiner","Cooper","wisdom; justice; power","wisdom","4"
"What's puzzling you is the nature of my game.","1","2","The Freelancer","Reddington hums The Rolling Stones' 'Sympathy for the Devil' as he is brought into FBI custody, setting his mysterious, manipulative tone.","Transcript S01E02","ClaudeMiner","unknown","identity; wisdom; truth","one-liner","5"
"What if I were to tell you that all the things you come to believe about yourself are a lie?","1","2","The Freelancer","","https://thehabitstacker.com/raymond-reddington-quotes/","HabitStacker",,,,
"What if I were to tell you that all the things you've come to believe about yourself are a lie?","1","2","The Freelancer","A cryptic question about her past, hinting at hidden truths about her identity and the fire.","Transcript S01E02","ClaudeMiner","Lizzie","identity; truth; family","wisdom","5"
"Oh, this isn't what I ordered. Aviation cocktail. It's from the '20s. Tastes like spring, doesn't it?","1","2","The Freelancer","At the Montreal restaurant, Reddington orders a vintage cocktail and savors the moment despite the mission.","Transcript S01E02","ClaudeMiner","Lizzie","humor; wisdom","one-liner","3"
"He's a myth. That's what they said about deep throat and the G-spot. I assure you Wujing is quite real.","1","3","Wujing","Reddington dismisses skepticism about Wujing's existence with a darkly humorous comparison.","Transcript S01E03","ClaudeMiner","Lizzie","humor; crime","humor","4"
"You make it sound like treason. So black and white. It's not. It's green.","1","3","Wujing","Reddington justifies his decision to work for the Chinese by framing it as a matter of business, not morality.","Transcript S01E03","ClaudeMiner","Lizzie","morality; crime","wisdom","4"
"You act like we're the same. You're wrong. I have a life, people who care about me. But you this is all you have.","1","3","Wujing","Lizzie accuses Reddington of being similar to her, and he retorts with a cold observation about her isolation.","Transcript S01E03","ClaudeMiner","Lizzie","identity; loneliness; truth","emotional","4"
"As entertaining as all this has been, we really do need to leave now.","1","3","Wujing","Reddington cracks a joke to Lizzie amidst the chaos of Wujing's operation being compromised.","Transcript S01E03","ClaudeMiner","Lizzie","humor; survival","humor","3"
"I believe I will always do whatever I feel I have to do to keep you alive.","1","3","Wujing","Reddington justifies killing a man to protect Lizzie, revealing his commitment to her safety.","Transcript S01E03","ClaudeMiner","Lizzie","loyalty; sacrifice; morality","emotional","5"
"If you kill her, you better kill me. Or I'm going to kill you.","1","3","Wujing","Reddington issues a cold threat to Wujing while protecting Jin Sun and himself.","Transcript S01E03","ClaudeMiner","Wujing","loyalty; revenge; survival","threat","5"
"The moment he sent that message, he became worthless to you. You would have beaten him for another 20 minutes and then killed him yourself. But if I let you kill a contractor of mine, I'll lose the trust of all my others, and that's just bad business.","1","3","Wujing","Reddington confronts Wujing for torturing Jin Sun, saving her life by framing it as a matter of business.","Transcript S01E03","ClaudeMiner","Wujing","loyalty; trust; morality","monologue","5"
"I wish the answer were as simple as the question seems. But the truth is, the question isn't simple, either. I share your frustration.","1","3","Wujing","Reddington refuses to fully explain why he chose Lizzie, leaving her with a cryptic answer.","Transcript S01E03","ClaudeMiner","Lizzie","truth; identity; wisdom","wisdom","4"
"A farmer comes home one day to find that everything that gives meaning to his life is gone... He makes a promise to himself in those dark hours. A life's work erupts from his knotted mind... And he knows, in his heart he must pay. Doesn't he, Stanley?","1","4","The Stewmaker","Red tells a parable to the Stewmaker about a farmer turned monster, mirroring his own past and holding him accountable.","Transcript S01E04","ClaudeMiner","Stanley Kornish (The Stewmaker)","revenge; morality; justice; legacy; suffering","parable","5"
"By saving your life.","1","4","The Stewmaker","After Lizzie confronts Red about being a monster for leaving the Stewmaker to die, he justifies his actions by saving her.","Transcript S01E04","ClaudeMiner","Elizabeth Keen","morality; survival; regret","emotional","4"
"You know, the thing about narco dollars is that they always seem to find their way into some pretty unsavory hands.","1","4","The Stewmaker","Red discusses bribes to manipulate Hector Lorca's case.","Transcript S01E04","ClaudeMiner","Donald Ressler","corruption; crime; wisdom","wisdom","3"
"You don't take life. You clean up death.","1","4","The Stewmaker","Red faces the Stewmaker in his cabin, challenging his philosophy of dissolving bodies as aiding nature.","Transcript S01E04","ClaudeMiner","The Stewmaker (Stanley Kornish)","death; morality; identity","wisdom","4"
"A man's life is always at stake and tragically low stakes, at that.","1","4","The Stewmaker","Lizzie presses Red for help saving witness Luis Pena after he's abducted.","Transcript S01E04","ClaudeMiner","Elizabeth Keen","life; morality; humor","wisdom","4"
"I only do what's good for me. And that is a person you can trust, Donald.","1","4","The Stewmaker","Red explains why Ressler can trust him despite his self-interest.","Transcript S01E04","ClaudeMiner","Donald Ressler","trust; morality; identity","wisdom","5"
"You let your emotions get the best of you, which is how people wind up in jail, Hector. Stupid people.","1","4","The Stewmaker","Red criticizes Lorca for acting on emotion by kidnapping Lizzie.","Transcript S01E04","ClaudeMiner","Hector Lorca","survival; wisdom; crime","threat","4"
"Crooked as a Corsican highway.","1","4","The Stewmaker","Red describes Ressler's corrupt character to Lorca during the meeting.","Transcript S01E04","ClaudeMiner","Hector Lorca","crime; humor","one-liner","4"
"You lost her. I can’t find her. It’s that simple.","1","4","The Stewmaker","","https://everydaypower.com/raymond-reddington-quotes/","EverydayPower",,,,
"When confronting complex equations, the simplest solution is most often the correct one.","1","4","The Stewmaker","Red argues for meeting Lorca alone to find Lizzie.","Transcript S01E04","ClaudeMiner","Donald Ressler","wisdom; survival","wisdom","3"
"Let me put your mind at ease.","1","5","The Courier","","https://thehabitstacker.com/raymond-reddington-quotes/","HabitStacker",,,,
"Delivering criminals to you is a hobby, a diversion, one that may become tiresome, in which case we could always reminisce about that unfortunate incident in Kuwait. Are you threatening me, Red? I am. Hardly the time to let morals stand in the way of your upward mobility, Agent Cooper.","1","6","Gina Zanetakos","Reddington threatens Cooper after he tries to sideline Elizabeth Keen","Transcript S01E06","ClaudeMiner","Harold Cooper","power; humor; morality","threat","5"
"I can only lead you to the truth. I can't make you believe it.","1","6","Gina Zanetakos","Reddington tells Liz he can show her the evidence but cannot force her to accept it","Transcript S01E06","ClaudeMiner","Elizabeth Keen","truth; wisdom; trust","wisdom","4"
"People think it matters who occupies that house. It doesn't. Multinational corporations and criminals run the world.","1","6","Gina Zanetakos","Reddington explains the true power structure of the world after Tom's arrest","Transcript S01E06","ClaudeMiner","Elizabeth Keen","power; truth; wisdom","wisdom","4"
"Nothing happens by chance.","1","6","Gina Zanetakos","Reddington explains corporate terrorism and the interconnectedness of events","Transcript S01E06","ClaudeMiner","Elizabeth Keen","truth; wisdom; fate","one-liner","4"
"I Can Only Lead You To The Truth.","1","6","Gina Zanetakos","Bulk Ingest","Manual Input","ManualIngest",,,,
"I can only led you to the truth. I can’t make you believe it.","1","6","Gina Zanetakos","","https://thehabitstacker.com/raymond-reddington-quotes/","HabitStacker",,,,
"It's easier to blame me for framing your husband than face the truth of what he is.","1","7","Frederick Barnes","Reddington confronts Liz's anger after she refuses to go to Cuba, hinting at the truth about Tom.","Transcript S01E07","ClaudeMiner","Elizabeth Keen","truth; betrayal; identity","wisdom","4"
"I'm confident you'll come to see that. But in the meantime, we need to find a way to move past this. Because for me, there's just no fun in it unless you're there. And if there's no fun to be had, I'm not interested.","1","7","Frederick Barnes","Reddington explains his motivation for working with the FBI—he needs Liz's engagement to enjoy the game.","Transcript S01E07","ClaudeMiner","Elizabeth Keen","wisdom; trust","wisdom","5"
"Say what you will about Frederick, but someone who's willing to burn the world down to protect the one person they care about—that's a man I understand.","1","7","Frederick Barnes","Reddington reflects on Barnes' motives after his death, drawing a parallel to his own feelings for Liz.","Transcript S01E07","ClaudeMiner","Elizabeth Keen","sacrifice; family; loyalty","emotional","5"
"Ah, music to my ears. What was that last part again?","1","7","Frederick Barnes","Reddington savors Liz finally asking for his help after she admits she needs him.","Transcript S01E07","ClaudeMiner","Elizabeth Keen","humor; trust","one-liner","4"
"You know the problem with drawing lines in the sand? With a breath of air, they disappear.","1","7","Frederick Barnes","Reddington dismisses Liz's attempt to draw a boundary between work and personal life.","Transcript S01E07","ClaudeMiner","Elizabeth Keen","wisdom; trust","wisdom","5"
"Tell me to go, Lizzy. Then I guess I'll see you tomorrow.","1","7","Frederick Barnes","Reddington calls Liz's bluff when she insists he leave, knowing she won't truly let him go.","Transcript S01E07","ClaudeMiner","Elizabeth Keen","trust; humor","one-liner","4"
"I'm not going to beg you to allow me the privilege of helping you. So, say the word, and I'm gone.","1","7","Frederick Barnes","Reddington gives Liz an ultimatum: accept his help fully or he will disappear from her life completely.","Transcript S01E07","ClaudeMiner","Elizabeth Keen","trust; freedom","emotional","5"
"Agent Keen, I have a tip. You're a winter, not an autumn. Stop wearing olive.","1","7","Frederick Barnes","","https://multiple-sources","WebResearch",,,,
"Every cause has more than one effect.","1","7","Frederick Barnes","","https://everydaypower.com/raymond-reddington-quotes/","EverydayPower",,,,
"I’m not a gumball machine, Lizzy. You don’t get to just twist the handle whenever you want a treat.","1","7","Frederick Barnes","","https://everydaypower.com/raymond-reddington-quotes/","EverydayPower",,,,
"A man who's willing to burn the world down to protect the one person they care about, that's a man I understand.","1","7","Frederick Barnes","","https://multiple-sources","WebResearch",,,,
"But, please, make no mistake. Frederick Barnes is a very special animal, one with the tools and know-how to kill thousands and thousands of people all at once.","1","7","Frederick Barnes","Reddington warns Liz about the unique danger Frederick Barnes poses as a biochemical weapons designer.","Transcript S01E07","ClaudeMiner","Elizabeth Keen","crime; power","threat","4"
"You know, as much as I love our little talks, you're holding up a line for people that might have actual information.","1","7","Frederick Barnes","Reddington needles Liz after she complains about his cryptic tip-line call during the subway attack investigation.","Transcript S01E07","ClaudeMiner","Elizabeth Keen","humor; crime","one-liner","3"
"You know the problem with drawling lines in the sand? With a breath of air, they disappear.","1","7","Frederick Barnes","","https://everydaypower.com/raymond-reddington-quotes/","EverydayPower",,,,
"Betraying your country and auctioning off its secrets. Where have I heard that before?","1","7","Frederick Barnes","Reddington deflects a comparison between himself and Frederick Barnes, making a sly reference to his own notoriety.","Transcript S01E07","ClaudeMiner","Elizabeth Keen","identity; morality","one-liner","4"
"This is going to be a difficult time. The best way to keep the memory of your father alive is to talk about him. Tell me some stories.","1","8","General Ludd","Reddington gently encourages Lizzie to share memories of Sam after his funeral.","Transcript S01E08","ClaudeMiner","Elizabeth Keen","death; family; love; grief","emotional","4"
"A true Luddite would burn the plane rather than fly in it. But whatever. Your irony.","1","8","General Ludd","Reddington mocks Wolff's hypocrisy for using a plane to escape despite his anti-technology stance.","Transcript S01E08","ClaudeMiner","Nathaniel Wolff","humor; wisdom; irony","one-liner","4"
"Yes. It’ll undoubtedly take some time. But I’m sure she’ll be fine. He’ll always be there with her. Standing in the shadows to keep her safe. Laughing with her in the light. Watching through her eyes, all those who get close. He’ll always be there. She will be fine.","1","8","General Ludd","","Manual Input","ManualIngest",,,,
"I have no interest in cases that I have no interest in.","1","8","General Ludd","","https://thehabitstacker.com/raymond-reddington-quotes/","HabitStacker",,,,
"Then you’ll just have to find another criminal to talk to Elizabeth Keen and make fun of Agent Ressler.","1","8","General Ludd","","Manual Input","ManualIngest",,,,
"I finally had a chance to see her, Sam. There’s a fire inside she got from you. She’s volatile, unpredictable, soft, and hard, and... soft again. Stronger than she knows. You gave her an incredible gift, Sam. Taking her in and loving her as your own.","1","8","General Ludd","","Manual Input","ManualIngest",,,,
"I happen to believe in capitalism. I like money. I like the lifestyle it affords me. I like the things that happen when you give it away.","1","8","General Ludd","Reddington explains his motivation for robbing Wolff's heist, contrasting with Wolff's anti-capitalist ideology.","Transcript S01E08","ClaudeMiner","Nathaniel Wolff","power; morality; humor","threat","4"
"You look like hell. I finally had a chance to see her, Sam. There's a fire inside she got from you. She's volatile, unpredictable, soft then hard then soft again. Stronger than she knows. You gave her an incredible gift, Sam. Taking her in and loving her as your own.","1","8","General Ludd","Reddington visits Sam in the hospital, reflecting on Lizzie's character and thanking Sam for raising her.","Transcript S01E08","ClaudeMiner","Sam Milhoan","family; love; legacy; identity","emotional","5"
"Pretending doesn't make it any better.","1","8","General Ludd","Reddington observes Sam hiding his illness from Lizzie, commenting on the futility of denial.","Transcript S01E08","ClaudeMiner","unknown","truth; death; regret","wisdom","4"
"You have got to give to get, Harold.","1","8","General Ludd","Reddington is negotiating access to the FBI's ViCAP system in exchange for his help with the case.","Transcript S01E08","ClaudeMiner","Harold Cooper","power; wisdom; trust","wisdom","4"
"You will always be her father, Sam. I can only hope to love her and protect her as you have.","1","8","General Ludd","Reddington reassures Sam of his lasting importance to Lizzie as she prepares for his death.","Transcript S01E08","ClaudeMiner","Sam Milhoan","family; legacy; love; sacrifice","emotional","5"
"Years ago, I used to smuggle small shipments of Oaxaca-highland gold into this airstrip. Beautiful space. Bumpy as hell.","1","8","General Ludd","Reddington confronts Wolff at a secluded airstrip, reminiscing about his own criminal past.","Transcript S01E08","ClaudeMiner","Nathaniel Wolff","crime; wisdom","parable","3"
"He'll always be there with her, standing in the shadows to keep her safe, laughing with her in the light, watching through her eyes all those who get close. He'll always be there. She will be fine.","1","8","General Ludd","Reddington assures Tom that Sam's spirit will remain with Lizzie, offering comfort after his death.","Transcript S01E08","ClaudeMiner","Tom Keen","death; family; love; legacy","emotional","5"
"It's hard to not say goodbye. I have lost so many people. Never seems to get any easier.","1","8","General Ludd","Reddington consoles Tom after Sam's death, speaking from his own experience of loss.","Transcript S01E08","ClaudeMiner","Tom Keen","death; grief; wisdom","emotional","4"
"Donald, never let it be said that I valued a Zegna Venticinque tie over a human life, even yours.","1","9","Anslo Garrick (1)","Reddington uses his expensive tie as a tourniquet for Ressler's leg wound.","Transcript S01E09","ClaudeMiner","Donald Ressler","humor; survival","humor","4"
"Ours is a friendship forged once in this life and again in the next. Goodbye, my brother.","1","9","Anslo Garrick (1)","Reddington says goodbye to Dembe over the radio, believing he is about to sacrifice himself.","Transcript S01E09","ClaudeMiner","Dembe Zuma","loyalty; family; sacrifice","emotional","5"
"You can’t judge a book by its cover. But you can by it’s first few chapters and certainly by its last.","1","9","Anslo Garrick (1)","","https://everydaypower.com/raymond-reddington-quotes/","EverydayPower",,,,
"Allies today, enemies tomorrow. The world is a complex place, further complicated by man's fickle nature.","1","9","Anslo Garrick (1)","Reddington explains why he is saving Ressler's life despite their mutual animosity.","Transcript S01E09","ClaudeMiner","Donald Ressler","loyalty; betrayal; wisdom","wisdom","4"
"I want to stand on summits and smoke Cubans and feel the sun on my face for as long as I can. Walk on the wall again. Climb the tower. Ride the river. Stare at the frescos. I want to sit in the garden and read one more good book. Most of all, I want to sleep. I want to sleep like I slept when I was a boy. Give me that. Just one time.","1","9","Anslo Garrick (1)","Reddington confides his deepest desires to Ressler, explaining why he won't let Garrick win.","Transcript S01E09","ClaudeMiner","Donald Ressler","freedom; survival; regret","monologue","5"
"We become who we are. We can't judge a book by its cover, but you can by its first few chapters and, most certainly, by its last.","1","9","Anslo Garrick (1)","Reddington and Ressler are in the box, Ressler questions Reddington's betrayal of his country.","Transcript S01E09","ClaudeMiner","Donald Ressler","identity; morality; wisdom","wisdom","5"
"Oh, revenge is too easy and over so quickly. I would hope for more than that.","1","9","Anslo Garrick (1)","Ressler asks if the Blacklist is about revenge; Reddington dismisses the notion.","Transcript S01E09","ClaudeMiner","Donald Ressler","revenge; morality; wisdom","wisdom","4"
"I don't need visas, passports, travel documents. Give me a bug-out bag and 30 seconds, and I'm on my way to anywhere in the world.","1","9","Anslo Garrick (1)","Reddington explains why Garrick needed to have him contained in a black site.","Transcript S01E09","ClaudeMiner","Harold Cooper and Donald Ressler","freedom; survival","wisdom","4"
"Years ago, I saved a man's life under a beautiful old cedar tree in Lebanon. A month later, he tried to kill me in a hotel in Damascus. I understood. Allegiances shift. A month later I broke his neck with a shower caddy.","1","9","Anslo Garrick (1)","Reddington tells a parable to illustrate his pragmatic view on shifting loyalties while giving Ressler a transfusion.","Transcript S01E09","ClaudeMiner","Donald Ressler","betrayal; survival; wisdom","parable","5"
"Anslo, I'm looking at you, and I got to say I'm really surprised. With the access you now have to top-notch plastic surgeons, why you haven't done something... anything about that horrific scar. I mean, how do you wake up to that staring back at you in the mirror every morning?","1","9","Anslo Garrick (1)","Reddington taunts Garrick through the reinforced glass, reminding him of the facial scar he gave him.","Transcript S01E09","ClaudeMiner","Anslo Garrick","humor; revenge","threat","4"
"Are you my father? No.","1","10","Anslo Garrick (2)","Lizzy asks Reddington if he is her biological father; he denies it.","Transcript S01E10","ClaudeMiner","Elizabeth Keen","identity; family; truth","emotional","5"
"Lizzy be careful of your husband.","1","10","Anslo Garrick (2)","Reddington warns Lizzy about her husband, Tom, as the episode ends.","Transcript S01E10","ClaudeMiner","Elizabeth Keen","trust; betrayal; family","wisdom","5"
"If I could, I'd end this right now. Give you the horrifying death that you so deserve. Then do it. Yeah. When it's time. You see, sadly, this isn't my surprise party. I am merely the hired help. My job was to get you to the venue. And while I would pay a high price to silence you forever, others have paid much more for the chance to hear what you have to say.","1","10","Anslo Garrick (2)","Reddington taunts Garrick after being captured, implying a larger conspiracy.","Transcript S01E10","ClaudeMiner","Anslo Garrick","power; betrayal; survival","monologue","5"
"Please. Anesthesia blocks the impulses to the brain so one doesn't feel the sensation of pain. The drug that the kind doctor is giving you does the opposite. It enhances the impulses received by the brain. When he's finished, the feeling of a breeze wafting against your skin will be enough to make you beg me to kill you.","1","10","Anslo Garrick (2)","Reddington explains the effects of the drug being administered to Garrick as revenge.","Transcript S01E10","ClaudeMiner","Anslo Garrick","revenge; survival; power","threat","4"
"I don't understand, Ray. None of this had to happen. I thought we had an arrangement. We do. Eh, I don't know. The people I represent, they're they're nervous. We don't know what to think. We could've killed you. I don't mean today. I mean any day. I mean every day for the past two decades. But we don't. We know what you have, Ray. And we know what'll happen to it if you turn up dead. So we do nothing. We let you live. And in exchange, we trust that our secret remains secret. Nothing has changed. Oh, no. I'd say everything's changed. Everything changed the minute you surrendered to the FBI. Did you think we wouldn't know? Maybe you wanted to change our arrangement. Maybe you thought you could turn yourself in and find some new friends to protect you. Maybe you plan to expose us. No. What have you told, Ray? Nothing. Then what the hell are you doing here? My reasons have nothing to do with you. Well, I hope so. I really do. Because I've always liked you, Ray. You're a pain in my neck, but I like you. Just know this: You were walking in the park this morning. We could've taken you then. Instead, we dragged you from the safety and security of the bed you're now sharing with new friends. Why would we do a thing like that? To make it abundantly clear: There's nowhere you can go. There's no one you can trust to keep you from us.","1","10","Anslo Garrick (2)","Reddington confronts a shadowy associate who has abducted him, warning him of the consequences of his surrender.","Transcript S01E10","ClaudeMiner","unknown (referred to as 'Ray', likely a mysterious figure)","betrayal; power; trust; survival","monologue","5"
"You're greedy, Anslo. You went behind my back, made deals you knew I wouldn't approve. What did you expect? I suppose I expected something better than a bullet in the face, Red.","1","10","Anslo Garrick (2)","Reddington confronts Garrick about his betrayal and greed.","Transcript S01E10","ClaudeMiner","Anslo Garrick","betrayal; revenge; morality","threat","4"
"Lizzy... I want you to know, wherever I am, whatever I'm doing, if you are in need, I will be there.","1","10","Anslo Garrick (2)","Reddington calls Lizzy after his escape, assuring her of his loyalty.","Transcript S01E10","ClaudeMiner","Elizabeth Keen","loyalty; family; trust","emotional","4"
"Sometimes you just have to take what you can in this crazy world. Guess who taught me that, Red. You did. What? No smart quips? No? You're not actually feeling something, are you, Red? Regret.","1","10","Anslo Garrick (2)","Garrick mocks Reddington for showing regret when he threatens to hurt Lizzy.","Transcript S01E10","ClaudeMiner","Anslo Garrick","regret; morality; survival","emotional","4"
"I once saw him kill a Somali with a wire hanger. Simpler days, Anslo. Simpler days.","1","10","Anslo Garrick (2)","Reddington reminisces while being held captive by his old associate Garrick.","Transcript S01E10","ClaudeMiner","Anslo Garrick","crime; humor; survival","humor","4"
"You're obviously far too clever to have accepted payment that was so easily traceable.","1","11","The Good Samaritan Killer","Reddington reveals he knew Aram was framed as the mole, complimenting his intelligence.","Transcript S01E11","ClaudeMiner","Aram","wisdom; trust","wisdom","3"
"Give me a name, Henry, or I'm gonna drag you out, throw you in the trunk, fly you to Papua New Guinea, and have your head stuck on a pole.","1","11","The Good Samaritan Killer","Reddington threatens the banker to reveal the name of the mole.","Transcript S01E11","ClaudeMiner","Henry","threat; power","threat","4"
"I found it inconceivable that a person could hurt someone who they claim to love — and not just hurt, but torture repeatedly. But then, one day, I realized she wasn't experiencing pain. It was the opposite. She was actually experiencing pleasure.","1","11","The Good Samaritan Killer","Reddington confronts the abusive husband, reflecting on his own abusive mother's twisted psychology.","Transcript S01E11","ClaudeMiner","George Wilkinson","wisdom; truth; family","monologue","5"
"I'll take a rain check on the Stroganoff. It smells delicious.","1","11","The Good Samaritan Killer","Reddington exits the banker Henry's home after shooting him in the foot, calmly complimenting the dinner.","Transcript S01E11","ClaudeMiner","Janice","humor","humor","4"
"If you really want to hurt someone, you need to tailor your attack specifically to that person. Perhaps the killer's methods, the injuries he inflicts tell you less about him and more about his victims.","1","11","The Good Samaritan Killer","Reddington advises Lizzie on the Good Samaritan case, suggesting the injuries reveal more about the victims than the killer.","Transcript S01E11","ClaudeMiner","Elizabeth Keen","wisdom; crime; truth","wisdom","4"
"The first time I ever smoked a cigar was with Marnie Petersen in fifth grade. Funny, little, bat-faced girl. I adored her.","1","11","The Good Samaritan Killer","Reddington reminisces about a childhood memory while torturing Fyodor for information about the banker.","Transcript S01E11","ClaudeMiner","Fyodor","humor; wisdom","humor","3"
"If you ever touch her again, if you so much as look at her sideways, I will find you. And I will do to you myself what I probably should have let Karl Hoffman do to you in that garage.","1","11","The Good Samaritan Killer","Reddington threatens the abusive husband after the case is resolved, warning him not to harm his wife again.","Transcript S01E11","ClaudeMiner","George Wilkinson","threat; justice; morality","threat","4"
"I believe that the only way that an abuser can truly understand the experience of the victim is to have that experience themselves.","1","11","The Good Samaritan Killer","Reddington explains his vigilante justice philosophy to the abusive husband he is torturing.","Transcript S01E11","ClaudeMiner","George Wilkinson","justice; revenge; morality","parable","5"
"Despite the headlines, they're still the best at keeping an eye on their fellow man.","1","12","The Alchemist","Commenting on German surveillance software while observing the document reconstruction effort.","Transcript S01E12","ClaudeMiner","Lizzie (Elizabeth Keen)","wisdom; humor","one-liner","3"
"I hate sarcasm, and I love puzzles.","1","12","The Alchemist","Reacting to Borakove's sarcastic comment about reassembling shredded documents—a classic Reddington line.","Transcript S01E12","ClaudeMiner","Borakove","humor; wisdom","one-liner","4"
"Lizzy, this man is a forensic virtuoso. He's an artist who paints in blood and saliva samples. Human tissue is his canvas. I'm not ashamed to say he's even better than me at helping people disappear, which is why Madrczyk hired him and not myself.","1","12","The Alchemist","Explaining the Alchemist's unique skill at genetic manipulation and identity theft.","Transcript S01E12","ClaudeMiner","Lizzie (Elizabeth Keen)","crime; wisdom; identity","monologue","4"
"It's a trade in death. The guilty give their blood and genetic identity. The innocent give their life for the guilty to live. If you find the Alchemist, you have a chance to resurrect the dead, to bring to justice some of the most vile creatures who ever lived.","1","12","The Alchemist","Describing the Alchemist's modus operandi and the moral stakes of the case.","Transcript S01E12","ClaudeMiner","Lizzie (Elizabeth Keen)","death; justice; morality","monologue","5"
"You can't shoot me. Why not? You're not one of the good guys. And, as of today, you're utterly worthless to the bad guys.","1","13","The Cyprus Agency","Dismissing Diane Fowler's threat, pointing out her lack of value to either side.","Transcript S01E13","ClaudeMiner","Diane Fowler","power; betrayal; survival","threat","5"
"Last time I played around with that, I ended up naked in the desert trying to hitch a ride to Tuba City. Those Navajo tacos-- Oh! Heaven!","1","13","The Cyprus Agency","Declining a hit of mescaline by telling a self-deprecating anecdote.","Transcript S01E13","ClaudeMiner","Russell (narcotics dealer)","humor","humor","4"
"Did you know the earliest-known cul-de-sac is over 2,000 years old, unearthed in El-Lahun, Egypt? Aristotle himself was a big fan-- said they made it difficult for the enemy to find their way while attacking. Now, be polite. You're about to meet one of the nicest narcotics dealers this side of Cleveland.","1","13","The Cyprus Agency","Teaching Lizzie an obscure fact before introducing her to a drug dealer who can help trace a sedative.","Transcript S01E13","ClaudeMiner","Lizzie","wisdom; humor","parable","4"
"I know the truth, Red about that night about what happened to your family. Do you want to know the truth? More than anything in the world. But if you know the truth, Diane, then somebody else does, too.","1","13","The Cyprus Agency","Reacting to Fowler's claim she knows the truth about his family's murder, implying her knowledge means she's a loose end.","Transcript S01E13","ClaudeMiner","Diane Fowler","truth; revenge; death; family","emotional","4"
"Fitch and I have an agreement. He goes about his business. I go about mine. You and I don't have an agreement.","1","13","The Cyprus Agency","Clarifying the difference between his relationship with Fitch and his relationship with Fowler.","Transcript S01E13","ClaudeMiner","Diane Fowler","power; betrayal","threat","4"
"If you think Fitch or any of his people are going to let you get away with this, you're more arrogant than I thought.","1","13","The Cyprus Agency","Responding to Fowler's threat after she reveals she signed the security directive.","Transcript S01E13","ClaudeMiner","Diane Fowler","power; betrayal; survival","threat","3"
"There's nothing more profound and of lasting consequence than the decision to have a child. The exploitation and perversion of that decision is the stock and trade of a truly evil organization-- the Cyprus Adoption Agency.","1","13","The Cyprus Agency","Explaining why the Cyprus Agency is evil after Lizzie questions the coincidence of them adopting a baby.","Transcript S01E13","ClaudeMiner","Lizzie","family; justice; crime","monologue","4"
"You talk too much.","1","13","The Cyprus Agency","","https://thehabitstacker.com/raymond-reddington-quotes/","HabitStacker",,,,
"You're so linear.","1","13","The Cyprus Agency","Correcting Lizzie's assumption that all missing children are reported to police, demonstrating a flaw in her FBI training.","Transcript S01E13","ClaudeMiner","Lizzie","wisdom; truth","one-liner","4"
"You're arriving at a point of no return, Lizzy. If you have any doubts about your husband, you can't go through with this adoption. When you get there, if there is even one shred of doubt--","1","13","The Cyprus Agency","Warning Lizzie about her doubts regarding Tom and the adoption.","Transcript S01E13","ClaudeMiner","Lizzie","trust; family; truth","wisdom","4"
"Lizzy, not every missing child is on the back of a milk carton. People who won't or can't go to the police. Criminals. Run the DNA again. This time, don't look for an exact match. Look at the relatives. You want to find where those kids came from, that's how.","1","13","The Cyprus Agency","Advising Lizzie on how to identify the true origins of the Cyprus Agency's children.","Transcript S01E13","ClaudeMiner","Lizzie","wisdom; truth; justice","monologue","3"
"I was just starting to feel the endorphins vibrating in my spleen.","1","14","Madeline Pratt","Reddington comments on being interrupted while admiring a painting.","Transcript S01E14","ClaudeMiner","unknown","humor; wisdom","one-liner","3"
"She's breathtakingly unattractive, but she's worth over $40 million-- the only Vermeer in private hands. That's considered a masterpiece? Last night, I got up for a scoop of orange sherbet, and she caught my eye. I just stood here in the dark squinting at her. Poor thing ruined my appetite. Even after I went back to bed, all I could hear was the hideous music she must be playing. Didn't sleep a wink.","1","14","Madeline Pratt","Reddington critiques a painting in a home he's squatting in.","Transcript S01E14","ClaudeMiner","Lizzie","humor; wisdom","monologue","4"
"Last night, I got up for a scoop of orange sherbet and she caught my eye. I just stood here in the dark squinting at her. Poor thing ruined my appetite. Even after I went back to bed, all I could hear was the hideous music she must be playing. Didn’t sleep a wink.","1","14","Madeline Pratt","","Manual Input","ManualIngest",,,,
"See, this is what I love about the two of you. Headstrong, yet vulnerable. Confident, but cautious. I think you're gonna get along great.","1","14","Madeline Pratt","Reddington introduces Lizzie and Madeline, praising their similar traits.","Transcript S01E14","ClaudeMiner","Lizzie and Madeline","trust; wisdom","wisdom","3"
"We should have gone to Tegucigalpa.","1","14","Madeline Pratt","Reddington says this to Madeline after their heist and betrayal.","Transcript S01E14","ClaudeMiner","Madeline","regret; love; freedom","emotional","4"
"I ran out of gas. Huh? I was so excited to get home, I didn't even bother to look. My head was just... I ran out of gas. What are you talking about? It was Christmas Eve. I pulled off to the side of the road. Seemed like it'd been snowing for days. No traffic. No cars to come help. Just me and a car full of gifts. It was more than 20 years ago. I must have walked four miles... five, maybe. It was so still. Just cold and white. The whole time, all I could think about was them in our house. The warm light in the windows, the smoke from the chimney. The sound of my daughter at the piano. The smell of the tree and the fire, oyster stew on the stove. I was so upset to think that I'd ruined Christmas for them, being late, leaving the gifts in the car. But the closer I got, the more I realized how funny the whole thing was, how much they'd love the story, daddy running out of gas, how every Christmas they'd get such joy from telling that story at my expense. And then, finally I got there. I walked... I walked through the door. And there was just blood. All I saw was blood. All there was was blood. I can... I can still s-smell the nape of her neck... feel her little fingers on my cheek... her whisper in my ear. That's why I didn't show up in Florence. It's why I haven't shown up in a lot of places over the years.","1","14","Madeline Pratt","Reddington finally explains why he stood Madeline up in Florence, revealing a tragic personal story about his family's murder.","Transcript S01E14","ClaudeMiner","Lizzie","family; death; love; regret; truth","emotional","5"
"Your country has become a nation of eavesdroppers-- frequency domains, triangulation, satellites, crypto-whatever. You've forgotten that what matters most is human intelligence-- alliances, relationships, seduction.","1","14","Madeline Pratt","Reddington lectures about the importance of human intelligence over technology.","Transcript S01E14","ClaudeMiner","Lizzie","wisdom; power; trust","wisdom","4"
"Relax, Harold. I have no use for rusty Russian firecrackers left over from the '60s.","1","14","Madeline Pratt","Reddington dismisses Cooper's concern about nuclear weapons.","Transcript S01E14","ClaudeMiner","Cooper","humor; power","one-liner","3"
"You want my help. Not now. Later. But when I do, I hope you'll remember what happened today.","1","15","The Judge","After saving Cooper from The Judge, Red implies he'll call in a favor in the future.","Transcript S01E15","ClaudeMiner","Harold Cooper","trust; loyalty; manipulation","threat","4"
"I think we've had enough judgment for today.","1","15","The Judge","After resolving The Judge situation, Red tells Lizzie to let go of reporting Cooper's misconduct.","Transcript S01E15","ClaudeMiner","Lizzie","judgment; forgiveness; wisdom","wisdom","4"
"The heart goes where it wants to go.","1","15","The Judge","At parent-teacher conference, defending the book ""Lolita"" and justifying a teacher's affair.","Transcript S01E15","ClaudeMiner","Lizzie","love; wisdom; humanity","wisdom","4"
"In the final moment, the only irrefutable fact is you better be right. And I'm betting you're not so sure.","1","15","The Judge","Red confronts The Judge about executing Harold Cooper, challenging her certainty over Rifkin's guilt.","Transcript S01E15","ClaudeMiner","Ruth Kipling (The Judge)","justice; truth; morality; doubt","threat","5"
"Thus do I commend the end into the arms of our Lord Jesus Christ, the preserver of all mercy and reality, and the Father...","1","15","The Judge","Reddington begins reciting a rite or prayer as he approaches The Judge's bunker, likely a misdirection or ironic gesture.","Transcript S01E15","ClaudeMiner","unknown","death; justice; ritual","monologue","3"
"A war is coming. I believe the incursion of this facility and the rather sudden disappearance of Diane Fowler were just the beginning, and I'm certain that things will get considerably worse before they get better.","1","15","The Judge","Red warns Cooper about an impending larger conflict involving the conspiracy, foreshadowing future events.","Transcript S01E15","ClaudeMiner","Harold Cooper","war; survival; legacy; trust","monologue","4"
"Once you cross over, there are things in the darkness that can keep your heart from ever feeling the light again.","1","16","Mako Tanida","Reddington warns Ressler about the irreversible cost of crossing moral lines in pursuit of revenge.","Transcript S01E16","ClaudeMiner","Donald Ressler","darkness; morality; revenge","threat","5"
"All I feel is hate. Good. You're gonna need it.","1","16","Mako Tanida","Ressler admits his all-consuming hatred, and Reddington endorses it as a tool for the hunt.","Transcript S01E16","ClaudeMiner","Donald Ressler","revenge; hate; survival","one-liner","4"
"Every day it will be the first thing you think about when you wake up, until one day, it’ll be the second thing","1","16","Mako Tanida","","Manual Input","ManualIngest",,,,
"Searching in the desert for a drop of vengeance to slake an unquenchable thirst is a lonely walk, my friend.","1","16","Mako Tanida","Reddington warns Ressler about the futility and isolation of pursuing vengeance against Mako Tanida.","Transcript S01E16","ClaudeMiner","Donald Ressler","revenge; loneliness; wisdom","wisdom","5"
"Beneath the iron-and-rust exterior beats the heart of a man swimming in immeasurable grief. I am truly sorry about Audrey. There are few that understand love and loss more than I.","1","16","Mako Tanida","Reddington expresses sympathy for Ressler's loss after Audrey's death.","Transcript S01E16","ClaudeMiner","Donald Ressler","grief; loss; empathy","emotional","4"
"Go home. Turn back from this and go home. It may seem like the hardest thing in the world, but it is profoundly easier than what you're contemplating.","1","16","Mako Tanida","Reddington advises Ressler to abandon his path of revenge, drawing on similar advice he once received.","Transcript S01E16","ClaudeMiner","Donald Ressler","revenge; wisdom; survival","wisdom","5"
"There is nothing that can take the pain away. But eventually, you will find a way to live with it.","1","16","Mako Tanida","","https://everydaypower.com/raymond-reddington-quotes/","EverydayPower",,,,
"There is nothing that can take the pain away. But eventually, you will find a way to live with it. There will be nightmares, and every day, when you wake up, it will be the first thing you think about. Until one day, it will be the second thing.","1","16","Mako Tanida","","https://multiple-sources","WebResearch",,,,
"I provided a bit of direction in an otherwise blind pursuit.","1","16","Mako Tanida","Reddington explains his role in guiding Ressler to Tanida, deflecting blame.","Transcript S01E16","ClaudeMiner","Elizabeth Keen","manipulation; justice","one-liner","3"
"Nobody can murder someone in cold blood and come out okay on the other end.","1","16","Mako Tanida","Reddington states the psychological cost of killing, in response to Keen's concern about Ressler.","Transcript S01E16","ClaudeMiner","Elizabeth Keen","death; morality; psychology","wisdom","4"
"Once you cross over, there are things in the darkness that can keep your heart from feeling the light again.","1","16","Mako Tanida","","https://everydaypower.com/raymond-reddington-quotes/","EverydayPower",,,,
"My greatest enemy brought her back to me, and my best friend took her away!","1","16","Mako Tanida","Red highlights the irony that his enemy (Reddington) brought Audrey back into Ressler's life, but his friend (Jonica) caused her death.","Transcript S01E16","ClaudeMiner","Ressler (via story)","betrayal; loss; irony","emotional","5"
"You never really know people, do you?","1","17","Ivan","Reddington reflects on deception after Lizzie reveals Jolene Parker's criminal past.","Transcript S01E17","ClaudeMiner","Lizzie","betrayal; truth; identity","wisdom","5"
"What does it say about me that my entire life fits into six cardboard boxes?","1","17","Ivan","Reddington makes a darkly humorous comment about his transient lifestyle.","Transcript S01E17","ClaudeMiner","Lizzie","identity; humor","humor","3"
"You FBI are such blunt instruments. Lizzy, you don't just swoop in and arrest a man like Ivan, because you know what he'll tell you once he's in custody? Nothing.","1","17","Ivan","Reddington criticizes the FBI's straightforward approach and explains why arresting Ivan outright is futile.","Transcript S01E17","ClaudeMiner","Lizzie","wisdom; crime; power","wisdom","4"
"I have never lied to you.","1","17","Ivan","Reddington insists on his honesty in a tense confrontation with Lizzie about his secrets.","Transcript S01E17","ClaudeMiner","Lizzie","truth; trust; identity","emotional","4"
"If you want to know what Ivan is up to, you have to get him to share that. Not because he has to, because he wants to.","1","17","Ivan","Reddington advises on the art of psychological manipulation to extract information.","Transcript S01E17","ClaudeMiner","Lizzie","wisdom; trust; power","wisdom","4"
"God, I miss Bob Ross. That television painter with the little squirrel on his shoulder and the happy little trees. Few strokes with a palette knife and an entire mountain range would emerge through the clouds-- absolutely mesmerizing.","1","18","Milton Bobbit","Reddington reminisces about Bob Ross while stalling after a failed interrogation.","Transcript S01E18","ClaudeMiner","Dembe","wisdom; humor","monologue","5"
"Unlike someone who shall remain nameless, we waited for you.","1","18","Milton Bobbit","Reddington greets the FBI team arriving late to a meeting, implying punctuality.","Transcript S01E18","ClaudeMiner","Lizzie and Ressler","humor; trust","humor","3"
"Well, let's go back to the hotel. I think I saw some yogurt pretzels in your mini bar.","1","18","Milton Bobbit","After Bob Ross reverie, Reddington decides to leave the crime scene casually.","Transcript S01E18","ClaudeMiner","Dembe","humor","one-liner","4"
"Right now, the only thing that matters is the immediate threat-- your husband-- finding out who he is and who he works for. The rest will come. I promise you.","1","18","Milton Bobbit","Reddington refocuses Lizzie from the past to the present danger.","Transcript S01E18","ClaudeMiner","Elizabeth Keen","truth; trust; survival","wisdom","4"
"Find what you were looking for? Good night, Harold.","1","18","Milton Bobbit","Reddington reveals he used the Bobbit case to get Bobbit's client list, then leaves Cooper.","Transcript S01E18","ClaudeMiner","Harold Cooper","power; truth; manipulation","one-liner","4"
"A man just jumped through the window. There's a body on the sidewalk. Yes. And your husband, the police, and all the king's men will be here soon. If you care to stick around and explain, feel free. But I, for one, will not be in attendance. Dembe, I'll get her downstairs. After you're finished, grab the pretzels.","1","18","Milton Bobbit","After Ian Wright jumps to his death, Reddington coolly decides to exit before authorities arrive.","Transcript S01E18","ClaudeMiner","Lizzie","survival; humor; wisdom","monologue","5"
"Lizzy, I'm not sure if I can shed any-- No! We're not doing that. Not today. You have been threatening to tell me the truth about my husband since the day we met, and I'm ready to listen.","1","18","Milton Bobbit","Lizzie demands the truth about Tom; Reddington tries to deflect but she insists.","Transcript S01E18","ClaudeMiner","Elizabeth Keen","truth; betrayal; family","emotional","4"
"What they're gonna do? Kill you?","1","18","Milton Bobbit","Reddington offers a cigarette to a terminally ill man, mocking his fear of hospital rules.","Transcript S01E18","ClaudeMiner","Danny Moss","humor; death","humor","4"
"Terrifying. You know, this artist got his start with puppets. What is it about puppets? It's the same with clowns. I'll never forget a puppet show I saw when I was 5, maybe 6. 'Hansel and Gretel.' Scared me to death. But it wasn't the witch. It was the oven. Imagine an oven puppet. I don't think I set foot in our kitchen for a month.","1","18","Milton Bobbit","Reddington makes small talk about art and puppets while waiting for Maly to talk.","Transcript S01E18","ClaudeMiner","Christopher Maly","wisdom; humor; fear","parable","5"
"Be patient. With Craig, things have been set in motion. How Tom reacts will tell us a great deal. You need to stay the course.","1","18","Milton Bobbit","Lizzie feels sick about Tom; Reddington advises patience and trust in his plan.","Transcript S01E18","ClaudeMiner","Elizabeth Keen","trust; patience; truth","wisdom","4"
"Dembe, get the hacksaw. We're gonna have to take him out of here in pieces. I'm just kidding.","1","18","Milton Bobbit","Reddington jokes about dismembering Tom's brother to intimidate him into talking.","Transcript S01E18","ClaudeMiner","Christopher Maly (Craig Keen)","humor; power","humor","4"
"Archimedes' formula. It's a naked man, who shouted 'Eureka.' Why he wrote the formula? Maybe it's a code. Archimedes' law says calculation of the pieces. Displacement. Ships do it. He says how to take him to the ground.","1","19","The Pavlovich Brothers","Red deduces a hidden message from Dr. Li involving Archimedes and a code to find his location.","Transcript S01E19","ClaudeMiner","Elizabeth Keen","wisdom; crime","monologue","3"
"He knows something is wrong here. I can feel it. He is alert. He killed Jolenen. Yes. Did you know that? Why did not you tell me?","1","19","The Pavlovich Brothers","Red reveals that Tom killed Jolene Parker, forcing Liz to face the truth.","Transcript S01E19","ClaudeMiner","Elizabeth Keen","betrayal; truth; death","emotional","4"
"Here's an example of honesty. Baking the pancakes to me. I hate them.","1","19","The Pavlovich Brothers","Red interrogates Cisco, ironically defining honesty while breaking his thumb.","Transcript S01E19","ClaudeMiner","Rolf Cisco","humor; power; truth","one-liner","3"
"You deserve the best. It sounds strange man's mouth which is brought to you by the worst. That's why Tom toiled in order to be kind to you. Kind and thoughtful. To make you laugh and to love him. It 's what you deserve. It you still get.","1","19","The Pavlovich Brothers","Red comforts Liz after her marriage falls apart, acknowledging the paradox of his own role in her life.","Transcript S01E19","ClaudeMiner","Elizabeth Keen","love; truth; sacrifice; morality","emotional","5"
"I do not enjoy. No sentence or revenge does not align accounts.","1","19","The Pavlovich Brothers","Liz accuses him of enjoying her suffering; Red denies it, explaining revenge doesn't settle debts.","Transcript S01E19","ClaudeMiner","Elizabeth Keen","revenge; justice; regret","wisdom","4"
"You have the opinion of a practice in and I have mine. I'll take care of him. It does not provide answers, not pleasure. It remains to be seen.","1","19","The Pavlovich Brothers","Liz wants to confront Tom violently; Red warns against impulsive revenge.","Transcript S01E19","ClaudeMiner","Elizabeth Keen","revenge; justice; wisdom","wisdom","3"
"Do not counsel patience. I am looking for him and bought the answers. With your support, or without.","1","19","The Pavlovich Brothers","Liz is distraught after discovering Tom's betrayal; Red tells her not to wait patiently for answers.","Transcript S01E19","ClaudeMiner","Elizabeth Keen","betrayal; truth; justice","wisdom","4"
"You think you've come here simply to say that you can't help me, but all you've done is ensure that when this is all over, I won't be able to help you. When the day inevitably comes that I settle up with your little Alliance, it will be you, Alan, alone in the dark.","1","20","The Kingmaker","Red delivering a chilling prophecy to Fitch after the Cabal refuses to assist him.","Transcript S01E20","ClaudeMiner","Alan Fitch","revenge; betrayal; power","threat","5"
"I'm not here to threaten you. I'm here to see if we can work together.","1","20","The Kingmaker","Red after delivering a veiled threat, offering a cooperative tone.","Transcript S01E20","ClaudeMiner","Alan Fitch","power; trust","one-liner","3"
"I will win this war. This enemy of mine will lose. Even with you and your shortsighted brethren watching safely from a distant hill. Why? Because as bad as you may think I am, as far as you think I'm willing to go to protect that which I hold most dear, you can't possibly fathom how deep that well of mine truly goes.","1","20","The Kingmaker","Red vowing victory over his enemy and warning Fitch of the consequences of not helping.","Transcript S01E20","ClaudeMiner","Alan Fitch","power; revenge; survival; loyalty","monologue","5"
"As bad as you think I am, as far as you think I'm willing to go to protect that which I hold dear, you can't possibly fathom how deep that well of mine truly goes.","1","20","The Kingmaker","","https://multiple-sources","WebResearch",,,,
"As bad as you think I am, as far as you think I’m willing to go to protect that which I hold dear...","1","20","The Kingmaker","","https://everydaypower.com/raymond-reddington-quotes/","EverydayPower",,,,
"I knew your father, and he knew me.","1","20","The Kingmaker","Red admitting he knew Sam, Lizzie's father, after she confronts him.","Transcript S01E20","ClaudeMiner","Elizabeth Keen","truth; identity; family","one-liner","4"
"I went to see Sam before he died. I said goodbye.","1","20","The Kingmaker","Red explaining his presence at the hospital.","Transcript S01E20","ClaudeMiner","Elizabeth Keen","death; family; regret","emotional","4"
"He was dying. Every part of his body was failing. He was impatient for it to end. He'd asked to be disconnected from all the machines. He was in pain and suffering. And he wasn't thinking clearly. If he were, he would never have chosen to tell you any of it.","1","20","The Kingmaker","Red justifying why he was with Sam before he died.","Transcript S01E20","ClaudeMiner","Elizabeth Keen","death; family; regret; morality","emotional","5"
"The life you've requested is a bold one, Patrick — full of bold choices, like this one. It would be a shame to learn, after all this time, that you never really had it in you.","1","20","The Kingmaker","Red taunting Chandler on the bridge about his commitment to their plan.","Transcript S01E20","ClaudeMiner","Patrick Chandler","ambition; trust; legacy","threat","4"
"We said goodbye and I put him out of his misery.","1","20","The Kingmaker","Red confessing he killed Sam to end his suffering.","Transcript S01E20","ClaudeMiner","Elizabeth Keen","death; morality; sacrifice","emotional","5"
"I don't have any friends.","1","20","The Kingmaker","Red deflecting Niko's warning about allies whispering behind his back.","Transcript S01E20","ClaudeMiner","Niko","trust; power; betrayal","one-liner","4"
"I'm under attack and have been for some time — my interests, my allies. Someone has targeted my key infrastructure, and the truth is, I'm bleeding.","1","20","The Kingmaker","Red explaining the severity of his situation to Fitch.","Transcript S01E20","ClaudeMiner","Alan Fitch","survival; power; betrayal","monologue","4"
"This enemy of mine, if he prevails and, in so doing, finds himself in possession of that information — he may very well choose not to be so discreet.","1","20","The Kingmaker","Red warning Fitch about what happens if his enemy gets the leverage Fitch fears.","Transcript S01E20","ClaudeMiner","Alan Fitch","power; betrayal; survival","threat","3"
"Like all objects, a vehicle in free fall will accelerate at a rate of 9.8 meters per second, squared. At 6,180 pounds, your car will generate an impact force of 557.2 kilonewtons — well below the NHTSA thresholds for a front-end collision.","1","20","The Kingmaker","Red calculating the physics of Chandler's staged car accident dangled over a bridge.","Transcript S01E20","ClaudeMiner","Patrick Chandler","wisdom; crime","monologue","3"
"What I've lost is the luxury of time, Alan. I don't have a week to wait around for your minions to pass my request up the food chain.","1","20","The Kingmaker","Red telling Fitch he needs an immediate answer about an alliance.","Transcript S01E20","ClaudeMiner","Alan Fitch","power; survival","one-liner","3"
"These 'friends' you mention, the ones whispering in the shadows — tell them from me: 'Shut the hell up.'","1","20","The Kingmaker","Red issuing a dismissive, threatening command to Niko regarding his whispering allies.","Transcript S01E20","ClaudeMiner","Niko","power; betrayal; loyalty","threat","3"
"Never underestimate the power of glitter.","1","20","The Kingmaker","","https://multiple-sources","WebResearch",,,,
"I was a lifeguard my junior year in high school. Had to give mouth-to-mouth to Mrs. Beerman. She belched up a lung full of corned beef and chlorine. I haven't been in a pool since.","1","20","The Kingmaker","","https://multiple-sources","WebResearch",,,,
"You Can't Possibly Fathom How Deep That Well Of Mine Truly Goes.","1","20","The Kingmaker","Bulk Ingest","Manual Input","ManualIngest",,,,
"None of that matters. ... The full force of the FBI is coming for you. ... Red, the FBI is coming for you. They're already here, Lizzy. What are they gonna do to me that hasn't been done before? Kill me? None of it is worse than losing you.","1","21","Berlin","Reddington responds to Lizzie's warning that the FBI is closing in, revealing his true fear.","Transcript S01E21","ClaudeMiner","Elizabeth Keen","sacrifice; family; love","emotional","5"
"I have infected you with the Cullen virus. It is the single deadliest pathogen in existence. Within a matter of hours, your temperature will spike, rashes will spread. You will experience blackouts, bleeding. And within 24 hours, you will be dead. Medical science has no known cure. But I do.","1","21","Berlin","Reddington's recording used to blackmail people, demonstrating his cold, calculating methods.","Transcript S01E21","ClaudeMiner","Mr. Klein","power; survival","threat","4"
"You've obviously changed your mind. ... Lizzy, you're obviously here now because you sense this meeting was a mistake. Is that true? ... This mistake—I'd like to hear more about it.","1","21","Berlin","Reddington confronts Lizzie after she arrives at his location, sensing her conflicted motives.","Transcript S01E21","ClaudeMiner","Elizabeth Keen","trust; betrayal; truth","wisdom","3"
"I'm not going to forgive you for killing my father. So, this is where it ends.","1","21","Berlin","Lizzie confronts Reddington about her father's death.","Transcript S01E21","ClaudeMiner","Elizabeth Keen","betrayal; family; revenge","emotional","4"
"I was once on the island of Ko Ri, free diving in the Andaman Sea. I fell terribly ill, stung by a lionfish. I was dehydrated and in excruciating pain. I had lost all sense of time and place, completely disoriented. But I knew I was dying. So I readied myself for it. And in that moment at death’ door, I looked up... And standing over me in the brightness was this landless Moken Sea Gypsy. Just standing there. Smiling. She and her tribe nursed me back to health. Good as new. When I left the island, she kissed me, it was like a burst of sunlight on my cheek. It was... It made nearly dying welling worth it. That’s how I feel now.","1","21","Berlin","","Manual Input","ManualIngest",,,,
"Please excuse the gun. I'd hate for them to think we were in cahoots.","1","21","Berlin","","https://multiple-sources","WebResearch",,,,
"What are they gonna do to me that hasn't been done before? Kill me? None of it is worse than losing you.","1","21","Berlin","","https://multiple-sources","WebResearch",,,,
"I met Dr. Sanders here through a mutual friend to discuss a very delicate and underfunded research project. As I recall, the science was awesome, but financially precarious. We did, however, spend a glorious weekend in God’s Country with two snow bunnies who were dead ringers for the Swiss Miss Girl.","1","21","Berlin","","Manual Input","ManualIngest",,,,
"I was once on the island of Ko Ri, free-diving in the Andaman Sea. I felt terribly ill—stung by a lionfish. I was dehydrated, in excruciating pain. I had lost all sense of time and place. I was completely disoriented. But I knew I was dying, so I readied myself for it. And in that moment, at death's door, I looked up, and standing over me in the brightness was this landless Moken sea gypsy just standing there, smiling. She and her tribe nursed me back to health, good as new. And when I left the island she kissed me. It was like a burst of sunlight on my cheek. It was... It made nearly dying well worth it. That's how I feel now.","1","21","Berlin","Reddington compares his current situation with Lizzie to a near-death experience that turned beautiful.","Transcript S01E21","ClaudeMiner","Elizabeth Keen","wisdom; sacrifice; morality","parable","5"
"You don't choose Berlin. He chooses you. And he is coming.","1","21","Berlin","Reddington interrogates a surveillance operative and warns him about Berlin.","Transcript S01E21","ClaudeMiner","Jesse","fate; power; survival","threat","5"
"Being shot in the hip, on the other hand—Jiminy Cricket. Thick bone, large artery—not to mention the fact that it makes walking upright forever impossible.","1","22","Berlin: Conclusion","Reddington continues his sardonic commentary on gunshot wounds.","Transcript S01E22","ClaudeMiner","Berlin (before identity reveal)","humor; survival","humor","4"
"Being shot in the hand is just an absolute bitch—all those little bones. At least it goes right through. Worst part, honestly, is needing somebody to help zip your fly.","1","22","Berlin: Conclusion","Reddington quips about being shot in the hand while Berlin tortures him.","Transcript S01E22","ClaudeMiner","Berlin (before identity reveal)","humor; survival","humor","5"
"I must say, I'm very good at finding people. I've tracked enemies far and wide. I once found a hedge-fund manager hiding in the Amazon with the Yawalapiti on the banks of the Kuluene River. You know what the key to finding your enemies is? Remembering everyone's name. It's critical to my survival.","1","22","Berlin: Conclusion","Reddington monologues about his tracking skills before Berlin shoots him.","Transcript S01E22","ClaudeMiner","Berlin (before identity reveal)","wisdom; survival; crime","parable","4"
"But you—I have no idea who in the Sam Hill you are. I have not a clue what I've done to you, what I've taken from you. And yet, of all the people I've hurt, none of them have come after me with half as much vim and vigor as you. I don't even recognize your face. I'm stymied.","1","22","Berlin: Conclusion","Reddington expresses confusion about Berlin's vendetta against him.","Transcript S01E22","ClaudeMiner","Berlin (before identity reveal)","revenge; identity; crime","monologue","4"
"Lizzy, look at me. I'm telling you, with no uncertainty, your father is dead. He died in that fire.","1","22","Berlin: Conclusion","Reddington lies to Lizzie about her father's death after Tom's dying words.","Transcript S01E22","ClaudeMiner","Lizzie","truth; family; deception","emotional","5"
"The day we met, you asked me why I surrendered to the FBI. There were many reasons. One of them was Berlin. That's why he's here—because the work we've done has forced him out of the shadows. He can't allow the task force to continue. Meera was a casualty in a war she didn't even know she was fighting. I'm afraid just by association, I've made you all potential targets.","1","22","Berlin: Conclusion","Reddington explains Berlin's motive and the danger the task force faces.","Transcript S01E22","ClaudeMiner","Lizzie","loyalty; survival; sacrifice","monologue","5"
"I'll be on a plane tonight.","1","22","Berlin: Conclusion","Reddington offers to leave if Lizzie chooses to run from the truth.","Transcript S01E22","ClaudeMiner","Lizzie","freedom; family; sacrifice","emotional","4"
"Lizzy, there's something I want you to understand about your father Sam. That night when he took you in—without hesitation—Sam made a difficult choice that changed the course of his life. And that's where you find yourself now. You can turn away and run from it. You can hide from it. And if you choose to do that, I'll fly away. Or you can face it and confront it—engage it. And maybe—maybe you prevail and rise above it.","1","22","Berlin: Conclusion","Reddington offers Lizzie a choice to confront or flee the dangers ahead.","Transcript S01E22","ClaudeMiner","Lizzie","family; truth; freedom","monologue","5"
"It's all just pieces of a much larger puzzle, and until all the pieces are laying in front of you, it won't go together. What I do know is this—Sam's involvement was as your father. And no one can pervert or distort that.","1","22","Berlin: Conclusion","Reddington reassures Lizzie about Sam's role after discovering Tom's book.","Transcript S01E22","ClaudeMiner","Lizzie","truth; family; wisdom","wisdom","4"
"Every time we have one of these little talks, I wonder if it'll be our last. But when I consider the odds, I usually figure you'll come out fine. This time I'm not so sure.","1","22","Berlin: Conclusion","Reddington warns Cooper that he and the task force are now targets after their meeting.","Transcript S01E22","ClaudeMiner","Cooper","survival; death; loyalty","threat","4"
"I'm in the intelligence business. That means knowing things.","1","22","Berlin: Conclusion","Reddington taunts Cooper about his inability to trace the crashed plane.","Transcript S01E22","ClaudeMiner","Cooper","power; wisdom; crime","wisdom","4"
"Let me tell you how it works in the USA, Dimitri. You tell me who put you on that plane, where you were being taken, and I will do my best to protect you from them. Or I find out on my own—which I will—and when I do, I will turn you over to whoever you're running from, let them decide what to do with you.","1","22","Berlin: Conclusion","Reddington interrogates a captured prisoner for information about the plane.","Transcript S01E22","ClaudeMiner","Dimitri (prisoner)","power; survival; morality","threat","3"
"I loved Sam, Lizzy. Taking his life was—of all the difficult things that I've done—that may—may be the most. But I did it to keep you from learning the name of your real father, to protect you.","1","22","Berlin: Conclusion","Reddington confesses to killing Sam to protect Lizzie from the truth about her father.","Transcript S01E22","ClaudeMiner","Lizzie","love; sacrifice; family","emotional","5"
"I'm not a monster. You really think I'd harm a dog? You, on the other hand...","1","22","Berlin: Conclusion","Reddington reassures the ambassador about the dog's safety while threatening him.","Transcript S01E22","ClaudeMiner","Russian Ambassador","humor; power","humor","5"
"You really should try the peaches. They're perfectly ripe—and freestone. Unlike a clingstone, the pit of a freestone separates more freely from the flesh, making it ideal for consumption.","1","22","Berlin: Conclusion","Reddington casually discusses peaches while threatening the ambassador.","Transcript S01E22","ClaudeMiner","Russian Ambassador","humor; power","humor","4"
"Life is far too important a thing ever to talk seriously about.","2","1","Lord Baltimore","","https://everydaypower.com/raymond-reddington-quotes/","EverydayPower",,,,
"You can be an atheist and believe in a higher power. For me, that power is shopping.","2","1","Lord Baltimore","Reddington shares a lighthearted personal philosophy about his beliefs.","Transcript S02E01","ClaudeMiner","Naomi Hyland","humor; wisdom","humor","4"
"I know everything about people who are tasked with finding me.","2","1","Lord Baltimore","Reddington reveals his knowledge of Rowan Mills' background to intimidate her.","Transcript S02E01","ClaudeMiner","Nora/Rowan Mills","power; survival","threat","3"
"I'm sorry. You're right. I'm out on the far end of the limb.","2","2","Monarch Douglas Bank","After Mr. Kaplan criticizes Reddington for being distracted by finding his wife, he apologizes and admits she's right.","Transcript S02E02","ClaudeMiner","Mr. Kaplan","regret; trust; wisdom","emotional","3"
"Lizzy, don't be absurd. I don't have any friends.","2","2","Monarch Douglas Bank","When Lizzie suggests Kaja might be protecting Reddington or his friends, Reddington dismisses the idea with a darkly humorous remark.","Transcript S02E02","ClaudeMiner","Lizzie","humor; trust; identity","one-liner","4"
"God can’t protect you, but I can.","2","2","Monarch Douglas Bank","","https://everydaypower.com/raymond-reddington-quotes/","EverydayPower",,,,
"Maybe someday, if you're very lucky, you might wonder, 'at exactly what point did I become this thing?' But not now. Right now, you're just doing your job.","2","2","Monarch Douglas Bank","Reddington tells Lizzie that her decision to freeze his escrow accounts, which will cause his wife's death, shows she is becoming morally compromised.","Transcript S02E02","ClaudeMiner","Lizzie","morality; identity; regret","wisdom","5"
"That's The Sound Of Your Checks Bouncing.","2","2","Monarch Douglas Bank","Bulk Ingest","Manual Input","ManualIngest",,,,
"Revenge isn’t a passion, it’s a disease that eats at your mind and poisons your soul.","2","2","Monarch Douglas Bank","","https://everydaypower.com/raymond-reddington-quotes/","EverydayPower",,,,
"Revenge Isn't A Passion; It's A Disease... Make sure your passion isn't your sickness.","2","2","Monarch Douglas Bank","Bulk Ingest","Manual Input","ManualIngest",,,,
"Is that how we speak to each other now? As if I'm some kind of cheap, dime-store confidence man?","2","2","Monarch Douglas Bank","Reddington is offended when Lizzie accuses him of manipulating her into helping him steal Berlin's money.","Transcript S02E02","ClaudeMiner","Lizzie","trust; betrayal; identity","emotional","3"
"I attended summer camp with this little stick of a girl Twila Stansberry. Hell of an athlete, capture the flag. Had an unrelenting passion for fitness. Never skinny enough — a pound here, a pound there. Ran like a deer. Until she couldn't — could barely walk. Turns out she was anorexic. The disease caused her to lose her sight. I've never known anyone more obsessed with their body than Twila. Spent her entire life chasing something that destroyed her. Make sure your passion isn't your sickness.","2","2","Monarch Douglas Bank","Reddington tells Berlin a parable to illustrate that his passion for revenge is destroying him, just as anorexia destroyed Twila Stansberry.","Transcript S02E02","ClaudeMiner","Berlin","revenge; wisdom; death","parable","5"
"I love trains. My grandfather rode the rails. Have you ever seen 'The General'? Buster Keaton?","2","2","Monarch Douglas Bank","After orchestrating a dramatic escape on a train, Reddington casually asks Lizzie about a silent film, showing his nonchalance.","Transcript S02E02","ClaudeMiner","Lizzie","humor; wisdom","one-liner","3"
"Listen. Hear that? That's the sound of your checks bouncing. From here to St. Petersburg, from Bangkok to Mozambique.","2","2","Monarch Douglas Bank","Reddington reveals he has frozen all of Berlin's assets at Monarch Douglas, making him effectively broke.","Transcript S02E02","ClaudeMiner","Berlin","power; revenge; survival","threat","4"
"If you bungle this, the people I'm working with, they expect me to set an example. To peel you like a grape.","2","2","Monarch Douglas Bank","Reddington delivers an elegant threat to the bank executive who is failing to resolve the robbery situation.","Transcript S02E02","ClaudeMiner","Matt Strickland","power; revenge; survival","threat","5"
"You have the power to destroy me, but you're offering me a way out because you're blinded by passion. Guess we both are.","2","2","Monarch Douglas Bank","Reddington acknowledges that both he and Berlin are driven by their passions, referencing his wife and Berlin's revenge.","Transcript S02E02","ClaudeMiner","Berlin","revenge; wisdom; identity","wisdom","4"
"You're wrong if you think you found Reddington. If he was found, it's because he wanted to be — and he wanted you to find him.","2","3","Dr. James Covington","Telling Samar that Reddington orchestrated his own capture, hinting he has a larger plan involving Elizabeth.","Transcript S02E03","ClaudeMiner","Samar Navabi","truth; identity; power","wisdom","5"
"For every child Covington saved, there were three killers like B.B. he kept alive to victimize people. It's a trade-off I'd make.","2","3","Dr. James Covington","Justifying the moral trade-off of stopping Covington despite him saving children, at the end of the episode.","Transcript S02E03","ClaudeMiner","Lizzie","morality; justice; sacrifice","wisdom","4"
"I know you boys engaged in a little tryst downtown this morning.","2","3","Dr. James Covington","Confronting his associates who had a secret meeting with Berlin's representative.","Transcript S02E03","ClaudeMiner","Laskin and Russo","betrayal; power; humor","threat","3"
"If he wanted you here, he has a reason. That's why I don't trust you. Because I don't know what the reason is and I'm guessing neither do you.","2","3","Dr. James Covington","Warning Samar that Reddington's inclusion of her in the task force has a hidden purpose.","Transcript S02E03","ClaudeMiner","Samar Navabi","trust; identity; betrayal","wisdom","4"
"Slushie? ... Oh, my gosh. You have no idea what you're missing. Try a grapefruit gusher. It's just like you today, a little sour.","2","3","Dr. James Covington","Light-hearted moment offering Lizzie a slushie while discussing a murder case.","Transcript S02E03","ClaudeMiner","Lizzie","humor; wisdom","humor","3"
"His operation, if you'll indulge the term, is one-stop shopping for anyone who needs a life-saving organ transplant but who can't or doesn't want to go through conventional channels.","2","3","Dr. James Covington","Describing Dr. Covington's illegal organ transplant ring to Elizabeth Keen.","Transcript S02E03","ClaudeMiner","Lizzie","crime; humor; morality","one-liner","4"
"Where I come from, fear is the only deterrent. ... I'm from Delaware. No, I'm just saying. I'm actually half-Jewish. Well, a quarter, really. Half-Muslim too, so... Who's counting?","2","3","Dr. James Covington","Responding to Lizzie's observation about Covington's repossession killing being a message, followed by a self-deprecating joke about his own background.","Transcript S02E03","ClaudeMiner","Lizzie","humor; survival; morality","humor","3"
"I hope you don't mind. I took the liberty of adding a special surprise ingredient. Something to treat any localized dysfunction you may be suffering. ... It's a miracle drug. Not so much for a glutton with a bum heart, however. But look on the bright side, you'll die with a marvelous erection.","2","3","Dr. James Covington","Poisoning Babbitt's drink to force him to give up Covington's contact number.","Transcript S02E03","ClaudeMiner","Bernard Babbitt","humor; power; revenge","threat","5"
"I suppose it isn't any wonder you can justify cramming all this grease-drenched gristle into your face given that you've already paid to replace that rotted nub you call a heart.","2","3","Dr. James Covington","Taunting Babbitt about his unhealthy lifestyle and purchased heart while in a restaurant.","Transcript S02E03","ClaudeMiner","Bernard Babbitt","humor; morality; survival","humor","4"
"Know him? Oh, my gosh. I once shared a ride with the man on a twin-engine prop from Port-au-Prince to Baracoa. We had to counterweight the plane with three containers of Russian RPGs just to accommodate his girth.","2","3","Dr. James Covington","Recalling his past encounter with Bernard Babbitt, Covington's client.","Transcript S02E03","ClaudeMiner","Lizzie","humor; crime; adventure","parable","4"
"Does this feel like an emergency?","2","3","Dr. James Covington","After poisoning Babbitt, asking if he wants paramedics' help in exchange for Covington's info.","Transcript S02E03","ClaudeMiner","Bernard Babbitt","power; humor; survival","threat","4"
"Honestly, how many times have we discussed this? You know I don't like being around the bloody— ... Give him his seat. He's gonna faint.","2","3","Dr. James Covington","After Niko is shot, Reddington fusses at Dembe for the bloody scene, knowing he has a weak stomach.","Transcript S02E03","ClaudeMiner","Dembe","humor; friendship; survival","humor","3"
"Ugh. I buried the lede.","2","3","Dr. James Covington","After the long parable, he casually mentions he actually succeeded in the port deal, undercutting Niko's betrayal.","Transcript S02E03","ClaudeMiner","Niko Demakis","humor; power; wisdom","humor","4"
"You know, when I was 15 I had a summer job installing carpets for Albert Kodagolian on Lake Charlevoix. Horrible job. Hot, indoors, forced to listen to 'The Gambler' on 8-track while the rest of the world was at the beach. Three days into the job, I knew I had to quit. I asked my father for advice. All he wanted to know was whether I'd given my word to Mr. Kodagolian that I'd work the summer. I told him I had. My father suggested I stick it out. I'd given my word. Worst eight weeks of my life. Until the last day. Mr. Kodagolian shows up at the job site, pulls me aside, and tells me that in 27 years, no kid has ever made it through the summer — gives me a bonus, $40. The most valuable money I've ever made. A priceless lesson about life. Value loyalty above all else.","2","3","Dr. James Covington","Telling a parable about loyalty to Niko, after revealing Niko's betrayal and taking control of the situation.","Transcript S02E03","ClaudeMiner","Niko Demakis","loyalty; wisdom; legacy","parable","5"
"If I were you, Teddy, I'd be more concerned about the plans these gentlemen have for your immediate future.","2","3","Dr. James Covington","Warning Teddy that he is being set up by his associates who are planning to kill him.","Transcript S02E03","ClaudeMiner","Teddy","betrayal; survival; power","threat","4"
"The man who killed Paul Wyatt wasn't trying to make a point. He was trying to make a sale.","2","3","Dr. James Covington","Explaining that Paul Wyatt's murder was an organ repossession by Dr. Covington's ring, not a revenge killing.","Transcript S02E03","ClaudeMiner","Lizzie","crime; morality; wisdom","one-liner","4"
"Value loyalty above all else.","2","3","Dr. James Covington","","https://everydaypower.com/raymond-reddington-quotes/","EverydayPower",,,,
"Strap on your tinfoil hat, Lizzy.","2","4","Dr. Linus Creel","Reddington sarcastically introduces his conspiracy theory about mind-control experiments.","Transcript S02E04","ClaudeMiner","Lizzie","humor; truth","one-liner","4"
"This may be hard to understand, Frank, but after all these years, your wife has become more like an estranged sister to me. We can't really bear each other's company. But I've become somewhat concerned about her general well-being and sense of security.","2","4","Dr. Linus Creel","Reddington explains his complicated relationship with Naomi Hyland while warning Frank about her safety.","Transcript S02E04","ClaudeMiner","Frank","family; trust; loyalty","speech","4"
"In what little time I devote to the judgment your government has made about my character and how I treat my fellow man, I can't help but think about how many of their own citizens they've treated like lab rats in the name of science.","2","4","Dr. Linus Creel","Reddington explains his theory about a government social-psychology experiment being behind recent random acts of violence.","Transcript S02E04","ClaudeMiner","Lizzie","power; crime; wisdom","monologue","4"
"You make her happy. That is the only reason you're still here.","2","4","Dr. Linus Creel","Reddington threateningly warns Frank, using a dog as leverage, but spares him because of Naomi's happiness.","Transcript S02E04","ClaudeMiner","Frank","loyalty; threat","threat","5"
"My associate saves your life, and instead of saying 'thank you,' you try to get him fired. If I knew better, I'd say you were hiding something.","2","4","Dr. Linus Creel","Reddington confronts Elizabeth after she discovers his sniper was following her, turning suspicion back on her.","Transcript S02E04","ClaudeMiner","Lizzie","trust; survival","one-liner","4"
"You two out here, playing grab ass in the woods just smacks of something biblical.","2","5","The Front","","Manual Input","ManualIngest",,,,
"Ironic, isn't it? If you were half as dedicated to your cause as Yevgeny was, there would be no vaccine, I wouldn't be here, and you and Pepper would be free to romp like bunnies until the convulsing and hemorrhaging started.","2","5","The Front","Red mocks Beck's lack of true commitment to his apocalyptic cause.","Transcript S02E05","ClaudeMiner","Maddox Beck","truth; sacrifice; survival","monologue","5"
"As a rule, I consider jealousy to be a base emotion, but in this case, It’s quite endearing.","2","5","The Front","","https://everydaypower.com/raymond-reddington-quotes/","EverydayPower",,,,
"Beck, on the other hand, views himself as a chosen one, a messianic figure who sees humanity as a virus that needs to be eradicated in order to save the planet.","2","5","The Front","Red describes Beck's fanatical worldview.","Transcript S02E05","ClaudeMiner","Lizzie","power; morality; justice","wisdom","4"
"Personally, I once admired Carrie Anne. However, since going underground, they've become too radical for my blood. Advocates for a level of destruction that I find chilling.","2","5","The Front","Red explains how The Front's founders have become dangerously extreme.","Transcript S02E05","ClaudeMiner","Lizzie","wisdom; morality; crime","wisdom","3"
"You and I both know you're not gonna die for your cause.","2","5","The Front","Red calls out Beck's hypocrisy for creating a cure while preaching sacrifice.","Transcript S02E05","ClaudeMiner","Maddox Beck","truth; betrayal; morality","threat","5"
"I'll be frank, Mr. Beck, because I'm in a bit of a hurry. I'm not here for you.","2","5","The Front","Red dismisses Beck and demands the cure.","Transcript S02E05","ClaudeMiner","Maddox Beck","crime; power; survival","one-liner","3"
"Heh-heh. The FBI is not in the business of handling your personal affairs. The FBI is in the business of my business. Why else would I be in business with the FBI?","2","5","The Front","Red responds to Cooper's objection about his personal motives.","Transcript S02E05","ClaudeMiner","Cooper","power; humor; crime","humor","4"
"The charming and yet tragic naiveté, as if these creatures will somehow flourish if Harlan and Jack can just manage to relocate a breeding female.","2","6","The Mombasa Cartel","Red watches a documentary about tigers with Lizzie and comments on the futility of conservation efforts.","Transcript S02E06","ClaudeMiner","Elizabeth Keen","wisdom; identity; survival","wisdom","4"
"I've been thinking about what to do with you. To tell you the truth, I haven't made a decision yet.","2","6","The Mombasa Cartel","After Dembe spares Geoff, Red contemplates Geoff's fate.","Transcript S02E06","ClaudeMiner","Geoff Perl","revenge; justice; power","threat","4"
"Someday the creatures on that program will be akin to unicorns and griffins — a fairy-tale bestiary written in past tense, and no one is lifting a finger to stop it. Why not, Lizzy? Why not us?","2","6","The Mombasa Cartel","Red passionately argues for taking action against wildlife trafficking.","Transcript S02E06","ClaudeMiner","Elizabeth Keen","justice; legacy; morality","monologue","5"
"The poor devils who do the killing are the smallest of cogs in a very large machine.","2","6","The Mombasa Cartel","Explaining the Mombasa Cartel's structure to Lizzie.","Transcript S02E06","ClaudeMiner","Elizabeth Keen","crime; power; wisdom","wisdom","3"
"You've plugged the hole, but the dam will fail. It's only a matter of time.","2","6","The Mombasa Cartel","Red warns Lizzie that hiding the truth about her arrest of a colleague is unsustainable.","Transcript S02E06","ClaudeMiner","Elizabeth Keen","trust; betrayal; survival","threat","4"
"Your strategy, no matter how noble the rhetoric, is betrayed and, inevitably, defined by your actions. This isn't about conservation — it's about consolidation. We are what we do, Ace.","2","6","The Mombasa Cartel","Red exposes Geoff's true motive behind his 'conservation' efforts.","Transcript S02E06","ClaudeMiner","Geoff Perl","identity; morality; truth","monologue","5"
"Geoff — that was breathtaking, an operatic perversion of righteous intent.","2","6","The Mombasa Cartel","Red confronts Geoff Perl about his hypocrisy in controlling the animal trade.","Transcript S02E06","ClaudeMiner","Geoff Perl","morality; power; betrayal","one-liner","5"
"You see that Geoff, that is what a good man does. That is what separates men like him from men like you... and me.","2","6","The Mombasa Cartel","","https://everydaypower.com/raymond-reddington-quotes/","EverydayPower",,,,
"That is what separates men like him from men like you...and me.","2","6","The Mombasa Cartel","Bulk Ingest","Manual Input","ManualIngest",,,,
"I'm sorry. Is this the daughter you're referring to? Because she's not my daughter. She's yours.","2","7","The Scimitar","Reddington reveals the shocking truth that Lizzie is Berlin's daughter, not his own, in a dramatic confrontation.","Transcript S02E07","ClaudeMiner","Berlin","identity; family; betrayal","emotional","5"
"I thought for a second we might lose you back there. Prospect of having to live without me must've been terrifying.","2","7","The Scimitar","Reddington quips to Lizzie after a dangerous situation, using dark humor to mask his concern.","Transcript S02E07","ClaudeMiner","Lizzie","humor; survival","humor","3"
"There's not much left I truly cherish in this world, but I swear on those few things I still hold dear, I did not kill your daughter.","2","7","The Scimitar","Reddington confronts Berlin directly, swearing on what little he values that he is innocent of killing Berlin's daughter.","Transcript S02E07","ClaudeMiner","Berlin","truth; trust; revenge","emotional","5"
"The only way to get me out of your life, Liz, is to let me go because if you kill me... If you go through with it, then we'll be linked forever. Even if you get away with it, even if nobody ever finds out, you'll always have to live with it.","2","7","The Scimitar","Reddington warns Lizzie that killing him would bind them together forever, arguing that letting him go is the only true separation.","Transcript S02E07","ClaudeMiner","Lizzie","death; legacy; morality; freedom","emotional","5"
"This is not your average killer, Agent Keen. He's one part hit man, two parts con man.","2","7","The Scimitar","Reddington describes the Scimitar to Lizzie, highlighting his dual nature as both a killer and a master of deception.","Transcript S02E07","ClaudeMiner","Lizzie","crime; wisdom","wisdom","3"
"George Orwell wrote: 'Those who abjure violence can do so only because others are committing violence on their behalf.' What a visionary, but, good Lord, his books are a downer.","2","7","The Scimitar","Reddington justifies his non-judgmental stance on Samar's past as a Mossad assassin, referencing Orwell to make a philosophical point about violence.","Transcript S02E07","ClaudeMiner","Lizzie","morality; wisdom; humor","wisdom","4"
"What a long, strange trip it's been, Alan.","2","8","The Decembrist","Reddington visits Fitch minutes before the bomb explodes, acknowledging their history.","Transcript S02E08","ClaudeMiner","Alan Fitch","legacy; death; regret","emotional","5"
"I am retribution.","2","8","The Decembrist","Red confronts Morozov in the Mercury City Tower meeting, declaring his purpose.","Transcript S02E08","ClaudeMiner","Kiryl Morozov","revenge; justice; power","threat","4"
"When you love someone, you have no control. That’s what love is. Being powerless.","2","8","The Decembrist","","https://everydaypower.com/raymond-reddington-quotes/","EverydayPower",,,,
"That's what love is... being helpless.","2","8","The Decembrist","","Manual Input","ManualIngest",,,,
"You will make a mistake and when you do, I will be there to indulge the undeniable pleasure and the sweet satisfaction of 'I told you so.","2","9","Luther Braxton","","https://multiple-sources","WebResearch",,,,
"A Wise man can learn more from a foolish question than a fool can learn from a wise answer","2","9","Luther Braxton","","Manual Input","ManualIngest",,,,
"All this, Luther, and you don't even know what the hell you're looking for.","2","9","Luther Braxton","Reddington confronts Braxton in the server room, belittling his ignorance about the Fulcrum.","Transcript S02E09","ClaudeMiner","Luther Braxton","wisdom; power; truth","one-liner","4"
"In Mexico, there are these fish that have colonized the freshwater caves along Sierra del Abra. They were lost. They found themselves living in complete darkness. But they didn't die. Instead, they thrived. They adapted. They lost their pigmentation, their sight, eventually even their eyes. With survival, they became hideous. I've rarely thought about what I once was. But I wonder if a ray of light were to make it into the cave, would I be able to see it? Or feel it? Would I gravitate to its warmth? And if I did, would I become less hideous?","2","9","Luther Braxton","Reddington explains to Lizzy why he didn't want her to follow him to The Factory, using a parable about adaptation and loss of self.","Transcript S02E09","ClaudeMiner","Elizabeth Keen","identity; survival; morality","parable","5"
"You and I both know thinking on your feet is not your strong suit Luther. You will make a mistake and when you do, I will be there to indulge in the undeniable pleasure and sweet satisfaction of 'I told you so.","2","9","Luther Braxton","","Manual Input","ManualIngest",,,,
"Call my bluff. Please. Call my bluff.","2","10","Luther Braxton: Conclusion","Reddington dares the Director to attack him, knowing he has the upper hand with the Fulcrum.","Transcript S02E10","ClaudeMiner","The Director (Peter Kotsiopulos)","power; trust","threat","5"
"This charade of you pretending to care about me was a waste of your time because I don't know where it is.","2","10","Luther Braxton: Conclusion","Lizzie accuses Reddington of only being in her life because of the Fulcrum, not out of genuine care.","Transcript S02E10","ClaudeMiner","Elizabeth Keen","betrayal; identity; trust","emotional","4"
"You seem younger in person than you appear to be when lurking in the background on television. Are you a swimmer?","2","10","Luther Braxton: Conclusion","","Manual Input","ManualIngest",,,,
"You're out of your depth, Luther. You don't know the people you're dealing with. You're a fine thief, meticulous and careful but this is different. You're improvising and you and I both know thinking on your feet is not your strong suit, Luther. You will make a mistake and when you do, I will be there to indulge in the undeniable pleasure and sweet satisfaction of 'I told you so.'","2","10","Luther Braxton: Conclusion","Reddington confronts Braxton after he kidnaps Elizabeth, warning him that he's in over his head.","Transcript S02E10","ClaudeMiner","Luther Braxton","power; wisdom; humor","threat","5"
"My God! It tastes so good! I hesitate to swallow and I certainly don’t wanna spit it out. Oh, what the hell?","2","10","Luther Braxton: Conclusion","","Manual Input","ManualIngest",,,,
"Lizzy, the memories of a 4-year-old are unreliable.","2","10","Luther Braxton: Conclusion","After Lizzie retrieves a traumatic memory of the fire and her father, Reddington tries to calm her by questioning the accuracy of childhood memories.","Transcript S02E10","ClaudeMiner","Elizabeth Keen","truth; identity","wisdom","4"
"I don't think you have any real comprehension of the depth and breadth of your vulnerability. But only the one who possesses the Fulcrum could possibly fathom that.","2","10","Luther Braxton: Conclusion","Reddington warns the Director of the Cabal about the consequences of threatening him, implying he has the Fulcrum.","Transcript S02E10","ClaudeMiner","The Director (Peter Kotsiopulos)","power; truth; morality","threat","4"
"You're only seeing the next move. People have been pillaging your country's resources since time began. Someone has to offer a better alternative. That someone could be you.","2","11","Ruslan Denisov","Reddington urges Denisov to think beyond revenge and see the political opportunity.","Transcript S02E11","ClaudeMiner","Ruslan Denisov","power; legacy; justice","wisdom","3"
"It's the confession, not the priest, that gives us absolution.","2","11","Ruslan Denisov","Reddington convinces the corrupt former minister to confess about the pipeline history.","Transcript S02E11","ClaudeMiner","Leonid Zhabin","truth; morality","wisdom","4"
"Make no mistake, Mr. Burke. My friend here is still making the bed he'll have to lie in for the rest of his life. But my bed is made, and I assure you my bed accommodates a broad spectrum of behavior.","2","11","Ruslan Denisov","Reddington threatens Burke into revealing information about the pipeline cover-up.","Transcript S02E11","ClaudeMiner","CIA agent Burke","power; survival; threat","threat","4"
"Sacrifice the bishop. Reykjavík, '72. God, I can remember it like it was yesterday. Bobby Fischer sacrificed his bishop. That's when Russia lost the Cold War. It was staggering. Spassky had no answer because he had no endgame, and neither do you.","2","11","Ruslan Denisov","Reddington uses a chess analogy to warn Denisov that killing the CIA agent will lead to dire consequences.","Transcript S02E11","ClaudeMiner","Ruslan Denisov","wisdom; power; survival","parable","4"
"Everything you need to know about negotiation is there in the tango milonga. At the outset, they are opponents. Each has something the other wants. They size one another up, assessing risk, setting boundaries, challenging each other to breach them. A sensuous battle—violence and sex balanced on the blade of a knife. Nothing given that is not earned—nothing taken that is not given. This is the pure essence of negotiation. Not a poker game, but a milonga. A tango. A seduction.","2","11","Ruslan Denisov","Reddington uses a tango dance as a metaphor to teach Liz about negotiation strategy.","Transcript S02E11","ClaudeMiner","Elizabeth Keen","wisdom; power; crime","parable","5"
"In a mad world, only the mad are sane.","2","11","Ruslan Denisov","Reddington quotes Kurosawa after introducing evidence that a former minister is mentally unstable.","Transcript S02E11","ClaudeMiner","Dean Walker","wisdom; truth","one-liner","4"
"Sooner or later, we all must pay for our crimes.","2","11","Ruslan Denisov","Reddington refuses to help Denisov escape, acknowledging the consequences of his actions.","Transcript S02E11","ClaudeMiner","Ruslan Denisov","justice; morality; sacrifice","wisdom","4"
"In this world, there are no sides. Only players.","2","11","Ruslan Denisov","","https://everydaypower.com/raymond-reddington-quotes/","EverydayPower",,,,
"In This World There Are No Sides.","2","11","Ruslan Denisov","Bulk Ingest","Manual Input","ManualIngest",,,,
"It’s a good to meet you. I’ve heard nothing but terrible things.","2","11","Ruslan Denisov","","https://thehabitstacker.com/raymond-reddington-quotes/","HabitStacker",,,,
"The very voice of reason, the rebel darling of the fringe right, charming, rustic, camera-ready, the perfect spokesman to spin vile hatred and prejudice into treacly dross that passes for plainspoken common sense.","2","12","The Kenyon Family","Reddington describes Justin Kenyon, the cult leader, to Elizabeth.","Transcript S02E12","ClaudeMiner","Lizzie","wisdom; crime","monologue","4"
"A loathsome individual who, sad to say, possesses an uncanny ability to locate anything.","2","12","The Kenyon Family","Reddington introduces Glen Carter to Lizzy, explaining his usefulness despite his unpleasant personality.","Transcript S02E12","ClaudeMiner","Lizzie","wisdom; humor","humor","3"
"I once stayed at a villa in Bali with a view of the Indian Ocean. Every morning, all I saw before me was possibility. That and a gorgeous housekeeper named Putu, who...","2","12","The Kenyon Family","Reddington tries to convince Elizabeth to accept a new apartment, using a personal story.","Transcript S02E12","ClaudeMiner","Lizzie","wisdom; humor","parable","4"
"You've been many things lately, Lizzy, but happy is not one of them. That motor lodge you call home crushes the spirit, smothers the soul.","2","12","The Kenyon Family","Reddington gently critiques Elizabeth's living situation and unhappiness.","Transcript S02E12","ClaudeMiner","Lizzie","wisdom; family","emotional","4"
"I have gone to considerable lengths to point you and your team in the right direction, and now, due to political considerations, people will die. And when they do and the bureaucrats decide that the loss of innocent lives trumps their career prospects, you be sure to give me a call.","2","12","The Kenyon Family","Reddington warns Lizzy about the consequences of inaction regarding Kenyon's compound.","Transcript S02E12","ClaudeMiner","Lizzie","justice; betrayal; power","threat","4"
"Something's gone sideways, Lizzy. Kenyon is the devil we know but now either others are involved or there's been a complete breakdown in the organization. Either way, be careful out there.","2","12","The Kenyon Family","Reddington warns Elizabeth about unexpected complexity after the massacre.","Transcript S02E12","ClaudeMiner","Lizzie","wisdom; survival","wisdom","3"
"I believe I know the real reason you don't want me to have the Fulcrum. Because you're afraid that once you give it to me, you'll be of no further use to me and you'll never see me again.","2","13","The Deer Hunter","Reddington insightfully calls out Lizzie's deeper motive for withholding the Fulcrum, revealing her emotional attachment.","Transcript S02E13","ClaudeMiner","Lizzie","truth; trust; identity","emotional","5"
"Elizabeth, one of the reasons I'm still alive is due to my love of reading, whether it be words on a page that reveal the author's thoughts, emotions, imagination, or whether it be people in conversation, to ignore what they say and instead read their expression, posture, their gesture. Lizzy, you're lying.","2","13","The Deer Hunter","Reddington calls out Lizzie for lying about knowing nothing about the Fulcrum, demonstrating his observational skill.","Transcript S02E13","ClaudeMiner","Lizzie","wisdom; truth; trust","wisdom","4"
"I can get your brother a heart within the week. Best surgeons, best post-op care, and it won't cost you a dime.","2","13","The Deer Hunter","Reddington offers to save a man's brother's life in exchange for a favor involving the prisoner transport.","Transcript S02E13","ClaudeMiner","Pops","power; sacrifice; survival","threat","4"
"Be well, Edgar, and tell Lucinda if she ever leaves you, I'd like to marry her.","2","13","The Deer Hunter","Reddington flatters a contact's wife while acknowledging the gift of coffee cake.","Transcript S02E13","ClaudeMiner","Edgar","humor; wisdom","humor","3"
"The Deer Hunter is an artist. The guy you're looking for is a forger.","2","13","The Deer Hunter","Reddington explains to Lizzie why he believes there's a copycat killer at work.","Transcript S02E13","ClaudeMiner","Lizzie","wisdom; truth","one-liner","3"
"This brute they call The Deer Hunter isn't a buck at all, but instead a delicate doe.","2","13","The Deer Hunter","Reddington reveals his theory that the serial killer is a woman.","Transcript S02E13","ClaudeMiner","Lizzie","truth; wisdom","one-liner","4"
"Nobody was hurt, if that's what you're concerned about. In fact, a young man's life was saved.","2","13","The Deer Hunter","Reddington reassures Lizzie after he neutralized the witness threat against her, hinting at his methods.","Transcript S02E13","ClaudeMiner","Lizzie","sacrifice; survival","emotional","3"
"Dispassion is the businessman's best friend. One mustn't get emotionally involved in business. You have to listen to the market.","2","14","T. Earl King VI","Quoting Earl King's own lesson back at him during their confrontation.","Transcript S02E14","ClaudeMiner","Earl King","wisdom; power; survival","wisdom","4"
"I could easily provide you with enough influence and firepower to crown yourself king. Isn't it time you stopped running through the forest playing army with a bunch of kids?","2","14","T. Earl King VI","Trying to negotiate with a kidnapper who wants vengeance.","Transcript S02E14","ClaudeMiner","Yaabari","power; survival; freedom","threat","3"
"Really, I’m all for being thorough, but at this point, you are just taking the nickel tour.","2","14","T. Earl King VI","","https://thehabitstacker.com/raymond-reddington-quotes/","HabitStacker",,,,
"I always found fear to be my most valuable sense.","2","14","T. Earl King VI","","https://everydaypower.com/raymond-reddington-quotes/","EverydayPower",,,,
"I've always found fear to be my most valuable sense. But then again, you Kings demonstrate a propensity for having more dollars than sense.","2","14","T. Earl King VI","Retorting to Earl King's taunts about being sold at auction.","Transcript S02E14","ClaudeMiner","Earl King","wisdom; humor; survival","one-liner","5"
"You are so damaged. You can't accept help from anyone. Has anyone ever helped you? Is that why you are the way you are? Because you don't feel deserving of it? Is that why you can't be vulnerable for a second? I risked my life for you because I care about you. Deal with that.","2","14","T. Earl King VI","Calling out Liz for her defensiveness after she rescued him.","Transcript S02E14","ClaudeMiner","Lizzie","trust; loyalty; love","emotional","5"
"My relationship with Madeline is nuanced. Confounding, yet captivating, she's a singular woman and the world is far more interesting with her in it.","2","14","T. Earl King VI","Explaining why he cares about Madeline Pratt despite her betrayals.","Transcript S02E14","ClaudeMiner","Lizzie","love; loyalty; wisdom","wisdom","4"
"Statistically, 65 percent of inherited fortunes are frittered away by the second generation. Ninety percent by the third. How is it that the Kings have successfully defied that trend? You must tell me your secret.","2","14","T. Earl King VI","Taunting Tyler King while captive, probing the family's financial success.","Transcript S02E14","ClaudeMiner","Tyler King","wisdom; power; legacy","wisdom","3"
"Legacy and the King family fortune. If this is just about the money, that would be so banal. I bet your father would trade it all for one more walk in the park with a good friend. Tell me, where are all your good friends now, huh? If you think there's a soul in this world loyal to anything but your pocketbook, then you're the one who's excused himself from the use of logic.","2","14","T. Earl King VI","Challenging Francis King's obsession with the family fortune during the auction.","Transcript S02E14","ClaudeMiner","Francis King","loyalty; legacy; betrayal","monologue","4"
"When someone does something nice, you're supposed to say 'thank you.' Thank you. You're welcome. But never do it again.","2","14","T. Earl King VI","Accepting Liz's thanks but warning her not to risk herself for him again.","Transcript S02E14","ClaudeMiner","Lizzie","loyalty; trust; survival","humor","4"
"Call it what you will, Harold. But if you want to prevent Agent Keen from going to prison, you need to abduct Deputy Minister Mamat Krishnan.","2","15","The Major","Reddington tells Cooper to kidnap a UN diplomat to find the Major and save Lizzie from indictment.","Transcript S02E15","ClaudeMiner","Harold Cooper","power; justice; survival","threat","3"
"You need to tell her, Raymond. Yes, you do. You tell her the truth by telling her everything. I don't think I can do that. Maybe you should stop thinking about it and do it.","2","15","The Major","Reddington struggles with Dembe's advice to tell Lizzie the full truth about Tom.","Transcript S02E15","ClaudeMiner","Dembe","truth; trust; wisdom","emotional","5"
"Well, that went as well as could be expected. We got a lead on Keen and an invitation to sit in the Minister's box at next year's Slasher Cup. Cultural peculiarities notwithstanding, I find cockfighting to be abominable. However, truth be told, I do love fried chicken.","2","15","The Major","Reddington reflects on the abduction's outcome with dark humor and a non sequitur.","Transcript S02E15","ClaudeMiner","Dembe","humor; wisdom","one-liner","4"
"I've always been leery of the United Nations. The very concept is comically dichotomous. Nations putting their self-interests aside in the hopes of building a global community, holding hands and Kumbaya? I mean, honestly, it's like kindergarten. Do you have rug time? I did love rug time.","2","15","The Major","Reddington taunts the abducted diplomat with a philosophical critique of the UN.","Transcript S02E15","ClaudeMiner","Deputy Minister Krishnan","wisdom; humor","monologue","4"
"I never had any principles. That's why I'm on a rocket to the top.","2","16","Tom Keen","Connolly brags about his lack of principles, and Reddington (via flashback or retelling) agrees insincerely, exposing Connolly's cynicism.","Transcript S02E16","ClaudeMiner","Tom Connolly","power; morality","one-liner","5"
"Be careful, Lizzy. Because the truth of it is, once you start down this road, there's no logical place to stop.","2","16","Tom Keen","Reddington warns Lizzy against her guilt-driven plan to fund a scholarship for Ames's daughter.","Transcript S02E16","ClaudeMiner","Lizzie","guilt; morality; sacrifice","monologue","5"
"This is my world, and you're a tourist. You blink wrong, we are both dead and your partner goes to prison.","2","16","Tom Keen","Reddington refuses to let Ressler accompany him to find Tom, warning him he's out of his element.","Transcript S02E16","ClaudeMiner","Ressler","crime; survival; wisdom","threat","5"
"Somewhere along the line, they realized that keeping German neighborhoods white is more than politics. It's economics.","2","16","Tom Keen","Reddington elaborates on the gang's motives.","Transcript S02E16","ClaudeMiner","Aram","crime; power","wisdom","3"
"It requires a great deal of courage and intestinal fortitude for a man to take that first step toward sobriety. I couldn't do it myself.","2","16","Tom Keen","Reddington congratulates a contact on entering rehab, with dark humor.","Transcript S02E16","ClaudeMiner","Ruddiger","wisdom; humor","humor","3"
"This journey we're on isn't over just yet. You may have given up on us, but I haven't.","2","16","Tom Keen","Reddington assures Lizzy that Tom will come back to help her, despite her doubts.","Transcript S02E16","ClaudeMiner","Lizzie","trust; loyalty; family","emotional","4"
"Be careful, Lizzie. Because the truth of it is once you start down this road, there’s no logical place to stop. You could see to her education, health insurance, housing. You can watch her. Or have her watched. Keep her safe. Try to ascertain her... hopes, dreams, desires. Pull strings, call in favors to discreetly smooth the path. And, for the first few years, it may work. You’ll draw some measure of virtue from being her invisible benefactor. But, that won’t last. It’s all a fraud. That it’s really not about her at all. That it’s all about you. And you’re just... going through the motions to salve your own guilt. But, all the money, all the time and effort, all the favors in the world cannot possibly equal what you took away from her. Everything else is... just a nice gesture.","2","16","Tom Keen","","Manual Input","ManualIngest",,,,
"Whatever you think you know about Tom Keen, forget it. The bookish elementary-school teacher was a masterful illusion. The man is an extremely talented covert operative.","2","16","Tom Keen","Reddington corrects Ressler's underestimation of Tom Keen's abilities.","Transcript S02E16","ClaudeMiner","Ressler","identity; wisdom","wisdom","3"
"They may look like common street thugs, but don't underestimate their authority. They're racists masquerading as patriots.","2","16","Tom Keen","Reddington explains Die Entrechteten, the German gang they're tracking.","Transcript S02E16","ClaudeMiner","Aram","crime; power","wisdom","4"
"I told you that you'd live. I didn't say that you'd walk.","2","16","Tom Keen","Reddington reneges on a promise to let a dealer go free after getting his stash.","Transcript S02E16","ClaudeMiner","drug dealer","betrayal; power; humor","threat","5"
"I know of a doctor who agreed with you, a relatively young man also fascinated by genetics, a man who didn't concern himself with morality, humanity. That was Josef Mengele.","2","17","The Longevity Initiative","Reddington draws a chilling historical parallel to Hobbs' ethical blindness.","Transcript S02E17","ClaudeMiner","Roger Hobbs","morality; justice; legacy","monologue","5"
"This isn't about science, Roger. This is about you actually believing that death is beneath you.","2","17","The Longevity Initiative","Reddington cuts to the heart of Hobbs' obsession with immortality.","Transcript S02E17","ClaudeMiner","Roger Hobbs","power; mortality; identity","wisdom","4"
"What you're doing here is celebrating your birthday with me.","2","17","The Longevity Initiative","Reddington surprises Liz with takeout from Wing Yee after she cancels her plans.","Transcript S02E17","ClaudeMiner","Elizabeth Keen","family; wisdom","emotional","4"
"Don't be so quick to make an enemy of Roger Hobbs. You don't see it yet, Lizzy, but a dark cloud is approaching, and when it arrives, Roger Hobbs will be a very good friend at exactly the moment he needs to be.","2","17","The Longevity Initiative","Reddington defends his manipulation involving Hobbs, hinting at future danger.","Transcript S02E17","ClaudeMiner","Elizabeth Keen","trust; survival; crime","wisdom","5"
"Humans as a species are untrustworthy creatures. We don't deserve to live forever.","2","17","The Longevity Initiative","Reddington expresses his cynical view of humanity during their conversation.","Transcript S02E17","ClaudeMiner","Roger Hobbs","morality; wisdom; trust","wisdom","4"
"Roger is considerably smarter than the above-average bear, and now it appears he may also be as deadly.","2","17","The Longevity Initiative","Reddington describes tech billionaire Roger Hobbs to Liz.","Transcript S02E17","ClaudeMiner","Elizabeth Keen","crime; wisdom","one-liner","3"
"My yogi tells me that time doesn't exist. He fully intends to live forever, and tragically, he's not the only one.","2","17","The Longevity Initiative","Reddington gives Liz a birthday gift and introduces the Longevity Initiative case.","Transcript S02E17","ClaudeMiner","Elizabeth Keen","wisdom; humor; mortality","wisdom","4"
"You knew the rules, kid. I warned you about the girl, and she's cost you your life.","2","17","The Longevity Initiative","Reddington coldly reminds Tom of the consequences of his disloyalty.","Transcript S02E17","ClaudeMiner","Tom Keen","betrayal; loyalty; survival","threat","4"
"My uncle was a farmer. He had a beautiful border collie—smart, well-trained, loyal as hell—but one summer, that dog, he got into the hen house, killed half the chickens. My uncle loved that dog, but he knew he had to be put down.","2","17","The Longevity Initiative","Reddington tells a parable to justify why he must kill Tom for betraying him.","Transcript S02E17","ClaudeMiner","Tom Keen","betrayal; loyalty; justice","parable","5"
"Ambition's debt must be paid.","2","18","Vanessa Cruz","Reddington justifies assassination, quoting Julius Caesar to persuade Jasper.","Transcript S02E18","ClaudeMiner","Mr. Jasper","power; revenge","one-liner","4"
"Julius Caesar? One of my favorites. The play, not so much the man. The man was a bit full of himself. He did have a brilliant military mind, but he couldn't smell a plot to save his life. Intentional pun.","2","18","Vanessa Cruz","Reddington shares a witty observation about Caesar to parallel the Director's blindness.","Transcript S02E18","ClaudeMiner","Mr. Jasper","wisdom; humor","humor","3"
"You need to run. Run like the prairie wind, because I'm coming for you. When I find you, I'll cut out that forked tongue of yours and deliver it to the Director myself.","2","18","Vanessa Cruz","Reddington discovers Roger betrayed him and delivers an elegant, menacing threat over the phone.","Transcript S02E18","ClaudeMiner","Roger","betrayal; revenge","threat","5"
"Am I nothing more than a subordinate who remained slavishly obedient to his master, or the presumptive leader of an organization that will be far more powerful than it has ever been?","2","18","Vanessa Cruz","Reddington rhetorically asks Jasper to reflect on his own ambitions to sway him.","Transcript S02E18","ClaudeMiner","Mr. Jasper","power; ambition; legacy","manipulation","4"
"I understand what it's like to be drawn to something that is unhealthy, to a part of yourself that you are afraid of.","2","18","Vanessa Cruz","Reddington acknowledges Liz's complex feelings about Tom after she tells him Tom is back in her life.","Transcript S02E18","ClaudeMiner","Elizabeth Keen","wisdom; truth; identity","wisdom","4"
"Pride. The subtlest and yet most deadly of the seven sins. Like the Director, he couldn't be saved.","2","18","Vanessa Cruz","Reddington warns Jasper about the danger of pride while discussing the Cabal's power struggle.","Transcript S02E18","ClaudeMiner","Mr. Jasper","power; wisdom; betrayal","wisdom","4"
"I'm the Rubicon. You simply need to determine which side of history you want to end up on.","2","18","Vanessa Cruz","Reddington compares himself to the Rubicon river while manipulating Jasper to choose a side against the Director.","Transcript S02E18","ClaudeMiner","Mr. Jasper","power; legacy; freedom","threat","5"
"Why couldn't you just have said yes? It wouldn't kill you to lie just once to make someone feel good.","2","19","Leonard Caul","After Reddington's long explanation, Liz asks if that's all of it, and he admits it's only some of it, leading to this wistful remark.","Transcript S02E19","ClaudeMiner","Elizabeth Keen","humor; truth; love","one-liner","4"
"The blessing of an honest man.","2","19","Leonard Caul","Dembe says Reddington should have told Elizabeth the truth, and Reddington agrees, then remarks on Dembe's honesty.","Transcript S02E19","ClaudeMiner","Dembe","wisdom; loyalty; trust","wisdom","4"
"When I hired Tom Keen, it was at a time of profound transition in your life. You'd already left behind the relative safety and innocence of youth. Sam's care as a father had served you well, but you'd outgrown him. And I knew that eventually my life would jeopardize yours.","2","19","Leonard Caul","Reddington explains to Liz why he hired Tom Keen to watch over her, revealing his protective motives.","Transcript S02E19","ClaudeMiner","Elizabeth Keen","family; love; sacrifice; regret","monologue","5"
"The girl is you. And the woman is your mother. I knew her as Katarina Rostova. One of her many names. She was a KGB agent. The girl, the night of the fire, they called her Masha. You were born in Moscow.","2","20","Quon Zhang","Reddington finally reveals the identity of the girl and woman in the photo.","Transcript S02E20","ClaudeMiner","Lizzie","identity; family; truth","emotional","5"
"You want to know. There's a difference.","2","20","Quon Zhang","Lizzie demands to know what happened the night of the fire.","Transcript S02E20","ClaudeMiner","Lizzie","truth; wisdom; identity","wisdom","4"
"I'm not going to tell you what happened, Lizzy.","2","20","Quon Zhang","Reddington refuses to reveal the events of the fire.","Transcript S02E20","ClaudeMiner","Lizzie","truth; trust; identity","emotional","4"
"Remember that fantastic film from the '70s, Marathon Man? Oh, my God, what a film. Laurence Olivier as the ex-Nazi super bad guy/dentist. And Dustin Hoffman as-- I think he was a graduate student, wasn't he? Anyway, that interrogation scene, oh, my gosh. Olivier drilling into Hoffman's teeth right down into the nerve. Oh, God, I can just feel it. The screaming and writhing, the sound of the drill. And, of course, Hoffman delirious with pain saying anything, true or not, just to stop the excruciating nightmare. 'Is it safe?' 'Yes, it's safe.' 'Is it safe?' 'No, no, it's not safe!' You know, he'd say anything. And then that guy comes in-- What's his name? The-- With the great teeth and that hair. Anyway, nothing much comes of it. Hoffman doesn't know anything. But what a scene.","2","20","Quon Zhang","Reddington monologues about Marathon Man while torturing Jasper for information.","Transcript S02E20","ClaudeMiner","Kenneth Jasper","humor; power; revenge","monologue","5"
"You don't understand my loyalty, do you? Because you have nothing in your life worth staying loyal to.","2","20","Quon Zhang","Reddington retorts after Jasper questions his loyalty.","Transcript S02E20","ClaudeMiner","Kenneth Jasper","loyalty; betrayal; wisdom","threat","4"
"If Reddington wanted me to know the truth, he would've told me by now.","2","20","Quon Zhang","Lizzie tells Tom that Reddington is keeping secrets about her past.","Transcript S02E20","ClaudeMiner","Lizzie","truth; trust; identity","wisdom","3"
"He thinks fear protects him, but fear he instills, silence can't hide it.","2","20","Quon Zhang","Tom elaborates on Reddington's use of fear as a defense.","Transcript S02E20","ClaudeMiner","Lizzie","fear; power; trust","wisdom","3"
"He wanted you to discover secrets. Did you discover any secrets, Lizzy?","2","20","Quon Zhang","Reddington asks Lizzie about the Fulcrum she retrieved.","Transcript S02E20","ClaudeMiner","Lizzie","truth; identity; trust","emotional","3"
"The détente is over, Lizzy. What you know about the Fulcrum... what the Director now knows you know? By saving me, you revealed yourself to be a potent enemy, a target they will try to discredit or destroy.","2","20","Quon Zhang","Reddington warns Lizzie that her knowledge of the Fulcrum has made her a target.","Transcript S02E20","ClaudeMiner","Lizzie","power; betrayal; justice","monologue","4"
"You should have let me die.","2","20","Quon Zhang","Reddington, recovering from a shooting, complains about his therapy.","Transcript S02E20","ClaudeMiner","Dembe","death; suffering; survival","emotional","4"
"For many years, while you were still with US Counterintelligence, I considered you the KGB's greatest enemy. For what it's worth, I was young. I had no concept of what a real enemy looked like.","2","21","Karakurt","Reddington reflects on past perceptions of enemies during a tense meeting with a former Spetsnaz commander.","Transcript S02E21","ClaudeMiner","Anton Velov","wisdom; identity; regret","monologue","4"
"What good are ethics if you aren’t alive to live by them?","2","21","Karakurt","","Manual Input","ManualIngest",,,,
"You want to wipe that debt clean? Keep your eyes open and your mouth shut.","2","21","Karakurt","Reddington advises Cooper to gather evidence against Tom Connolly rather than confronting him directly.","Transcript S02E21","ClaudeMiner","Harold Cooper","trust; survival; morality","wisdom","4"
"The last thing you should do is confront him. Gather evidence. Build a case.","2","21","Karakurt","Reddington tells Cooper to be patient and strategic in dealing with Connolly's betrayal.","Transcript S02E21","ClaudeMiner","Harold Cooper","loyalty; betrayal; wisdom","wisdom","3"
"This is a war that must be fought on many fronts. You have yours. I have mine.","2","22","Tom Connolly","Reddington tells Liz they each have separate tasks in the fight against the Cabal.","Transcript S02E22","ClaudeMiner","Lizzie","war; freedom; justice","wisdom","4"
"I'm a sin eater. I absorb the misdeeds of others, darkening my soul to keep theirs pure. That is what I'm capable of.","2","22","Tom Connolly","Reddington explains his role to Liz when she accuses him of not caring.","Transcript S02E22","ClaudeMiner","Lizzie","sacrifice; morality; identity","monologue","5"
"In the land of the blind, the one-eyed man is king.","2","22","Tom Connolly","Reddington tells Cooper to guide Liz out of the Post Office in the dark after cutting the power.","Transcript S02E22","ClaudeMiner","Cooper","wisdom; power; survival","wisdom","5"
"I never wanted you to be… like me.","2","22","Tom Connolly","Reddington admits he tried to protect Liz from becoming a killer like him.","Transcript S02E22","ClaudeMiner","Lizzie","identity; sacrifice; family","emotional","5"
"In the kingdom of the blind, the one-eyed man is king.","2","22","Tom Connolly","","Manual Input","ManualIngest",,,,
"You’re already in their hands. The only thing they haven’t done is close their fist.","2","22","Tom Connolly","","Manual Input","ManualIngest",,,,
"The truth will out. Not all of us will live to see that day but the truth will out.","2","22","Tom Connolly","Reddington warns journalists about the danger of exposing the Cabal.","Transcript S02E22","ClaudeMiner","journalists","truth; justice; sacrifice","monologue","4"
"It won't work.","3",,"","Wikiquote dialogue","https://en.wikiquote.org/wiki/The_Blacklist","Wikiquote",,,,
"Indeed, perhaps even the very one who might have devised a means to revive your sad, tired, frozen ass.","3",,"","Wikiquote dialogue","https://en.wikiquote.org/wiki/The_Blacklist","Wikiquote",,,,
"Oh, yes. Well, I would agree with you there. But perhaps you're familiar with the old saw ""You can't beat the house""? No matter how many poor souls you turn into popsicles, the fix is in.","3",,"","Wikiquote dialogue","https://en.wikiquote.org/wiki/The_Blacklist","Wikiquote",,,,
"That's how you made your fortune.","3",,"","Wikiquote dialogue","https://en.wikiquote.org/wiki/The_Blacklist","Wikiquote",,,,
"The world in which you awaken will be one incapable of sustaining human life. And why? Because at the critical tipping point, one tragically quixotic megalomaniac cannibalized humanity of the very minds that might have been its salvation.","3",,"","Wikiquote dialogue","https://en.wikiquote.org/wiki/The_Blacklist","Wikiquote",,,,
"Ah. So you are a gambling man. Let's place that bet, shall we? [Shoots him in the chest]","3",,"","Wikiquote dialogue","https://en.wikiquote.org/wiki/The_Blacklist","Wikiquote",,,,
"Are you a gambling man, Crispin?","3",,"","Wikiquote dialogue","https://en.wikiquote.org/wiki/The_Blacklist","Wikiquote",,,,
"But first, please indulge my curiosity. An ice castle in the air, the best and the brightest frozen solid. I'm intrigued.","3",,"","Wikiquote dialogue","https://en.wikiquote.org/wiki/The_Blacklist","Wikiquote",,,,
"Congratulations, Crispin. You've doubled down on extinction.","3",,"","Wikiquote dialogue","https://en.wikiquote.org/wiki/The_Blacklist","Wikiquote",,,,
"Everyone dies, Mr. Crandall.","3",,"","Wikiquote dialogue","https://en.wikiquote.org/wiki/The_Blacklist","Wikiquote",,,,
"The Troll Farmer uses social media to conduct highly coordinated disinformation campaigns on behalf of governments, lobbyists, corporations, crime syndicates, and on occasion, a humble fugitive.","3","1","The Troll Farmer","Explaining who the Troll Farmer is and his expertise in information warfare.","Transcript S03E01","ClaudeMiner","Lizzie","crime; wisdom","monologue","3"
"All I want is your word as a man of honor. [...] What you know about her, what you feel about her could make all the difference.","3","1","The Troll Farmer","Offering a blacklister in exchange for Ressler's promise to give Lizzy the benefit of every doubt if caught.","Transcript S03E01","ClaudeMiner","Ressler","trust; loyalty; justice","emotional","5"
"No matter how dark the moment, she could always find her way through. [...] That doesn't mean your mother is gone. I see her in you every day. She's as much a part of you as the air you breathe.","3","1","The Troll Farmer","Encouraging Lizzy by invoking Katarina's resilience when she's about to give up.","Transcript S03E01","ClaudeMiner","Lizzie","family; identity; wisdom","emotional","5"
"What you know about her, what you feel about her could make all the difference.","3","1","The Troll Farmer","Appealing to Ressler's conscience as he promises to give Lizzy the benefit of every doubt.","Transcript S03E01","ClaudeMiner","Ressler","trust; morality; justice","emotional","4"
"Just because you've been bumped up to first chair in the orchestra doesn't mean you can compose a symphony.","3","1","The Troll Farmer","Quoting his father to Ressler, warning him not to overestimate his authority.","Transcript S03E01","ClaudeMiner","Ressler","wisdom; power","wisdom","4"
"As my father used to say to me, just because you’ve been bumped up to first chair in the orchestra, doesn’t mean you can compose a symphony.","3","1","The Troll Farmer","","Manual Input","ManualIngest",,,,
"You're in a storm, Lizzy. You need to find the peace below the winds.","3","1","The Troll Farmer","Telling a parable about Sok Pich in a Cambodian monsoon to calm Lizzy's fear about their predicament.","Transcript S03E01","ClaudeMiner","Lizzie","wisdom; survival; trust","parable","5"
"I pine for the days when conquered generals had the sense and good taste to fall on their swords. Now they hold press conferences, negotiate advances for their memoirs while the rest of us clean up their messes.","3","1","The Troll Farmer","Expressing disdain for Peter Kotsiopulos's incompetence and the modern lack of honor among the defeated.","Transcript S03E01","ClaudeMiner","Mateus","power; morality; wisdom","monologue","4"
"Sailors have been navigating by the stars for thousands of years. Odysseus spent a decade at war... But his biggest battle was finding his way home.","3","2","Marvin Gerard","Reddington reflects on his unfulfilled dream of being a sailor, using Odysseus as an analogy.","Transcript S03E02","ClaudeMiner","Elizabeth Keen","wisdom; identity; home","parable","5"
"From as early as I can remember, I dreamed of someday being captain of a ship. To be out there on the ocean in the middle of the night, navigating by the stars. I always thought it would be the greatest life on earth.","3","2","Marvin Gerard","Reddington shares a personal dream with Lizzy while they are on the run.","Transcript S03E02","ClaudeMiner","Elizabeth Keen","identity; dreams; freedom","emotional","5"
"Lawyers find and exploit loopholes. It's what makes them so loathsome. And Marvin Gerard is the most loathsome of them all. That's what makes him so invaluable.","3","2","Marvin Gerard","Reddington explains why he demanded Marvin Gerard be brought to the diner.","Transcript S03E02","ClaudeMiner","Elizabeth Keen","wisdom; crime","wisdom","4"
"Reciprocity’s a bitch, right, dahling? Screw the bear, the bear screws back. Batteries not included.","3","2","Marvin Gerard","","Manual Input","ManualIngest",,,,
"Marvin Gerard was one of the most respected defense attorneys on the Eastern seaboard. Perfect wife, perfect job, perfect, all of it... Save for his son Timothy. Quiet boy. Fell in with some bad eggs, it seems. Disciplinary issues, troubles at school, drug abuse.","3","2","Marvin Gerard","Reddington tells the story of Marvin Gerard's son to explain why he freed Gerard.","Transcript S03E02","ClaudeMiner","Carly (waitress)","family; tragedy; justice","parable","4"
"You can't do every silly thing you want to in life. You have to make your choices. You have to try to be happy with them.","3","2","Marvin Gerard","Reddington philosophizes about choices and contentment after sharing his dream of being a sailor.","Transcript S03E02","ClaudeMiner","Elizabeth Keen","wisdom; regret; sacrifice","wisdom","4"
"When I look at you, that's what I see. I see my way home.","3","2","Marvin Gerard","Reddington tells Lizzy that she is his guiding light, his North Star, as they sit together in hiding.","Transcript S03E02","ClaudeMiner","Elizabeth Keen","love; family; trust","emotional","5"
"Screw the Bear, the Bear screws back batteries not included.","3","2","Marvin Gerard","Reddington mocks the reciprocity of Russian-American political scandals.","Transcript S03E02","ClaudeMiner","Connie (Russian bureaucrat)","humor; power","one-liner","4"
"Connie? What a delightful nod to tradition. I can't tell you how nostalgic it is to see a Russian bureaucrat demonstrating such a time-honored absence of work ethic.","3","2","Marvin Gerard","Reddington catches a Russian intelligence officer in a bathtub with a senator's wife to blackmail him.","Transcript S03E02","ClaudeMiner","Connie (Russian bureaucrat)","humor; power; betrayal","one-liner","4"
"You have to make your choices; you have to be happy with them.","3","2","Marvin Gerard","","https://everydaypower.com/raymond-reddington-quotes/","EverydayPower",,,,
"I am terribly sorry for the inconvenience, but it appears we'll all be taking an extended lunch. However, if you remain calm and do exactly as I say, I promise you'll leave here with a rip-roaring story to tell your friends and families. Bon appétit.","3","2","Marvin Gerard","Reddington takes over the diner, announcing a hostage situation with dark politeness.","Transcript S03E02","ClaudeMiner","Diner hostages","humor; survival","one-liner","4"
"Now, my friend there and I are having a very important discussion. So you just sit tight, enjoy your muffin, and if I hear you say anything other than 'please' or 'thank you' to Carly, I'm gonna drag you into the men's room and wash your mouth out with soap. And if that doesn't work, I'll cut your filthy tongue out with that butter knife. Is that clear enough for you?","3","2","Marvin Gerard","Reddington threatens a man who insulted Carly, the waitress.","Transcript S03E02","ClaudeMiner","Clayton (bully in diner)","threat; humor; justice","threat","5"
"You haven't the slightest clue how to speak to a woman, have you?","3","2","Marvin Gerard","Reddington intervenes when a man harasses Carly, the waitress.","Transcript S03E02","ClaudeMiner","Clayton (bully in diner)","humor; wisdom","one-liner","3"
"Am I a good person? I'm not so sure anymore. I'm sure.","3","3","Eli Matchett","Red firmly reassures Liz of her inherent goodness despite her violent actions.","Transcript S03E03","ClaudeMiner","Elizabeth Keen","morality; trust; identity","emotional","4"
"Bad things are gonna find you now, Lizzy. This life has a mind and a momentum of its own. That's a reality you need to accept.","3","3","Eli Matchett","Red warns Liz after she shot a cop, accepting she has crossed into his dark world permanently.","Transcript S03E03","ClaudeMiner","Elizabeth Keen","death; survival; identity","emotional","4"
"This is only the beginning, and I won't stop until his own people realize that their only way forward is to exonerate Elizabeth Keen and to leave the Director to me. Please. Tell him I'm coming.","3","3","Eli Matchett","Red issues a chilling promise of vengeance to Susan, using her as a messenger to the Director.","Transcript S03E03","ClaudeMiner","Susan Hanover","revenge; loyalty; power","threat","5"
"Sometimes bad luck is the best luck you’ll ever have.","3","3","Eli Matchett","","Manual Input","ManualIngest",,,,
"Progress. It's a bitch.","3","3","Eli Matchett","Red comments on the irony of Verdiant's scheme to profit from a manufactured catastrophe, calling progress callous.","Transcript S03E03","ClaudeMiner","Susan Hanover","wisdom; morality","one-liner","4"
"You're a liar, a thief, and a murderer. Which is exactly why you're perfect for the job.","3","3","Eli Matchett","Red enlists Tom's help, acknowledging his criminal nature as exactly what the mission requires.","Transcript S03E03","ClaudeMiner","Tom Keen","crime; trust; power","one-liner","4"
"I have survived for a very long time now, and I assure you, I didn't do it by relying on the goodness in people.","3","3","Eli Matchett","Red advises Liz to stop trusting Ressler's decency, teaching her his cynical survival mantra.","Transcript S03E03","ClaudeMiner","Elizabeth Keen","trust; survival; wisdom","wisdom","5"
"I can hear you dropping a steamer through the phone.","3","3","Eli Matchett","Red mocks Glen after Glen fakes being stressed and interrogated.","Transcript S03E03","ClaudeMiner","Glen (the postal worker)","humor; crime","humor","4"
"Stowed away in a corrugated sardine can. The glamorous life of an international fugitive.","3","3","Eli Matchett","Red comments wryly on their cramped hiding place in a shipping container.","Transcript S03E03","ClaudeMiner","Elizabeth Keen","humor; survival","one-liner","3"
"After far too much time playing defense, today's the day we switch to offense.","3","3","Eli Matchett","Red explains to Liz why they're changing course from escape to attacking the Cabal.","Transcript S03E03","ClaudeMiner","Elizabeth Keen","power; revenge; survival","wisdom","4"
"Our journey begins in the home of the double-bacon corn dog. Welcome to Iowa.","3","3","Eli Matchett","Red announces their arrival in Iowa with dark humor, contrasting their dangerous mission with a kitschy food reference.","Transcript S03E03","ClaudeMiner","Elizabeth Keen","humor; crime","humor","3"
"Imagine. You can hold in one hand everything you need to bring humanity to its knees.","3","3","Eli Matchett","Red reflects on the power of the virus vial Matchett created, commenting on the fragility of civilization.","Transcript S03E03","ClaudeMiner","Elizabeth Keen","power; death; wisdom","monologue","4"
"Have you ever heard of Mugs Kalinowski? Lovely guy. Ugliest man I ever laid eyes on. That's why everyone called him Mugs. Except his dear mother. She was an art professor at Bard. Lovingly referred to him as Picasso. That's kind of sweet, actually. Well, it was an apt nickname. His face was all over the place. But perhaps as a result of that nickname, Mugs grew up with a great appreciation for art. He fenced some of the most extravagant pieces in the world. He only had one rule. Out of respect for dear mom, he'd never lift a Picasso. Felt it was bad luck. Then one day, he got a tip from a source about a piece sitting in a huge loft in Soho. So one evening, Mugs shimmied up the drain pipe, broke in, and lo and behold, there hung on the wall, Les Femmes D'Alger. A spectacular Picasso. One of a series of 15 and astronomically valuable. Did he take it? No. And Mugs was convinced that was the single biggest stroke of bad luck he'd ever suffered. Well, what he didn't know was the source who'd given him the tip was working with the feds. The painting had a tracking device on it. Sometimes, bad luck is the best luck you'll ever have. What ever happened to Mugs? Did he land on his feet? Unfortunately, no. Mugs had borrowed $500,000 from a loan shark against the value of the painting. When he didn't steal it, he couldn't pay it back. A few weeks later, the loan shark shot him dead.","3","3","Eli Matchett","Red tells a parable to Susan Hanover to illustrate how seemingly bad luck can be a hidden blessing, foreshadowing her own downfall.","Transcript S03E03","ClaudeMiner","Susan Hanover","wisdom; regret; crime","parable","5"
"As a general rule, I'm against the militarization of America's police forces, but I needed an army, so there they are.","3","4","The Djinn","Reddington explains why he called the police to surround Nasim's house, with his usual sardonic flair.","Transcript S03E04","ClaudeMiner","Nasim","humor; power; crime","one-liner","4"
"Lies on top of pretense, my dear. You haven't quit because you enjoy the power. There's no shame in that.","3","4","The Djinn","Reddington exposes Alice's true motives for staying with The Djinn, manipulating her to betray her employer.","Transcript S03E04","ClaudeMiner","Alice (The Djinn's assistant)","truth; power; manipulation","wisdom","3"
"So, we’re all good at reading people. What fun!","3","4","The Djinn","","Manual Input","ManualIngest",,,,
"I once knew a man in Marrakech who told me that only the poor have courage. Why? Because they are hopeless. To get up every morning to plow a potato field in wartime, to bring kids with no prospects into the world. To live poor—that takes courage.","3","4","The Djinn","Reddington shares a parable about courage while Lizzie reads from a script in an old theater.","Transcript S03E04","ClaudeMiner","Lizzie","wisdom; poverty; courage","parable","4"
"Is it just me or is the human race armed with religion, poisoned by prejudice, and absolutely frantic with hatred and fear, galloping pell-mell back to the Dark Ages? Who on Earth is hurt by a little girl going to school or a child being gay?","3","4","The Djinn","","https://thehabitstacker.com/raymond-reddington-quotes/","HabitStacker",,,,
"Honestly, is it just me, or is the human race, armed with religion, poisoned by prejudice, and absolutely frantic with hatred and fear, galloping pell-mell back to the dark ages?","3","4","The Djinn","Reddington confronts Nasim about her father forcing gender reassignment on her for being gay, criticizing religious hypocrisy.","Transcript S03E04","ClaudeMiner","Nasim","morality; justice; identity","monologue","5"
"You want to know my fantasy, Nasim? To escape a hopeless police standoff in style with two sensational women on my arms. Shall we?","3","4","The Djinn","Reddington proposes a dramatic escape from the FBI siege with style and charm.","Transcript S03E04","ClaudeMiner","Nasim","humor; freedom; survival","humor","3"
"Who on earth is hurt by a little girl going to school or a child being gay?","3","4","The Djinn","Continuing his monologue, Reddington challenges the absurdity of prejudice and intolerance.","Transcript S03E04","ClaudeMiner","Nasim","justice; freedom; morality","wisdom","4"
"I've secured a safe site less than a mile away— Call me as soon as you arrive. ... Dembe? Dembe? We're gonna get you well.","3","5","Arioch Cain","Reddington shows concern after Dembe is gravely wounded and captured by Solomon.","Transcript S03E05","ClaudeMiner","Elizabeth Keen (speaking of Dembe)","loyalty; family; sacrifice","emotional","3"
"Everyone has a way they want to be perceived— a cover story, a lie. They tell you what they want you to believe. But I think actions speak louder than words, especially the ones we take out of loyalty or our sense of duty or love or out of hope for a second chance. That's all I want for you, Liz— a second chance. I'll do anything to make sure that you get it.","3","5","Arioch Cain","Reddington leaves a heartfelt voicemail for Lizzie after faking her death to protect her from the bounty.","Transcript S03E05","ClaudeMiner","Elizabeth Keen","truth; loyalty; love; sacrifice","emotional","5"
"I admire the way you're dealing with your addiction, Donald. I tried NA once after an opium den in Kuala Lumpur got the best of me. Didn't stick. I couldn't get past the requirement to believe in a power greater than myself.","3","5","Arioch Cain","Reddington comments on Ressler's attendance at a 12-step meeting while trying to recruit him for help.","Transcript S03E05","ClaudeMiner","Donald Ressler","wisdom; humor; survival","monologue","4"
"Love isn't like an orgasm, Mr. Buckley. Once is quite enough.","3","5","Arioch Cain","Reddington, posing as Matt Buckley at Asher Sutton's engagement party, comments on love after being asked if he's ever acquired it.","Transcript S03E05","ClaudeMiner","Matt Buckley","wisdom; humor; love","one-liner","5"
"To do what I do well, I need my enemies to fear me. Every life that I take sends a message.","3","5","Arioch Cain","Reddington explains his philosophy to Asher Sutton after the man offers to fix his own problems.","Transcript S03E05","ClaudeMiner","Matt Buckley (Asher Sutton)","power; survival; morality","wisdom","4"
"An African bull elephant weighs 14,000 pounds, and this can bring one down. I happened upon one of those magnificent creatures in the Zambezi Valley, and one of these came in quite handy. ... Lord, no. I shot the poacher that was about to kill the elephant.","3","5","Arioch Cain","Reddington threatens the gunsmith by examining his rifle and sharing a story to illustrate his own moral code.","Transcript S03E05","ClaudeMiner","Gunsmith Zachary O'Toole (Zed)","justice; wisdom; morality","parable","5"
"I have good news. Dembe made contact. ... We have a protocol. He initiated it. I'll meet him later today.","3","5","Arioch Cain","Reddington reassures Lizzie after a near-fatal encounter with Wendigo's bullet, speaking of Dembe's survival.","Transcript S03E05","ClaudeMiner","Elizabeth Keen","loyalty; trust; family","emotional","3"
"We will avenge this good man's death, I promise you.","3","5","Arioch Cain","Reddington comforts Lizzie after Dembe is shot and they are forced to leave him behind.","Transcript S03E05","ClaudeMiner","Elizabeth Keen","loyalty; revenge; survival","emotional","4"
"The future is a sucker’s bet, a maybe, a contingency, a “What if?","3","6","Sir Crispin Crandall","","https://thehabitstacker.com/raymond-reddington-quotes/","HabitStacker",,,,
"Someone is building an ark, Lizzy, and populating it with some of the most brilliant minds of our time.","3","6","Sir Crispin Crandall","Reddington explains to Lizzy that the abduction of brilliant scientists is not random but part of a larger, deliberate plan.","Transcript S03E06","ClaudeMiner","Lizzie","wisdom; crime; power","wisdom","4"
"You see, if you were a betting man, you would understand that now trumps later every time.","3","6","Sir Crispin Crandall","","https://thehabitstacker.com/raymond-reddington-quotes/","HabitStacker",,,,
"The only thing that is real is the present, and you’ve plundered it, robbed it of the very geniuses that might have averted the dystopia you so fear.","3","6","Sir Crispin Crandall","","https://everydaypower.com/raymond-reddington-quotes/","EverydayPower",,,,
"Your own people will beg me to kill you to stop the bleeding.","3","6","Sir Crispin Crandall","Reddington threatens the Director over the phone, promising to dismantle the Cabal and force his own allies to turn on him.","Transcript S03E06","ClaudeMiner","Peter (The Director)","power; revenge; betrayal","threat","4"
"You've doubled down on extinction.","3","6","Sir Crispin Crandall","Reddington delivers his concluding judgment on Crandall's shortsighted plan.","Transcript S03E06","ClaudeMiner","Sir Crispin Crandall","wisdom; humor","one-liner","4"
"What's death? It's just a process, right?","3","6","Sir Crispin Crandall","Reddington dismisses Crandall's death with dark humor, echoing Crandall's own philosophy.","Transcript S03E06","ClaudeMiner","Dembe (implied)","death; humor; wisdom","one-liner","4"
"Dead? Pishposh. What’s death? It’s just a process, right?","3","6","Sir Crispin Crandall","","https://everydaypower.com/raymond-reddington-quotes/","EverydayPower",,,,
"The future is a sucker's bet—a maybe, a contingency, a 'What if?' The only thing that is real is the present, and you've plundered it—robbed it of the very geniuses that might have averted the dystopia you so fear.","3","6","Sir Crispin Crandall","Reddington confronts Crandall about his plan to freeze geniuses for the future, arguing that sacrificing the present for an uncertain future is foolish.","Transcript S03E06","ClaudeMiner","Sir Crispin Crandall","wisdom; morality; survival","monologue","5"
"According to legend, a great and wise bird raised the young warrior Zal in her nest atop the highest peak of Damavand. When he came of age, she gave him a plume of her radiant feathers to burn if he was ever in desperate need, and she would come to his aid. Pity. You seem to be fresh out of feathers.","3","7","Zal Bin Hasaan","Reddington tells the legend of Zal to taunt Shahin, then delivers a cutting one-liner about his predicament.","Transcript S03E07","ClaudeMiner","Zal Bin Hasaan (Shahin)","wisdom; humor; power","monologue","5"
"I know you don't approve of what I did — giving him to Reddington. Reddington saved your life. If giving him Hasaan was the price for that, I'd pay it twice over.","3","7","Zal Bin Hasaan","Reddington (paraphrased by Samar) reflects on the value of a life saved, justifying his deal.","Transcript S03E07","ClaudeMiner","Samar Navabi","loyalty; sacrifice; trust","emotional","4"
"What really matters is this here now. Nothing else is guaranteed.","3","7","Zal Bin Hasaan","Reddington advises Ressler after a dangerous operation, emphasizing living in the present.","Transcript S03E07","ClaudeMiner","Ressler","wisdom; survival; regret","wisdom","4"
"Do I dare to eat a peach? I may as well live dangerously.","3","7","Zal Bin Hasaan","Reddington references T.S. Eliot while drinking bellinis at someone's home, acknowledging the danger of his visit.","Transcript S03E07","ClaudeMiner","unknown","wisdom; humor; survival","one-liner","4"
"The way he's singing, he could be Ethel Merman for all I care.","3","7","Zal Bin Hasaan","Reddington comments on a captive's willingness to talk, showing his dark humor.","Transcript S03E07","ClaudeMiner","unknown","humor; crime","one-liner","3"
"Best glass-smith in New England. Nobody could free-blow a vase like Theodore Bundy. Can you imagine? Ted Bundy, an amazing craftsman, couldn't sell a vase.","3","7","Zal Bin Hasaan","Reddington uses a dark parable to pressure a smuggler into admitting his identity and cooperation.","Transcript S03E07","ClaudeMiner","Farzin","wisdom; humor; crime","parable","5"
"What now? That's your decision. You can turn him in. You know what will happen — rendition, hunger strikes, eventually death in whatever hellhole he's thrown into. Or you can give him to me. The best I can offer is death with a purpose. Which is? Agent Keen's freedom.","3","7","Zal Bin Hasaan","Reddington offers Samar a moral choice: turn over her brother (Hasaan) for Liz's exoneration or let him die in custody.","Transcript S03E07","ClaudeMiner","Samar Navabi","sacrifice; justice; morality","threat","5"
"I was at Wing Yee for their wonton soup. It is fantastic. You should try some. It will calm your nerves.","3","7","Zal Bin Hasaan","Reddington deflects suspicion about being at the restaurant where Liz was supposed to meet Tom.","Transcript S03E07","ClaudeMiner","FBI agents","humor; wisdom","one-liner","3"
"I have diplomatic immunity. You may expel me or let me go, but you may not under any circumstance bore me.","3","7","Zal Bin Hasaan","Reddington is detained but uses wit and his diplomatic status to dismiss the situation.","Transcript S03E07","ClaudeMiner","FBI agents","humor; power; survival","one-liner","4"
"I wouldn't be at all surprised if I were to walk out of these woods alive and I sincerely doubt you'll be as lucky.","3","8","Kings of the Highway","Reddington calmly predicts his own survival while warning his captor of a dire fate.","Transcript S03E08","ClaudeMiner","Pablo","survival; threat","threat","4"
"See, this is why I don't go to family reunions. Aunt Lucile is always arguing with Buddy, Uncle Scott is drunk by noon, and someone's hand is always in the wrong cookie jar.","3","8","Kings of the Highway","Reddington quips about family dysfunction as the gang turns on each other.","Transcript S03E08","ClaudeMiner","Pablo and Cash","humor; family","one-liner","3"
"Didn't I tell you that whether or not you're breathing when I dump you depends on how polite you are?","3","8","Kings of the Highway","After freeing himself, Reddington turns the tables on his captor with a dark reminder.","Transcript S03E08","ClaudeMiner","Pablo","threat; humor","threat","4"
"Our operations are remarkably similar, albeit mine functions on a somewhat grander scale, certainly more hygienic. But at the end of the day, it all boils down to the same basic principle. We steal from others, but not from each other.","3","8","Kings of the Highway","Reddington draws a parallel between his criminal enterprise and the highway gang, emphasizing loyalty.","Transcript S03E08","ClaudeMiner","Pablo","crime; loyalty; wisdom","monologue","5"
"You like getting hurt, Jilly. You wouldn't be here with them if you didn't.","3","8","Kings of the Highway","Reddington psychoanalyzes the violent gang member after she spills tea on him.","Transcript S03E08","ClaudeMiner","Jilly","wisdom; survival","wisdom","4"
"You're highwaymen. 'KOTH'. Knights Kings Of The Highway. How romantic.","3","8","Kings of the Highway","After being captured by the gang, Reddington dryly comments on their aspirational name.","Transcript S03E08","ClaudeMiner","Cash","humor; crime","one-liner","3"
"You are aware you need to clean and oil these from time to time, right? Next one's going in your head.","3","8","Kings of the Highway","Reddington disarms a gang member and criticizes his weapon maintenance.","Transcript S03E08","ClaudeMiner","Pablo","humor; threat","threat","3"
"See, This is why I don’t go to family reunions.","3","8","Kings of the Highway","","https://thehabitstacker.com/raymond-reddington-quotes/","HabitStacker",,,,
"It wasn't weakness that prevented you from watching your friend die today. It was hope, and thank heavens you were in a hopeful mood.","3","9","The Director","Reddington reassures Aram that his hope, not weakness, led him to save Liz.","Transcript S03E09","ClaudeMiner","Aram Mojtabai","hope; wisdom; survival","wisdom","5"
"Your dad. You wanna know if he died for nothing. Whether he did or didn't depends on whether you pull that trigger.","3","9","The Director","Reddington counsels Ressler not to execute Solomon, linking it to Ressler's father's legacy.","Transcript S03E09","ClaudeMiner","Donald Ressler","legacy; morality; justice","wisdom","4"
"I prefer that slight curve at the small of the back, the swell of a breast, the soft nape of the neck to quicken my heartbeat.","3","9","The Director","Reddington explains his disdain for stimulants while discussing a cocaine stash, revealing his sensual preferences.","Transcript S03E09","ClaudeMiner","Samar Navabi","humor; wisdom","humor","3"
"I don't know. Since I've been hanging out with you. I'm not happy about it either.","3","9","The Director","Reddington quips about growing a conscience after Ressler asks why he's stopping him from killing Solomon.","Transcript S03E09","ClaudeMiner","Donald Ressler","humor; morality","humor","4"
"When Spanish explorers reached South America, they heard stories about a gold-dusted tribal chief dumping vast piles of treasure into Lake Guatavita as an offering. The Spaniards actually drained the lake. Of course, all they found was a handful of trinkets. So they killed all the natives, and El Dorado came to represent the fantasy of boundless wealth-- and that is what's inside the package.","3","9","The Director","Reddington tells the story of El Dorado to explain the contents of the 'care package' — the stolen printing plates.","Transcript S03E09","ClaudeMiner","Samar Navabi","wisdom; crime","parable","4"
"There are no beatings here, Donald. No winners or losers. There is only Agent Keen's life.","3","9","The Director","Reddington dismisses Ressler's claim of victory after arresting Liz, focusing instead on her survival.","Transcript S03E09","ClaudeMiner","Donald Ressler","survival; morality; wisdom","wisdom","4"
"I've stood over the open grave of someone I've loved too often. Once for my mother. And then the others.","3","9","The Director","Reddington shares personal loss to connect with Aram's fear of losing Liz.","Transcript S03E09","ClaudeMiner","Aram Mojtabai","death; gratitude","emotional","4"
"I've always believed luck to be a function of intent-- in this case, mine.","3","9","The Director","Reddington explains that he's been preparing for the Cabal's moves against Liz.","Transcript S03E09","ClaudeMiner","Donald Ressler","power; wisdom","one-liner","4"
"There are foundational elements in our lives. People that form the brick and mortar of who we are. People that are so deeply imbedded that we take their existence for granted until suddenly, they're not there. And we collapse into rubble.","3","9","The Director","Reddington reflects on loss and gratitude while standing at an empty grave with Aram after Liz's rescue.","Transcript S03E09","ClaudeMiner","Aram Mojtabai","death; gratitude; wisdom","monologue","5"
"I'm actually a great proponent of marital therapy. Worked for me. Then again, I had sort of a thing for the therapist. Lovely voice.","3","10","The Director: Conclusion","Reddington comments on the Director's routine during a briefing about the abduction plan.","Transcript S03E10","ClaudeMiner","Task Force (likely Aram or Bazz)","humor; wisdom","humor","3"
"Oh, your God can't help you now, Peter. You're traveling over the Atlantic, on the Venezuelan President's Airbus, on your way to The Hague.","3","10","The Director: Conclusion","Reddington delivers a chilling, triumphant line as he reveals the Director's fate.","Transcript S03E10","ClaudeMiner","Peter Kotsiopulos","revenge; power; justice","monologue","5"
"Heavens, no. Nothing nearly so pedestrian. The fact is, you're not my prisoner at all. You're officially in the custody of the Bolivarian Republic of Venezuela.","3","10","The Director: Conclusion","Reddington reveals the true nature of the Director's abduction on the Venezuelan jet.","Transcript S03E10","ClaudeMiner","Peter Kotsiopulos (The Director)","power; revenge; justice","threat","5"
"Fairness is overrated. And maybe there's a way to get you all the way back. But for now, Lizzy, for today, sign the deal.","3","10","The Director: Conclusion","Reddington urges Elizabeth to take the deal, offering a sliver of hope for the future.","Transcript S03E10","ClaudeMiner","Elizabeth Keen","wisdom; survival; morality","wisdom","4"
"I told you some time ago, when you pulled that trigger, you crossed a threshold. You stepped from your world into mine. I wish I could deliver the perfect outcome, but I'm afraid...","3","10","The Director: Conclusion","Reddington persuades Elizabeth to accept the deal, acknowledging her transformation.","Transcript S03E10","ClaudeMiner","Elizabeth Keen","identity; morality; family","emotional","5"
"I envy anyone who can sleep soundly on a plane. Then again, I've never been injected with propofol. You have the post toasties?","3","10","The Director: Conclusion","Reddington taunts the Director as he wakes up on the plane.","Transcript S03E10","ClaudeMiner","Peter Kotsiopulos","humor; power","humor","3"
"Everybody likes apples.","3","10","The Director: Conclusion","","Manual Input","ManualIngest",,,,
"I can't think of even one set of circumstances in which that would be any of your business.","3","10","The Director: Conclusion","Reddington coldly refuses Laurel Hitchin's question about his relationship to Elizabeth.","Transcript S03E10","ClaudeMiner","Laurel Hitchin","identity; family; power","one-liner","4"
"I abhor working with a partner. Sharing my hand with anyone goes against every instinct I have. But such is life. Here we are.","3","10","The Director: Conclusion","Reddington explains his distaste for collaboration as he outlines his plan to save Elizabeth Keen.","Transcript S03E10","ClaudeMiner","Task Force (Harold Cooper, others)","wisdom; trust; survival","wisdom","4"
"So, five weeks ago, I called the Metro PD to report a sighting of Raymond Reddington at the Del Rio diner. I created a hostage crisis so you would be so kind as to release my attorney, Marvin Gerard, from prison.","3","10","The Director: Conclusion","Reddington reveals the long-term setup of his plan to exonerate Elizabeth.","Transcript S03E10","ClaudeMiner","Task Force","crime; power; truth","monologue","4"
"See, this is why I don't play well with partners. Don't fret, Harold. I'm holding all the trumps. I'll be the declarer, you be the dummy, and we'll win the hand.","3","10","The Director: Conclusion","Reddington dismisses Cooper's concerns about his plan, using a bridge metaphor.","Transcript S03E10","ClaudeMiner","Harold Cooper","wisdom; power; trust","one-liner","3"
"Tell all our friends in Hell to be patient. I'll be along soon enough.","3","11","Mr. Gregory Devry","Reddington dismisses Marcus after exposing him as the traitor and orchestrator of the fake Reddington plot.","Transcript S03E11","ClaudeMiner","Marcus Caligiuri","revenge; humor; death","threat","3"
"You can go after a man's business, Marcus, even his associates, but other than family, the only thing off-limits is a man's reputation.","3","11","Mr. Gregory Devry","Reddington confronts Marcus Caligiuri at the Shell Island retreat for falsely accusing him of betrayal.","Transcript S03E11","ClaudeMiner","Marcus Caligiuri","loyalty; morality; legacy; betrayal","wisdom","4"
"You will not marry her. Why? Because I didn't ask daddy's permission? Is that really why you called me here? Or did you just want someone to play go fish? You married her over my objection once. It will not happen again.","3","11","Mr. Gregory Devry","Reddington confronts Tom about his proposal to Elizabeth, asserting his authority and disapproval.","Transcript S03E11","ClaudeMiner","Tom Keen","family; loyalty; betrayal","threat","4"
"I know you said you don't know where this meeting is, and I want to believe you, but if this is another one of your games, if you have some sort of hidden agenda, and you plan on going, don't. If we show up and you're there, it'll only confirm their suspicions.","3","11","Mr. Gregory Devry","Reddington warns Elizabeth not to attend the Shell Island retreat for her own safety.","Transcript S03E11","ClaudeMiner","Elizabeth Keen","trust; protection; survival","emotional","3"
"Your past three months have been what my life has been like for the past 25 years. I'm often exhausted.","3","11","Mr. Gregory Devry","Reddington responds to Lizzy's suggestion that he might need a break after the past few months.","Transcript S03E11","ClaudeMiner","Elizabeth Keen","wisdom; survival; regret","wisdom","4"
"The secrets she took with her could compromise any number of players on that map. They'll be coming. They'll be coming for you. But I don't know anything. They don't know that. You can't walk away, Lizzy. They won't let you.","3","11","Mr. Gregory Devry","Reddington warns Elizabeth that she cannot leave the criminal world because her mother's secrets will bring powerful enemies after her.","Transcript S03E11","ClaudeMiner","Elizabeth Keen","truth; identity; survival; freedom","monologue","5"
"Hell hath no fury like a fundamentalist scorned.","3","12","The Vehm","Red comments after the Vehm captures the cardinal who deceived them.","Transcript S03E12","ClaudeMiner","Lizzie","revenge; betrayal; wisdom","one-liner","4"
"Generally speaking, I'm not a huge fan of the incorruptible, but your new pontiff? He is not your father's holy father. He has an undeniable decency, which you sorely lack.","3","12","The Vehm","Red praises the new Pope while insulting the corrupt cardinal.","Transcript S03E12","ClaudeMiner","Cardinal Richards","morality; power; betrayal","threat","4"
"I keep trying to explain to Dembe, but I'm no singer. Just one song! Ah! Michael, row your boat ashore, hallelujah!","3","12","The Vehm","Red forces a campfire song from Gerald during their tense meeting in the woods.","Transcript S03E12","ClaudeMiner","Gerald Sullivan","humor; survival; power","humor","3"
"Sooner or later, we all pay for our sins.","3","12","The Vehm","Red says this to the therapist just before killing him with a medieval device.","Transcript S03E12","ClaudeMiner","Dr. Meyer (pedophile)","justice; revenge; morality","one-liner","4"
"Did you take him out to expand yours? Yes. To raise capital in preparation for war. What war? Ours.","3","12","The Vehm","Red admits to manipulating the Vehm to kill Cardinal Richards, revealing his plan for a future war with Lizzie.","Transcript S03E12","ClaudeMiner","Lizzie","power; revenge; trust","monologue","5"
"You know what my problem with religion is? Man. Like anything that has a potential to be beautiful, man will turn it into something ugly. For every saint, there are two million sinners.","3","12","The Vehm","Red remarks on the corruption of religion while confronting the cardinal at the school.","Transcript S03E12","ClaudeMiner","Cardinal Richards","morality; wisdom; humor","wisdom","4"
"When your mother was pregnant with you, it was terribly inconvenient. The Cold War was ending. Our country was falling apart... Not one day of her pregnancy did she ever think of you as anything but a curse. And then, from the second you were born there was never a day when she thought you were anything but a blessing. In my experience, there is never a convenient time to have a child... But if in saying that, I left you with the impression that I didn't think you should have your baby, I'm sorry for that, because nothing could be further from the truth.","3","12","The Vehm","Red comforts Lizzie about her pregnancy, sharing the story of her mother's pregnancy to reassure her that a child is always a blessing.","Transcript S03E12","ClaudeMiner","Lizzie","family; truth; wisdom","emotional","5"
"What I did was for your protection. Taking his job away. I'm not a threat to your safety, Lizzy, or your child's. On the contrary, I can guarantee it, but I cannot do that if you run away.","3","12","The Vehm","Red explains why he sabotaged Tom's job and urges Lizzie not to run from him.","Transcript S03E12","ClaudeMiner","Lizzie","protection; trust; loyalty","emotional","4"
"I'm a violent man. I've taken on a life that requires it. I hurt people. I kill people. And each time I do, in that moment, another part of me dies along with them. When I was young, I romanticized the life of an outlaw. Bad guys. That was a long time ago.","3","12","The Vehm","Red confesses to Lizzie the personal cost of his violent life.","Transcript S03E12","ClaudeMiner","Lizzie","identity; morality; survival","monologue","5"
"This symbol—I saw it once. Said to be the mark of the man who can do the impossible.","3","13","Alistair Pitt","Reddington introduces himself to the Eriksson sons, using the promnestria's symbol to gain entry.","Transcript S03E13","ClaudeMiner","Dag and Gregor Eriksson","wisdom; legacy","wisdom","3"
"Your law enforcement agencies love their gadgets and their sweeps. The FBI admitted to spending, what, a billion dollars in facial-recognition software? Which means they spent at least $3 billion. Honestly, if I paid taxes, I'd be outraged.","3","13","Alistair Pitt","Reddington sarcastically comments on government inefficiency and spending while discussing the search for the promnestria.","Transcript S03E13","ClaudeMiner","Lizzie","humor; wisdom","humor","4"
"The people who do all the cooking, cleaning, washing, carrying, and parking, they have access to everything.","3","13","Alistair Pitt","Reddington explains how he utilizes Rogelio's network of hotel staff to find the promnestria.","Transcript S03E13","ClaudeMiner","Lizzie","wisdom; crime","wisdom","3"
"I am but a humble guest, but please permit me to raise a glass to what I think we all can agree is the most improbable yet consequential occasion.","3","13","Alistair Pitt","Reddington interrupts the wedding toast to draw out the promnestria.","Transcript S03E13","ClaudeMiner","The gathered families","humor; wisdom","humor","3"
"You destroyed a creature more beautiful than you could ever comprehend.","3","13","Alistair Pitt","Reddington confronts Pitt in a Paris flat, blaming him for the death of Josephine Molire, a victim of one of his arranged marriages.","Transcript S03E13","ClaudeMiner","Alistair Pitt (the promnestria)","death; justice; regret","emotional","4"
"I once spent three weeks cooped up in a motel in Zihuatanejo just glued to the telenovela 'Amorcito Corazón'—'My Darling Sweetheart.' This unlucky-in-love architect who lost the love of her life when she was 18 because of her controlling father. But perhaps I cut too close to the bone.","3","13","Alistair Pitt","Reddington uses a telenovela parable to expose Mads Eriksson's role in his son Christopher's fiancée's death.","Transcript S03E13","ClaudeMiner","Mads Eriksson and the gathered families","betrayal; family; humor","parable","5"
"The promnestria will require a meeting of all family members to formalize the arrangement.","3","13","","Mined from transcript","Transcript S03E13","TranscriptMining",,,,
"There's some good in the worst of us and some evil in the best of us. And when we discover this, we are less prone to hate our enemies.","3","13","Alistair Pitt","Reddington makes a toast at the Eriksson-Vacarro merger dinner, philosophizing about human nature.","Transcript S03E13","ClaudeMiner","Mads Eriksson and the gathered families","morality; wisdom; humor","wisdom","5"
"Love isn't a feeling. It's a choice.","3","13","Alistair Pitt","Reddington consoles Christopher Eriksson about his fiancée's death, offering a profound truth about love.","Transcript S03E13","ClaudeMiner","Christopher Eriksson","love; wisdom; sacrifice","wisdom","5"
"I was always partial to shapeshifters, who seemed good and sweet, but they were full of unimaginable darkness.","3","14","Lady Ambrosia","Reddington shares his childhood love of fairy tales while explaining the myth of Lady Ambrosia.","Transcript S03E14","ClaudeMiner","Lizzie","identity; wisdom; morality","wisdom","4"
"The only thing that could change my mind is you bringing her back. But since that's not possible, the answer is no.","3","14","Lady Ambrosia","Vasilia refuses Reddington's request for the Glasnost files, even when he offers answers about her daughter.","Transcript S03E14","ClaudeMiner","Vasilia Patinka","family; loss; regret","emotional","3"
"You think your life is too dangerous for a child. But what is your life without one? I can tell you from personal experience—not much.","3","14","Lady Ambrosia","Reddington responds to Lizzie's plan to give up her baby, reflecting on his own loneliness.","Transcript S03E14","ClaudeMiner","Lizzie","family; love; wisdom","wisdom","5"
"It's been some time since freshman English, but I seem to recall that fairy tales about abandonment, death, and witches are supposed to allow children to deal with their fears in symbolic terms, but there's nothing symbolic about this place. You're a real witch.","3","14","Lady Ambrosia","Reddington confronts the killer, mocking her twisted fairy-tale metaphor.","Transcript S03E14","ClaudeMiner","Lady Ambrosia","morality; wisdom; justice","monologue","5"
"I doubt I would have. But you've turned it into a calling. Nikolai would be proud.","3","14","Lady Ambrosia","Reddington acknowledges Vasilia's resilience after her traumatic past, honoring her late husband.","Transcript S03E14","ClaudeMiner","Vasilia Patinka","survival; legacy; loyalty","emotional","3"
"I don't want your protection any more than I want your money. The money isn't for you. It's very generous. I can appreciate that it comes from a place of concern, but it's dirty money, and I just don't want it. I don't need it. No, but your child does.","3","14","Lady Ambrosia","Lizzie rejects Reddington's money for her baby, but he insists it's for the child's future.","Transcript S03E14","ClaudeMiner","Lizzie","family; sacrifice; legacy","emotional","5"
"Every culture has their version of a mythic creature who takes children. The Germans have Der Grossmann, the Mexicans—La Llorona. But there are whispers that Lady Ambrosia is not a myth, that there's a real woman out there—takes unwanted children and raises them with the promise of eternal youth.","3","14","Lady Ambrosia","Reddington connects global folklore to the current case of missing children.","Transcript S03E14","ClaudeMiner","Lizzie","wisdom; crime; survival","monologue","3"
"From where I sit, there's only one ugly person in the room, and it's certainly not you, Theo.","3","14","Lady Ambrosia","Reddington comforts the boy who feels ugly, directly calling out the mother's cruelty.","Transcript S03E14","ClaudeMiner","Theo","morality; compassion; wisdom","one-liner","5"
"If you find this woman, if you get it done fast, your tawdry liaisons at the no-tell motel will be a thing of the past, as I will personally introduce you to two young ladies you will never forget—soft, warm, blond, and willing.","3","14","Lady Ambrosia","Reddington bribes Glen with the promise of two women to expedite his search for Vasilia Patinka.","Transcript S03E14","ClaudeMiner","Glen","humor; manipulation","threat","4"
"As the French say, la petite mort.","3","14","Lady Ambrosia","Reddington dismisses Glen's excuse about a nooner, referencing the French phrase for orgasm.","Transcript S03E14","ClaudeMiner","Glen","humor","one-liner","4"
"I know I say things that unsettle you about the dangers that lie ahead. I know I anger you with things I say about Tom. But if I've ever given you the impression that you won't survive this, that you and your child aren't going to have the simple life that I know you long for, I'm sorry. Because you are going to have that, Lizzy.","3","15","Drexel","Reddington reassures Lizzie about her future and her baby after a tense argument about Tom.","Transcript S03E15","ClaudeMiner","Lizzie","family; sacrifice; love","emotional","5"
"People say youth is wasted on the young. I disagree. I believe wisdom is wasted on the old. All you can do is part with it, but very few will take it. Least of all, the people closest to you. They want no part of it.","3","15","Drexel","Reddington reflects on why she ignores his warnings about Tom, after he saved Tom's life through his surgeon Nik.","Transcript S03E15","ClaudeMiner","Lizzie","wisdom; family","wisdom","5"
"People say youth is wasted on the young. I disagree. I believe wisdom is wasted on the old.","3","15","Drexel","","https://multiple-sources","WebResearch",,,,
"You know, I've often considered my love of art, and I realized it's not just the art—it's the artist. I like art a lot, but I love artists. I love the stories behind their work, the characters. Lopping off ears, rankling the establishment with paintings of soup cans, often boldly revealing themselves to our keen observation and insight, our scrutiny. What a marvelous thing, the courage to create. Though I must say, nothing about your work strikes me as courageous. It seems self-indulgent, petulant. Like a tantrum from a child who's just realized that the world can be a dark and unfair place.","3","15","Drexel","Reddington confronts Drexel in his art studio, criticizing his murders as art and questioning his courage.","Transcript S03E15","ClaudeMiner","Drexel","morality; wisdom; justice","monologue","5"
"You know, I always liked that name. Louis Armstrong was called 'Pops.' Willie Stargell, the legendary Pittsburgh Pirate. My lord, that man could smack a fastball. There was Pops Foster, Pops Fernandez... And then there are different pops entirely. Like the pops you hear when your shoulder's being dislocated. I need you to hop on that radio of yours and let whoever's in charge know that I'm outside.","3","15","Drexel","Reddington is cornered by a thug who calls him 'Pops'; he delivers a monologue about the name before threatening him.","Transcript S03E15","ClaudeMiner","unknown","humor; threat","threat","5"
"Amazing times, these, don't you think? When any Tom, Dick, or Sally with a laptop and internet access can declare herself a journalist.","3","15","Drexel","Reddington confronts a journalist who refuses to reveal her source, Drexel.","Transcript S03E15","ClaudeMiner","Rachel Hobbs (Rimona)","humor; wisdom","one-liner","4"
"I admire your respect for anonymity, Rachel, but your principles are a luxury I can no longer afford. So I'll give you a choice—you can protect his anonymity or yours.","3","15","Drexel","Reddington threatens to expose the journalist's true identity if she doesn't help him find Drexel.","Transcript S03E15","ClaudeMiner","Rachel Hobbs (Rimona)","survival; trust","threat","4"
"Velov is the one who lied to you, Lizzy, not me. Katarina Rostova committed suicide in 1990. Velov was the agent assigned to find her. He was getting close, she knew it. That's why she allegedly walked into the ocean. She wanted the world to believe she drowned. But Velov knows differently. He tracked her to a hotel in Prague. She had just left. But in such a hurry, she missed this—a photo of her little girl. Me.","3","16","The Caretaker","Reddington explains to Lizzie that her mother is still alive, contradicting Velov's earlier story.","Transcript S03E16","ClaudeMiner","Lizzie","truth; identity; family","monologue","5"
"Harold, forgive Charlene. A friend told me recently that forgiveness won't change the past but could very well change the future. Apparently, nothing is unforgivable. Go home, Harold.","3","16","The Caretaker","Reddington advises Cooper to go home and reconcile with his wife.","Transcript S03E16","ClaudeMiner","Cooper","forgiveness; wisdom; family","wisdom","4"
"Luftreiber Air? What secret of theirs is he keeping? A copy of a contract between an airline and the German government.","3","16","","Mined from transcript","Transcript S03E16","TranscriptMining",,,,
"That could easily have been planted. You said the name Masha Rostova had been lost to history until the manhunt. Now it's out there, and someone's looking for me. It's my mother. Who else would care? Who?","3","16","The Caretaker","Lizzie insists the photo is proof her mother is alive and searching for her.","Transcript S03E16","ClaudeMiner","Lizzie","family; truth; identity","emotional","4"
"If anything happened to me, this was to go to Elizabeth. So she would know. Now I'm not sure I ever want her to know. Perhaps, Raymond, in this case, what you want is irrelevant. If the universe wants her to know, she will find a way.","3","16","The Caretaker","Reddington and Dembe discuss whether Lizzie should learn the truth about her mother.","Transcript S03E16","ClaudeMiner","Dembe","truth; fate; identity","monologue","5"
"They say two things will survive a nuclear holocaust—cockroaches and twinkies. You're a little of both.","3","16","The Caretaker","Reddington meets Mr. Kaplan after she shot him, commenting on her resilience.","Transcript S03E16","ClaudeMiner","Mr. Kaplan","humor; survival; regret","one-liner","4"
"Peace is boring. Not if I have to put a hole in your head to get it.","3","16","The Caretaker","Reddington offers peace to Mr. Kaplan, then threatens her when she attacks.","Transcript S03E16","ClaudeMiner","Mr. Kaplan","power; revenge; humor","threat","3"
"My wife and unborn child died a few months before. I was out for a drive, and I saw her crossing the street. She tripped. Her father—mean. Drunk. He started beating on her. I got out, went over to him to explain, 'She's just a little girl.' A beautiful little girl. Words were exchanged. He took a swing at me. I moved in in self-defense. He went down hard. As he lay there bleeding, I felt a little hand in mine. She just took it. Like she was saying, 'Thank you.' We walked back to the car. She got in willingly. And we left.","3","16","The Caretaker","Reddington tells The Caretaker the true story of how he 'saved' Rose as a child.","Transcript S03E16","ClaudeMiner","The Caretaker","family; sacrifice; truth","parable","4"
"Forgiveness can't change the past, but I believe it can change the future. That's a charming sentiment. But as far as I'm concerned, some things are unforgivable.","3","16","The Caretaker","Reddington responds to Lizzie's comment about forgiving Tom, hinting at his own grudges.","Transcript S03E16","ClaudeMiner","Lizzie","forgiveness; wisdom; regret","wisdom","5"
"Feels familiar, eh? Kinshasa. Let's hope this ends better than that did.","3","17","Mr. Solomon","Reddington and Dembe prepare for a firefight, reminiscing about a past dangerous mission.","Transcript S03E17","ClaudeMiner","Dembe","survival; trust","one-liner","3"
"All of this, indeed, is on me.","3","17","Mr. Solomon","Reddington takes responsibility for the danger Elizabeth is in, after she blames him for the attack.","Transcript S03E17","ClaudeMiner","Elizabeth Keen","sacrifice; regret; morality","emotional","4"
"We will get you out of this. Please don't ever do that again.","3","17","Mr. Solomon","Reddington helps Elizabeth after she deliberately exposed herself to protect others.","Transcript S03E17","ClaudeMiner","Elizabeth Keen","love; sacrifice; trust","emotional","4"
"Liz, if anything happens to you, if you get hurt or taken, none of this means anything.","3","17","Mr. Solomon","Reddington pleads with Elizabeth to stay hidden during the attack, showing his deep care for her.","Transcript S03E17","ClaudeMiner","Elizabeth Keen","love; sacrifice; family","emotional","5"
"Came together rather nicely. They went with ruby fringe tulips and pink peonies. You'd be impressed.","3","17","Mr. Solomon","Reddington sarcastically comments on the wedding flower arrangements while under siege.","Transcript S03E17","ClaudeMiner","Matias Solomon","humor; control","one-liner","4"
"In my years on this Earth, I've been blessed with some truly remarkable friendships. And I've come to believe that friends are indeed the family we choose.","3","17","Mr. Solomon","Reddington performs the wedding ceremony for Elizabeth and Tom, speaking about the nature of friendship and family.","Transcript S03E17","ClaudeMiner","Elizabeth Keen and Tom Keen","family; wisdom; love","monologue","5"
"I suppose a gold watch would have been too much to hope for.","3","17","Mr. Solomon","Reddington is about to be executed by a Cabal asset when he jokes about his years of service.","Transcript S03E17","ClaudeMiner","unknown","humor; survival; betrayal","one-liner","4"
"Choosing a partner means choosing that person's life to become your life. Their joy becomes your joy, as do their burdens.","3","17","Mr. Solomon","Reddington continues his wedding homily about the nature of partnership.","Transcript S03E17","ClaudeMiner","Elizabeth Keen and Tom Keen","love; wisdom; sacrifice","wisdom","4"
"I was loyal to the Cabal. Right up until they tried to kill me. I'm totally violating my non-compete agreement, but what the hell?","3","17","Mr. Solomon","Reddington mocks Solomon for betraying the Cabal after they tried to kill him, using corporate humor.","Transcript S03E17","ClaudeMiner","Matias Solomon","betrayal; humor; survival","one-liner","4"
"The sum of our choices are a weight that each individual carries alone. But as man and wife, as partners, you choose to shoulder that weight together.","3","17","Mr. Solomon","Reddington concludes his wedding speech about shared burdens.","Transcript S03E17","ClaudeMiner","Elizabeth Keen and Tom Keen","love; wisdom; sacrifice","wisdom","4"
"I'm afraid your wedding plans will have to wait, Lizzy.","3","18","","Mined from transcript","Transcript S03E18","TranscriptMining",,,,
"Oh, for God's sake, Dembe, spare me the mystical reassurance. Everything is not fine.","3","18","Mr. Solomon: Conclusion","Red snaps at Dembe's attempt to reassure him while Liz is in critical condition after the attack.","Transcript S03E18","ClaudeMiner","Dembe","survival; trust","emotional","4"
"It's the children whom the world almost breaks who grow up to save it.","3","18","Mr. Solomon: Conclusion","Red tells Liz she was talking about her daughter, but he clarifies he was referring to Liz herself, reflecting on her resilience.","Transcript S03E18","ClaudeMiner","Elizabeth Keen","wisdom; family; survival","wisdom","5"
"I don't want Elizabeth in the morgue. I want our people to handle this.","3","18","Mr. Solomon: Conclusion","After Elizabeth's death, Red insists on handling her remains personally, not leaving her to authorities.","Transcript S03E18","ClaudeMiner","unknown","loyalty; morality; death","emotional","4"
"You've never killed anyone who didn't deserve it. Yes. That is a fine thing. A noble thing. But not terribly difficult.","3","19","Cape May","Reddington comments on the ease of killing those who deserve it, during a conversation about their shared past.","Transcript S03E19","ClaudeMiner","unknown","morality; justice","wisdom","4"
"There was a woman I loved. She was my life. My heart. And she died. She left behind a little girl. One last, precious piece of herself.","3","19","Cape May","Reddington speaks about losing someone he loved and the child she left behind.","Transcript S03E19","ClaudeMiner","unknown","love; loss; family","emotional","4"
"I would give anything to be a part of that child's life, but a man made it clear I would never see her, hold her, watch her grow. And I knew in that moment, I would never be any part of that beautiful little girl's life. Because he was her father. And to harm him would be to harm her. A mortal sin.","3","19","Cape May","Reddington explains why he spared the child's father, despite wanting to be in her life.","Transcript S03E19","ClaudeMiner","unknown","family; sacrifice; love","emotional","5"
"There's always a choice.","3","19","Cape May","Reddington reflects on his decision to save the child instead of the mother, arguing against the idea that he had no choice.","Transcript S03E19","ClaudeMiner","unknown","choice; regret; morality","wisdom","4"
"I was arrogant. I presumed that there was an order to things, that there was that if I nourished and protected and taught the child, she would be safe and happy. And she was neither.","3","19","Cape May","Reddington explains his failed attempt to protect the child he saved, leading to her death.","Transcript S03E19","ClaudeMiner","unknown","regret; wisdom; family","monologue","5"
"Have you ever seen the aftermath of a suicide bombing? ... The closer they were to the bomber, the more horrific the effect. That's every suicide. Every single one. An act of terror perpetrated against everyone who's ever known you. Everyone who's ever loved you. The people closest to you the ones who cherish you are the ones who suffer the most pain, the most damage. Why would you do that?","3","19","Cape May","Reddington dissuades the woman from suicide by explaining the emotional devastation it causes loved ones.","Transcript S03E19","ClaudeMiner","unknown","death; love; regret","monologue","5"
"After I lost my daughter, I crawled into the wilderness like a mortally wounded animal, to get as far away from the pack as I could, to run out the clock. Run out the clock and die.","3","20","The Artax Network","Dom describes his own strategy for dealing with grief after losing Katarina, as advice to Reddington.","Transcript S03E20","ClaudeMiner","Reddington","death; grief; survival","monologue","5"
"But you've got one thing I haven't had for a long time. You've got a reason to walk out that door. It sounds to me like there are honest people out there who are depending upon you to... God help them.","3","20","The Artax Network","Dom tells Reddington that he has a purpose—to help those who rely on him.","Transcript S03E20","ClaudeMiner","Reddington","responsibility; survival; purpose","wisdom","4"
"You have it all wrong, dear. I didn't come to kill you. I came here because you and I are about to climb into bed together, just for a quickie. We now share a mutual enemy.","3","21","Susan Hargrave","After wounding Scottie in a scuffle, Reddington reveals his true intention: to form an alliance against Alexander Kirk.","Transcript S03E21","ClaudeMiner","Scottie Hargrave","revenge; power; humor","threat","5"
"I once spent part of a summer in Bermuda. The island. Certainly not the shorts. Not a lot to do there except ride motor scooters and play checkers with the locals. I'm more of a chess man myself. But one tactic that came naturally was the concept of forced capture – sacrificing a checker to force your enemy in one direction while your forces lie in wait for the exquisitely satisfying double jump.","3","21","Susan Hargrave","Reddington is being led to his execution by a corrupt guard, and he tells a parable about a game of checkers to foreshadow his escape plan.","Transcript S03E21","ClaudeMiner","TSA guard","wisdom; survival; humor","parable","5"
"Survival is all relative. There are limits, even for people like us. Especially for people like us.","3","21","Susan Hargrave","Reddington responds to Scottie's claim that the kidnapping was just a business decision for survival.","Transcript S03E21","ClaudeMiner","Scottie Hargrave","survival; morality","wisdom","4"
"Companies can so easily lose their way. Forget what it was that made them great to begin with.","3","21","Susan Hargrave","Reddington lectures Scottie on how Halcyon has fallen from its original promise, using a simile about AOL.","Transcript S03E21","ClaudeMiner","Scottie Hargrave","morality; wisdom; legacy","wisdom","3"
"I said 'double jump.' You're merely the first capture.","3","21","Susan Hargrave","Reddington springs his trap, knocking out the guard who was leading him to be killed.","Transcript S03E21","ClaudeMiner","TSA guard","survival; humor","one-liner","4"
"You look frightened. You should be.","3","21","Susan Hargrave","After Reddington killed Brad Clark and pinned a message to his body, he confronts Scottie Hargrave's messenger.","Transcript S03E21","ClaudeMiner","Scottie Hargrave","power; threat; fear","threat","4"
"In my experience, there's a very fine line between love and hate. We could do incredible things together.","3","22","Alexander Kirk","After Tom decides not to kill Scottie, Red remarks on the complexity of their relationship.","Transcript S03E22","ClaudeMiner","Scottie Hargrave","love; revenge; morality","wisdom","4"
"My, what a dear, sweet child. How did you get in here? With a seven-figure donation that built this wing.","3","22","Alexander Kirk","Red appears in a hospital nursery to speak with Tom about his daughter Agnes.","Transcript S03E22","ClaudeMiner","Tom Keen","power; family; wisdom","one-liner","3"
"You're right. But you and I both know that your wife is in a much better place.","3","22","Alexander Kirk","Tom blames Red for his wife's death during a tense car ride; Red responds with dark irony.","Transcript S03E22","ClaudeMiner","Tom Keen","death; loss; irony","one-liner","3"
"What the hell is this place? This is what happens when the government outsources 70% of its intelligence budget.","3","22","Alexander Kirk","Red takes Liz to Grey Matters, revealing the depth of private intelligence operations.","Transcript S03E22","ClaudeMiner","Elizabeth Keen","power; crime; wisdom","monologue","3"
"I have little use for politicians and even less for their politics.","3","22","Alexander Kirk","Red explains why he stole Diaz's campaign funds, showing his disdain for politics.","Transcript S03E22","ClaudeMiner","Senator Robert Diaz","power; truth; crime","one-liner","4"
"I don’t know if I should be thrilled or terrified.","3","22","Alexander Kirk","","https://thehabitstacker.com/raymond-reddington-quotes/","HabitStacker",,,,
"They say losing a child is something one never recovers from. I hope you never experience that kind of loss.","3","22","Alexander Kirk","Red offers condolences after Tom's wife Elizabeth was killed, drawing a parallel to his own loss.","Transcript S03E22","ClaudeMiner","Tom Keen","loss; death; empathy","wisdom","4"
"It's 'badges in the drawer' time, people. This is a revenge movie.","3","22","Alexander Kirk","Urging the FBI to set aside their morality and help him steal from Alexander Kirk.","Transcript S03E22","ClaudeMiner","FBI Task Force","morality; revenge; justice","one-liner","5"
"I must admit I've never liked you, Scottie. Looking at you makes my toes curl. But robbing the next President of the United States, this is gonna be a gas.","3","22","Alexander Kirk","Acknowledging his dislike for Scottie while expressing excitement for their joint operation.","Transcript S03E22","ClaudeMiner","Scottie Hargrave","humor; crime; revenge","one-liner","4"
"You want justice for Elizabeth. Justice, not vengeance. In my experience, they're the same.","3","23","Alexander Kirk: Conclusion","Reddington debates the line between justice and vengeance as he prepares to kill Kirk.","Transcript S03E23","ClaudeMiner","Donald Ressler","justice; revenge; truth","one-liner","3"
"To be honest, I crossed that line a long time ago — killing in the name of justice, vengeance. After a while, you don't just get over it — you get used to it.","3","23","Alexander Kirk: Conclusion","Reddington explains the psychological toll of crossing moral boundaries for vengeance.","Transcript S03E23","ClaudeMiner","Donald Ressler","justice; survival; regret","wisdom","4"
"Do you want a bullet in Alexander Kirk's head or one in mine? Decide now.","3","23","Alexander Kirk: Conclusion","Reddington forces Ressler to choose between letting him kill Kirk or shooting Reddington himself.","Transcript S03E23","ClaudeMiner","Donald Ressler","sacrifice; survival; morality","threat","3"
"I know how difficult this must be for you, Donald. I will do this. You have faith. I envy that. Justice, integrity, faith in humanity — nobody embodies those principles more than you.","3","23","Alexander Kirk: Conclusion","Reddington acknowledges Ressler's moral strength as they face off over the assassination attempt.","Transcript S03E23","ClaudeMiner","Donald Ressler","morality; trust; loyalty","emotional","4"
"I've spent my entire life in the service of stopping people who do what we're about to let happen. Not so long ago, this task force felt compelled to hunt down Elizabeth Keen for intentionally killing a man. Now she's gone, and we're about to do the very same thing.","3","23","Alexander Kirk: Conclusion","Reddington justifies his plan to assassinate Kirk, acknowledging the hypocrisy.","Transcript S03E23","ClaudeMiner","Donald Ressler","justice; revenge; hypocrisy","monologue","4"
"I have nothing for you, Kate. No parables about loyalty, no florid speeches of trust belied, deception, treachery, or false devotion. I'm simply too bereft. It will have to suffice to say I would name every human being on the planet before you if asked who might betray me.","3","23","Alexander Kirk: Conclusion","Reddington confronts Mr. Kaplan after discovering she helped Tom and Agnes flee without his knowledge.","Transcript S03E23","ClaudeMiner","Mr. Kaplan","betrayal; trust; loyalty","emotional","5"
"If you have the spare time, I would think you'd be spending it trying to learn about your parents.","3","23","","Mined from transcript","Transcript S03E23","TranscriptMining",,,,
"A good man could make a real difference as President. A good man might even inspire one's patriotic instincts, but a good man would never allow himself to be put under obligation to anyone willing to write a big check.","3","23","Alexander Kirk: Conclusion","Reddington manipulates Senator Diaz into participating in his plan to draw out Alexander Kirk.","Transcript S03E23","ClaudeMiner","Senator Diaz","power; wisdom; morality","wisdom","4"
"I know so many zealots, men and women who choose a side, an ideology by which to interpret the world, but to get up every single day and do the hard work of deciding what to believe, what's right today, when to stand up or stand down — that's courage.","3","23","Alexander Kirk: Conclusion","Reddington praises Cooper's moral integrity before ending their partnership on the Kirk case.","Transcript S03E23","ClaudeMiner","Harold Cooper","wisdom; morality; courage","monologue","5"
"Losing someone we love is painful, agonising even on the death. The Japanese call it takotsubo, a grieving surge of abnormal electrical waves that causes the hearth to deflate and contort until it resembles a fishing port,hollow and cold, an empty vesell at the bottom of an unfathomable sea.","4",,"","Wikiquote dialogue","https://en.wikiquote.org/wiki/The_Blacklist","Wikiquote",,,,
"There's nothing more depressing than a failed Communist state. It doesn't even really pay to be corrupt. When dirty cops play poker in America, they're able to play for real money.","4","1","Esteban","Reddington observes the lack of profitable corruption in Cuba while preparing to interrogate corrupt cops.","Transcript S04E01","ClaudeMiner","Dembe","humor; crime; wisdom","one-liner","4"
"You think I'm gonna let you tag along so you can inform the people who kidnapped Elizabeth they have the right to remain silent? I appreciate your assistance, but I'm not interested in having an ethical debate with you about whether they have the right to consult with an attorney before I put a bullet in their head.","4","1","Esteban","Reddington dismisses Ressler's attempt to join the rescue mission, bluntly stating he won't follow legal procedures.","Transcript S04E01","ClaudeMiner","Ressler","justice; survival; trust","threat","4"
"It's entirely up to you. You made a deal with him. Yes, in order to save Elizabeth, I made a deal with the devil of the day. I did. You didn't. If you have a problem with that, you've got 12 hours before his ship leaves to do something about it. Otherwise, safe travels home, Donald.","4","1","Esteban","Reddington tells Ressler he can choose to act on his morals regarding Esteban, but Red already made his choice to save Elizabeth.","Transcript S04E01","ClaudeMiner","Ressler","morality; sacrifice; survival","wisdom","4"
"The cleaner suddenly fancies herself the strategist.","4","1","Esteban","","Manual Input","ManualIngest",,,,
"As you well know, one of the keys to my success is a clear and consistent understanding of my own limitations.","4","1","Esteban","","https://everydaypower.com/raymond-reddington-quotes/","EverydayPower",,,,
"Wisdom is learning the boundaries of one's designated lane.","4","1","Esteban","Bulk Ingest","Manual Input","ManualIngest",,,,
"As you well know, one of the keys to my success is a clear and consistent understanding of my own limitations. So often people overestimate themselves, misapply their gifts. The cleaner suddenly fancies herself the strategist. Wisdom is learning the boundaries of one's designated lane. For instance, this, I will do poorly. Clumsily, with more mess than necessary. It'll take longer and be considerably more unpleasant to boot. But I can't very well have you do it, can I?","4","1","Esteban","Reddington lectures Mr. Kaplan on knowing one's limitations while preparing to torture a man himself because he can't trust her to do it.","Transcript S04E01","ClaudeMiner","Mr. Kaplan","wisdom; power; survival","monologue","5"
"Elizabeth, I will come for you.","4","1","Esteban","Reddington promises Elizabeth he will rescue her as he is forced to flee from Kirk's men.","Transcript S04E01","ClaudeMiner","Elizabeth Keen","loyalty; family","emotional","4"
"I know what it's like to be hunted. I've protected myself for 30 years. And I can protect you after you locate Elizabeth Keen.","4","1","Esteban","Reddington offers Esteban protection in exchange for information about Elizabeth's location.","Transcript S04E01","ClaudeMiner","Esteban","survival; trust; power","threat","3"
"I watched a tribal member, much like yourself, suspend himself from a cottonwood tree with flesh hooks through his chest. Three hours he dangled, skin stretched like salt water taffy, while he left his body to communicate with the Great Spirit. Like you, the man on that tree didn't fear death. But you know what terrified him? The thought of eternity on earth, trapped in a dark box, surrounded by rotting flesh, forever.","4","2","Mato","Reddington continues his parable, revealing the true horror that awaits Mato if he doesn't cooperate.","Transcript S04E02","ClaudeMiner","Mato","death; power; survival","monologue","5"
"We have two targets-- Elizabeth Keen and Agnes Keen-- traveling separate paths to an unknown location.","4","2","","Mined from transcript","Transcript S04E02","TranscriptMining",,,,
"I know where Elizabeth is, Harold, where Kirk is taking Agnes.","4","2","","Mined from transcript","Transcript S04E02","TranscriptMining",,,,
"This'll be quick, as I have no time and less patience.","4","2","","Mined from transcript","Transcript S04E02","TranscriptMining",,,,
"You're a good man. Loyal. Protective of those who are protective of you. I admire that in a person. Unfortunately for you, I'm surrounded by people who don't.","4","2","Mato","Reddington confronts the bail bondsman who is protecting Mato, offering a backhanded compliment before threatening him.","Transcript S04E02","ClaudeMiner","Little Nikos","loyalty; betrayal; power","threat","5"
"You know, some years back, I was hiking Devils Tower for a bracing dip in the spiritual vortex, when who did I run into but the tribal leader of the Lakota Nation, a man of vast responsibility. He invited me to witness the extreme version of the Sun Dance ritual. Not just anyone can attend the Sun Dance. True, and you can't get a table at The Fat Duck without a reservation. But I find in either case, a generous donation gets you in the teepee.","4","2","Mato","Reddington tells a parable to Mato about attending a Sun Dance, setting up a psychological threat.","Transcript S04E02","ClaudeMiner","Mato","wisdom; power; death","parable","5"
"After I shoot you, sir, you will be locked in an airtight, concrete crypt, unless you tell me what I need to know before those figures stop dancing.","4","2","Mato","Reddington delivers the punchline of his threat, referencing a cuckoo clock to limit Mato's time.","Transcript S04E02","ClaudeMiner","Mato","death; power; survival","threat","5"
"Regret requires age or wisdom.","4","2","Mato","Tom says he doesn't regret trying to get away from Reddington, and Red responds wryly.","Transcript S04E02","ClaudeMiner","Tom Keen","wisdom; regret","wisdom","4"
"If there's no sincerity behind your words, don't waste them.","4","2","Mato","Mr. Kaplan offers a hollow apology after Reddington tortures Nikos, and Red rebukes her.","Transcript S04E02","ClaudeMiner","Mr. Kaplan","truth; betrayal","wisdom","4"
"I understand why you ran. You believe your family's in danger because of who I am. But what you don't seem to grasp is you're also in danger because of who you are.","4","3","Miles McGrath","Reddington explains to Liz why she can't escape danger—it's inherent to her identity.","Transcript S04E03","ClaudeMiner","Elizabeth Keen","identity; family; survival","wisdom","5"
"I wonder what poor soul Mr. Kaplan buried down there.","4","3","Miles McGrath","Reddington and Liz meet at a gravesite; he makes a dark joke about Mr. Kaplan's past.","Transcript S04E03","ClaudeMiner","Elizabeth Keen","death; humor; crime","one-liner","4"
"What did you do, Harold? I asked New Scotland Yard to keep eyes on McGrath.","4","3","","Mined from transcript","Transcript S04E03","TranscriptMining",,,,
"I was never very athletic. ... My point is that there's a reason why your reflexes are so good. See, you're a technician. You're an operative. An instrument of a larger plan. I, on the other hand, I'm a strategist. You whip that can at me, and I'll catch it, but only because I calculated the risk that someone might throw it in advance. So why don't you leave the risk assessment to me?","4","3","Miles McGrath","Reddington catches a beer can thrown at him, using it to illustrate the difference between a technician and a strategist.","Transcript S04E03","ClaudeMiner","Johan Halbeck","power; wisdom; humor","monologue","5"
"Partnerships. They can be very rough. ... You know, BJ Simpson and I started a lawn-mowing business in the summer of '72—bagging, hedging, the whole ball of wax. One day, I'm out rototilling Pat Hunt's garden. I go in for a bottle of pop—must have been 110—and there's BJ in the sunken living room, shoes off, feet up on the couch, eating a fried-bologna sandwich, watching Mike Douglas. Mike Douglas! Can you imagine? I quit that day.","4","3","Miles McGrath","Reddington tells a story about partnerships, using a lesson from his youth to advise Halbeck to walk away from his partner.","Transcript S04E03","ClaudeMiner","Johan Halbeck","wisdom; trust; survival","parable","4"
"Well, I knew because I'm the better man. Always have been.","4","3","Miles McGrath","Reddington taunts Kirk on the phone after figuring out his location, asserting superiority.","Transcript S04E03","ClaudeMiner","Alexander Kirk","power; revenge; humor","one-liner","4"
"Miles McGrath was a child prodigy. He wrote the code for OnScreen when he was at Princeton. Within a couple of years, the board of directors concluded he was a high-functioning sociologist and pushed him out. He sued them, won the suit for over $100 million. He turned his back on legitimate business. He invested his money in a new business—incubating crimes.","4","3","Miles McGrath","Reddington explains who Miles McGrath is and his criminal enterprise.","Transcript S04E03","ClaudeMiner","Elizabeth Keen","crime; power; wisdom","monologue","4"
"He needs a biological descendant to save his life—a genetic donation from the woman he believes to be his long-lost daughter. That's what you are to him—a collection of cells. This isn't about saving you from me. This is about saving you for him.","4","3","Miles McGrath","Reddington explains Kirk's true motive for pursuing Liz: he needs her bone marrow to survive.","Transcript S04E03","ClaudeMiner","Elizabeth Keen","truth; identity; family; survival","monologue","5"
"Picasso said it took four years to paint like Raphael, but a lifetime to paint like a child. They live in a delightful space somewhere between dreams and reality. They taste color, hear shapes, see sounds. We should all have such special needs.","4","4","Gaia","Reddington explains why he needs to meet Skyler Ayers's hematologist, referencing the unique perspective of children with special needs.","Transcript S04E04","ClaudeMiner","Maya","wisdom; morality","monologue","4"
"During World War II, the Oeuvre de Secours aux Enfants smuggled Jewish children out of France to Switzerland.","4","5","","Mined from transcript","Transcript S04E05","TranscriptMining",,,,
"Perhaps another go with the candiru fish. I understand they burrow into the most impossible nooks and crannies.","4","5","The Lindquist Concern","Reddington is interrogating the doctor and threatens him with a horrific fish to get information about Alexander Kirk.","Transcript S04E05","ClaudeMiner","Dr. Reifler (Kirk's hematologist)","power; revenge; crime","threat","4"
"It's only difficult if you accept the premise that Kirk is your father.","4","5","The Lindquist Concern","Liz tells Red she is in the middle between him and Kirk, and Red dismisses the premise that Kirk is her father.","Transcript S04E05","ClaudeMiner","Elizabeth Keen","truth; identity","wisdom","3"
"Must feel amazing-- Dying, knowing you've invented something that will change the world.","4","5","The Lindquist Concern","Reddington watches as the inventor succumbs to a paralytic he was tricked into drinking, just after revealing his breakthrough.","Transcript S04E05","ClaudeMiner","unnamed inventor (Omar Najjar)","death; power; crime","threat","4"
"I usually have a devil of a time getting to sleep, but here I sleep like a babe in the manger.","4","5","The Lindquist Concern","Reddington explains why he is squatting in a church while the task force searches for Kirk.","Transcript S04E05","ClaudeMiner","Dembe","wisdom; humor","humor","3"
"I wish I could meet all the people who dreamed up what's on here. Every one of them killed for no other reason than the power of their imagination.","4","5","The Lindquist Concern","Reddington gives the USB drive of suppressed inventions to the National Security Advisor, mourning the inventors.","Transcript S04E05","ClaudeMiner","Laurel Hitchin","death; crime; wisdom","emotional","4"
"Maintenance tunnels here, here, and here give us access to the rendezvous point.","4","6","","Mined from transcript","Transcript S04E06","TranscriptMining",,,,
"I knew it would complicate things. I'd be forced to take security measures... Things she'd hate. Now all I see is the resentment in her eyes. I'm suffocating her, Harold.","4","6","The Thrushes","Confiding about the strain with Lizzie over Kirk","Transcript S04E06","ClaudeMiner","Cooper","family; sacrifice; regret","emotional","5"
"When I turned myself in, I never imagined things could've turned out this badly.","4","6","","Mined from transcript","Transcript S04E06","TranscriptMining",,,,
"I prefer the term 'tethered goat.' Besides, Harold, the man was a degenerate, and his death denies pariah states access to ready cash, putting teeth back in the sanctions your country imposes with such tumescence.","4","6","The Thrushes","Defending the use of Le Bron as bait to expose Kirk's mole","Transcript S04E06","ClaudeMiner","Cooper","crime; power; survival","threat","4"
"This is madness, Constantin. Because you cannot have that child, you're gonna take her forever from her mother? It's madness. Constantin, this needs to end now.","4","6","The Thrushes","Trying to talk Kirk down from taking Agnes","Transcript S04E06","ClaudeMiner","Kirk","family; morality","emotional","4"
"You may lack the courage to do what must be done, but I do not.","4","6","The Thrushes","Facing Kirk who has Agnes","Transcript S04E06","ClaudeMiner","Kirk","power; survival","threat","4"
"You were very convincing. That's because I meant every word. I don't trust her. You trust no one. That's why you're so valuable to me. But in this matter, I do urge you to trust me and my judgment.","4","6","The Thrushes","Discussing Lizzie's loyalty and his own caution","Transcript S04E06","ClaudeMiner","Dembe","trust; betrayal; loyalty","wisdom","4"
"Honestly, Elizabeth, it astounds me that you could be hornswoggled by something as simple to fabricate as a DNA profile.","4","6","The Thrushes","Trying to convince Lizzie that Kirk is not her real father","Transcript S04E06","ClaudeMiner","Lizzie","truth; identity","humor","4"
"When I turned myself in, I never imagined things could've turned out this badly. ... I knew it'd be hard, but I never expected that it would get harder with every day.","4","6","The Thrushes","Reflecting on the personal cost of his mission","Transcript S04E06","ClaudeMiner","Cooper","regret; wisdom; sacrifice","wisdom","4"
"Economic sanctions are relatively easy to implement and historically effective. Until now.","4","6","The Thrushes","Explaining how Le Bron undermines sanctions by offering loans to frozen assets","Transcript S04E06","ClaudeMiner","Lizzie","crime; wisdom","wisdom","3"
"Well, one can hardly expect unconditional virtue from creatures like René Le Bron.","4","6","The Thrushes","Commenting on Le Bron's demand for immunity","Transcript S04E06","ClaudeMiner","unknown","morality; wisdom","wisdom","4"
"so Rory says, ""In Boston, a shot of whiskey and a pint of stout is an Irish Car Bomb.","4","7","","Mined from transcript","Transcript S04E07","TranscriptMining",,,,
"I don't know what the two of you are so indignant about. I told you about a criminal you had no idea existed, and now he's in your custody. The Coroner gives you dozens of criminals you thought were dead or missing. Take the win, Donald. You could use one.","4","7","Dr. Adrian Shaw","Chiding them for being angry he used them to find The Coroner, pointing out the positive result.","Transcript S04E07","ClaudeMiner","Ressler and Samar","crime; humor; wisdom","one-liner","3"
"You see that ruddy-faced fellow in my booth? Willie Adair. Back home they call him 'Barking Mad Willie.' He has this pack of absolutely voracious wolf hounds. I don't know who that is. But you gave the man who killed his brother a new identity. Perhaps I should call him over so you can explain your policy on confidentiality.","4","7","Dr. Adrian Shaw","Elegantly threatening The Coroner into revealing Sonia Bloom's new identity by mentioning the man he's hiding from.","Transcript S04E07","ClaudeMiner","The Coroner","revenge; power; humor","threat","5"
"I'll tell you what he won't do. He won't die alone in that hospital. I promise you, the plan is already in motion. All of Kirk's resources will be brought to bear. Every angle has been calculated. Every obstacle considered and accounted for. Men are coming, Elizabeth—men who kill every living thing that gets in their way.","4","7","Dr. Adrian Shaw","Describing the imminent danger as Kirk's men prepare to break him out, desperate to get her to safety.","Transcript S04E07","ClaudeMiner","Lizzie","survival; power; death","threat","5"
"The only subject that interests me, Elizabeth, is your safety—a safety that has been guaranteed thus far because Alexander Kirk believed you to be his daughter. He now knows you're not.","4","7","Dr. Adrian Shaw","Urgently warning Lizzy that Kirk knowing the truth makes her a target and she must leave the hospital.","Transcript S04E07","ClaudeMiner","Lizzie","survival; family; trust","emotional","4"
"Belief is such a relative concept. Is there a God? Are we alone in the universe? What the hell have they found out there in Area 51 anyway? I prefer to think of your decision as judicious risk assessment.","4","7","Dr. Adrian Shaw","Convincing Dr. Shaw to trust his help over the phone by questioning the nature of belief.","Transcript S04E07","ClaudeMiner","Dr. Adrian Shaw (Sonia Bloom)","wisdom; survival","wisdom","3"
"Few things in life are truly impossible. Talking an Irishman out of vengeance for his brother's death is one of them.","4","7","Dr. Adrian Shaw","Threatening The Coroner with Barking Mad Willie, whose brother's killer The Coroner helped disappear.","Transcript S04E07","ClaudeMiner","The Coroner","revenge; morality; humor","threat","4"
"Have you ever been spearfishing? You should go spearfishing. I love spearfishing. On the Ambergris Caye, there is a reef... Lionfish. An aggressive, invasive species threatens the local habitat, leaves destruction in its wake. Sound like anyone we know?","4","7","Dr. Adrian Shaw","Trying to illustrate how Kirk is like an invasive lionfish that needs to be caught, after she insists Kirk's destruction is over.","Transcript S04E07","ClaudeMiner","Lizzie","power; survival; wisdom","parable","4"
"I have been disappearing for over 25 years. I don't need your help to disappear. I need an identity, specifically the one you created for Sonia Bloom—the research scientist.","4","7","Dr. Adrian Shaw","Confronting The Coroner, making it clear he's not there to hide but to find Sonia Bloom's identity.","Transcript S04E07","ClaudeMiner","The Coroner","identity; power","threat","3"
"People are creatures of habit. They gravitate to what they know.","4","7","Dr. Adrian Shaw","Explaining why Barerra would use her Latin skills in her new identity, giving the team their lead.","Transcript S04E07","ClaudeMiner","unknown (to the task force via Lizzy)","wisdom; survival","wisdom","3"
"I think you're compassionate. You believe he's your father. When push comes to shove, your impulse will be to save him.","4","7","Dr. Adrian Shaw","Predicting Lizzy's instinct to help Kirk, knowing she thinks he's her father.","Transcript S04E07","ClaudeMiner","Lizzie","trust; wisdom; family","wisdom","3"
"I took aim and released. In the water, it sounded like a dull thud, but the spear passed clear through. I'd already bagged six of them with glancing blows, tail shots. So I knew this last predator was mine. And the destruction it had caused was over. And then... it wriggled free.","4","7","Dr. Adrian Shaw","Continuing his spearfishing parable to warn Lizzy that Kirk will escape despite appearances.","Transcript S04E07","ClaudeMiner","Lizzie","survival; betrayal; wisdom","monologue","4"
"You don't have to do this. Raymond, there's nothing in this world you can tell me to change my mind.","4","8","Dr. Adrian Shaw: Conclusion","Reddington's futile attempt to dissuade Kirk from seeking revenge, knowing Kirk's obsession is unshakable.","Transcript S04E08","ClaudeMiner","Alexander Kirk","regret; revenge; fate","emotional","3"
"The ripe apple falls. Doesn't know what else to do.","4","8","Dr. Adrian Shaw: Conclusion","Reddington, standing in the park waiting for Kirk, accepts his fate.","Transcript S04E08","ClaudeMiner","Alexander Kirk","fate; sacrifice; morality","wisdom","4"
"He placed a lovely young woman and her baby girl in terrible danger – not deliberately, mind you. He loves them deeply. Enough to blind him to the reality that his very presence in their lives constitutes a threat. Not just to them, but to himself as well.","4","8","Dr. Adrian Shaw: Conclusion","Reddington describes Kirk's tragic flaw – his love for his family endangers them – to explain why he must be stopped.","Transcript S04E08","ClaudeMiner","Dr. Adrian Shaw","love; family; danger","parable","4"
"You had every reason to. Except for one. You. You told me my father died when I was a little girl. I just... I guess I didn't want to believe it. I really wanted my dad here to see her grow up. He would've wanted that, too.","4","8","Dr. Adrian Shaw: Conclusion","Reddington comforts Elizabeth after she learns Kirk is not her father, acknowledging her pain.","Transcript S04E08","ClaudeMiner","Elizabeth Keen","family; truth; grief","emotional","3"
"I should have let go of you years ago, but you were my child.","4","8","Dr. Adrian Shaw: Conclusion","Kirk, near death, tells Elizabeth his one regret about holding onto her too tightly.","Transcript S04E08","ClaudeMiner","Elizabeth Keen","family; regret; love","emotional","3"
"Love did it, if you can believe it. It doesn't make much sense, but sometimes you can feel too much, hold on too long it poisons you.","4","8","Dr. Adrian Shaw: Conclusion","Reddington explains to Elizabeth why Kirk became obsessed and corrupt – love turned toxic.","Transcript S04E08","ClaudeMiner","Elizabeth Keen","love; betrayal; regret","wisdom","4"
"I tried to help her. All I managed to do was to place her and the child in even greater danger. My efforts earned me a bullet in the head.","4","8","Dr. Adrian Shaw: Conclusion","Reddington explains to Shaw his past failure with Katarina and Masha, justifying his secrecy.","Transcript S04E08","ClaudeMiner","Dr. Adrian Shaw","regret; sacrifice; protection","emotional","3"
"The ripe apple falls. Doesn't know what else to do. So here I am.","4","8","Dr. Adrian Shaw: Conclusion","Reddington arrives at the park to trade himself for Elizabeth, knowing Kirk will likely kill him.","Transcript S04E08","ClaudeMiner","Elizabeth Keen","sacrifice; morality; fate","wisdom","4"
"You've told me you've always wanted a pristine, unspoiled place to live out your days in peace.","4","8","","Mined from transcript","Transcript S04E08","TranscriptMining",,,,
"Dying isn't so bad. I did it once in Marrakesh.","4","8","Dr. Adrian Shaw: Conclusion","Reddington, being tortured by Kirk, casually dismisses his threats of suffocation or heart attack.","Transcript S04E08","ClaudeMiner","Alexander Kirk","death; humor; survival","one-liner","5"
"When we first met, there was this house near where she lived, a case study house built by this famous mid-century architect. Over dinner one night, she said she wanted to look at it. I thought she meant look from the street. But when we got there, she jumped the fence. The lights were on. People lived there. She didn't care. I stood there frozen, angry, nervous. Then I felt this rush of exhilaration. I climbed up, looked into the yard and she was just Dancing. unafraid. Daring. Being. I'd never seen anything like it. She had a joy for living. She was more alive than anyone I knew. When I heard she killed herself I didn't believe it. I still don't. You're wrong. I didn't see what she wanted me to see of her, I saw her. And despite what happened, I know she loved me.","4","8","Dr. Adrian Shaw: Conclusion","Reddington recounts a vivid memory of Katarina Rostova to Kirk, trying to remind him of who she really was, not just her betrayals.","Transcript S04E08","ClaudeMiner","Alexander Kirk","love; memory; truth","monologue","5"
"Suffocation. You talk too much. Perhaps I should listen more.","4","8","Dr. Adrian Shaw: Conclusion","After Kirk threatens to suffocate him, Reddington turns the tables with a wry observation.","Transcript S04E08","ClaudeMiner","Alexander Kirk","humor; wisdom","one-liner","3"
"You don't want to dwell on the past, then dwell on this-- the loss of her badge was a stain on Elizabeth's name and reputation, which you are ultimately responsible for. Your presence in her life has turned it into what it is today. You've brought her nothing but pain, grief, and regret, which you seem utterly oblivious to, and surprisingly powerless to rectify. Good talk, Harold.","4","9","Lipet's Seafood Company","Reddington turns Cooper's criticism back on him, blaming Cooper for Elizabeth's troubles instead of himself.","Transcript S04E09","ClaudeMiner","Harold Cooper","blame; regret; morality","emotional","4"
"I once knew a Marlin when I was young. Marlin Trout. One boy, two fish names. Funny.","4","9","Lipet's Seafood Company","Reddington ends a threat with a dry, humorous remark as he leaves the scene of a staged drunk-driving arrest.","Transcript S04E09","ClaudeMiner","Marlin (the President-elect's counsel)","humor; threat","one-liner","3"
"I once bankrolled a diamond mine outside Tshikapa. One day, a man showed up alone, unarmed, started to talk to me about the mine. I had guns and guards and an enterprise worth I don't know, $50, $150 million dollars. He had nothing but a story about greed driving atrocities and conflict, about armed groups using mass rape and mutilation as a means to control people in the villages around the mines. I had bullets, he had words. But when he was done talking, for the first time, I truly understood which of those was more powerful.","4","10","The Forecaster","Red tells Iniko the story of his friend Cyrus Choi, who convinced him to abandon a diamond mine, moments before killing Iniko.","Transcript S04E10","ClaudeMiner","Iniko","power; wisdom; justice","parable","5"
"Kate is irreplaceable. To me, she is.","4","10","The Forecaster","Red responds to Dembe's concern about hiring new cleaners, affirming his loyalty to Mr. Kaplan despite their fallout.","Transcript S04E10","ClaudeMiner","Dembe","loyalty; loss; trust","emotional","5"
"I didn't replace Kate. I killed her.","4","10","The Forecaster","Dembe confronts Red about his emotional state and the new cleaners, and Red reveals the truth about Mr. Kaplan's fate.","Transcript S04E10","ClaudeMiner","Dembe","betrayal; death; regret","emotional","5"
"I don't believe in premonitions. So prior knowledge of these events has to have come from somewhere.","4","10","The Forecaster","Red dismisses the idea of supernatural visions, insisting that the girl's knowledge must have a logical source.","Transcript S04E10","ClaudeMiner","Lizzie","truth; wisdom","wisdom","3"
"Cheer up, Geoffroy. This isn't the end. It's the beginning. Your beginning. One you need to announce loudly enough to scare off other pretenders to the throne. Might I suggest something in broad daylight? Perhaps a nice car bombing. A cliché, I know, but clichés work. That's how they get to be clichés.","4","10","The Forecaster","Red eggs on Geoffroy to betray Iniko with a dramatic, public act of rebellion.","Transcript S04E10","ClaudeMiner","Geoffroy","power; revenge; humor","threat","4"
"As my grandmother used to say, it's good to have friends in low places.","4","10","The Forecaster","Red thanks Lizzie for securing a presidential pardon, referencing his grandmother's wisdom.","Transcript S04E10","ClaudeMiner","Lizzie","wisdom; power; gratitude","wisdom","4"
"I had bullets. He had words. But when he was done talking for the first time, I truly understood which of those was more powerful.","4","10","The Forecaster","","https://everydaypower.com/raymond-reddington-quotes/","EverydayPower",,,,
"You're being baited, Elizabeth, taunted by a killer who knows where you live.","4","10","The Forecaster","Red warns Lizzie not to take the threat lightly after a diorama is left at her doorstep.","Transcript S04E10","ClaudeMiner","Lizzie","survival; trust; crime","threat","4"
"Cobalt. Cassiterite. Wolframite. They are the diamonds of tomorrow. On the backs of children. Given enough money to eat, but not enough to ever leave. Cyrus would be disappointed. I'm a bad man, Iniko, but not that bad.","4","10","The Forecaster","Red confronts Iniko about his mining operations exploiting child labor, referencing his murdered friend Cyrus.","Transcript S04E10","ClaudeMiner","Iniko","morality; justice; power","monologue","5"
"In my opinion, some lives are inconsequential, and delicious.","4","10","The Forecaster","Red insults Iniko while declining foie gras, equating the geese's suffering to the moral corruption of his host.","Transcript S04E10","ClaudeMiner","Iniko","morality; humor; power","humor","5"
"I'll be blunt, Mr. Wilson. Whistler Cruise Line is sinking. The band is on deck and warming up 'Nearer My God to Thee.'","4","11","The Harem","Reddington, posing as Mr. Lockhart, opens negotiations to bail out a failing cruise line.","Transcript S04E11","ClaudeMiner","Carter Wilson","humor; power; survival","humor","4"
"Carter! I'd stand, but after all these years, I still get aroused when I close a deal.","4","11","The Harem","Reddington jokes after closing the cruise line deal.","Transcript S04E11","ClaudeMiner","Carter Wilson","humor","humor","3"
"Years ago, a Wisconsin housewife named Maureen Rowan was outside in the wee hours with the family dog, Dodger. It was absolutely frigid. No one in their right mind would've been out in that kind of bitter cold, and if not for Dodger's aging bladder, I imagine Maureen would have been fast asleep. But as fate would have it, her neighbor, Alexei Lagunov, the avtoritet of a Russian bratva, felt given the late hour and windchill, he and his boyeviks could move a body from his basement to the trunk of an associate's car without being observed. They didn't count on Dodger's call to nature. So Maureen had a choice between remaining silent or doing the right thing. She chose to testify. And while she helped to bring Alexei Lagunov to justice, she also forfeited the rest of her life in doing so.","4","11","The Harem","Reddington explains why he protected the WITSEC list, revealing that Mr. Kaplan's sister is on it.","Transcript S04E11","ClaudeMiner","Elizabeth Keen","loyalty; justice; morality","parable","5"
"If you wanted out, Emma, you should've come to me.","4","11","The Harem","Reddington confronts Emma on a ferry, offering her a way out after she betrayed him.","Transcript S04E11","ClaudeMiner","Emma Knightly","loyalty; trust","emotional","4"
"Baldur Magnusson. That's a coincidence. I don't believe in coincidences.","4","11","The Harem","Reddington learns a rival has outbid him on the cruise line deal.","Transcript S04E11","ClaudeMiner","himself","trust","one-liner","4"
"Have you ever been to Mont Saint Michel? Tidal island in Normandy. The only way in or out used to be a causeway that disappeared at high tide. To reach the other side was a matter of knowing when the tide came in and seizing the opportunity before it arrived.","4","11","The Harem","Reddington uses a parable to explain his business offer of a bailout with conditions.","Transcript S04E11","ClaudeMiner","Carter Wilson","wisdom; power","parable","5"
"I'm offering you a causeway, Carter. I bail you out, you transport my cargo.","4","11","The Harem","Reddington concludes his Mont Saint Michel metaphor to propose a deal.","Transcript S04E11","ClaudeMiner","Carter Wilson","power","threat","3"
"Plausible deniability's the best option. I save your business, you don't look too closely at mine.","4","11","The Harem","Reddington sets the terms of his deal with the cruise line owner.","Transcript S04E11","ClaudeMiner","Carter Wilson","trust; power","wisdom","3"
"For the longest time, I've been perfectly comfortable knowing I could die at any moment. I could walk out of this room and be shot in the street. I've always been fine with that. But lately, I can smell it in the air around me. Like death is slouching towards me from the corners of the room. And I cannot tell if it is here for me or just an echo of the past.","4","12","Natalie Luca","Reddington reflects on his mortality and a growing sense of impending doom while speaking with his rival Baldur after a tense standoff.","Transcript S04E12","ClaudeMiner","Baldur Magnusson","death; regret; identity","monologue","5"
"I wish it had been you. Would've been so much easier.","4","12","Natalie Luca","Reddington tells Baldur he wishes Baldur had been the one to kill his accountant, implying a deeper personal loss is coming.","Transcript S04E12","ClaudeMiner","Baldur Magnusson","death; betrayal; regret","emotional","4"
"Losing someone we love is painful. Agonizing even unto death. The Japanese call it tako-tsubo... a grieving surge of abnormal electrical waves that causes the heart to deflate and contort until it resembles a fishing pot. Hollow and cold, an empty vessel at the bottom of a fathomless sea.","4","12","Natalie Luca","Reddington consoles the grieving Natalie Luca after her lover Malik dies in her arms, using a poetic medical analogy for a broken heart.","Transcript S04E12","ClaudeMiner","Natalie Luca","death; love; wisdom","monologue","5"
"Many ancient cultures shared a common figure... a god or demon who brought disease to humanity. The Finns called her Loviatar, the Yoruba people knew her as Shapona. The Greeks, of course, immortalized Pandora. Odd that they're always women.","4","12","Natalie Luca","Reddington explains the mythological archetype of a female disease-bringer to Lizzie as they discuss the asymptomatic carrier, Natalie Luca.","Transcript S04E12","ClaudeMiner","Lizzie","wisdom; death; morality","wisdom","3"
"Discretion is a rare and tragically undervalued quality.","4","12","Natalie Luca","Reddington compliments a hotel employee who refuses to divulge a guest's whereabouts, handing him a bribe to 'keep it.'","Transcript S04E12","ClaudeMiner","hotel concierge","wisdom; humor","one-liner","4"
"There is nothing, absolutely nothing half so much worth doing as simply messing about in boats.","4","12","Natalie Luca","Reddington quotes 'The Wind in the Willows' to his rival Baldur, offering a truce and letting him keep the cruise line ships.","Transcript S04E12","ClaudeMiner","Baldur Magnusson","wisdom; humor; power","parable","4"
"The truth will out. It always does.","4","13","Isabella Stone","Red comments on Isabella Stone's refusal to cooperate, confident her secrets will be revealed.","Transcript S04E13","ClaudeMiner","Elizabeth Keen","truth; justice","wisdom","4"
"In the face of that kind of will, I re-organized my cargo and complied with his demands.","4","13","Isabella Stone","Red tells the story of first meeting Dr. Justin Sperry in West Africa, impressed by his courage.","Transcript S04E13","ClaudeMiner","Elizabeth Keen","justice; morality; respect","parable","5"
"I can count the things I envy in this life. Their relationship was one. Corina was his soul mate.","4","13","Isabella Stone","Red expresses rare admiration for Stratos and Corina's marriage, hinting at his own loneliness.","Transcript S04E13","ClaudeMiner","Elizabeth Keen (possibly)","love; loyalty; regret","emotional","5"
"I consider Justin to be a saint. Or as close to a saint as one can be in this world.","4","13","Isabella Stone","Red reflects on Dr. Justin Sperry's character after the FBI saves him from Isabella Stone.","Transcript S04E13","ClaudeMiner","Elizabeth Keen","respect; morality; justice","wisdom","3"
"Whatever happens, whatever you do, just know your children will be cared for and your honor is intact.","4","13","Isabella Stone","Red promises Stratos his family will be protected as they face a deadly siege, offering reassurance before Stratos sacrifices himself.","Transcript S04E13","ClaudeMiner","Stratos Sarantos","family; sacrifice; loyalty","emotional","5"
"You'll find your time with her goes by too quickly. That's why cuckoo clocks are perfect. I don't really care what time it is. I just want to hear the birds sing.","4","13","Isabella Stone","Red gives Agnes a cuckoo clock, speaking metaphorically about cherishing time with loved ones.","Transcript S04E13","ClaudeMiner","Elizabeth Keen","family; wisdom; love","wisdom","5"
"Isabella Stone is like Stratos to me. Baited the hook. Until he helps them reel me in, the only place he's going is a very deep, dark hole.","4","13","Isabella Stone","Red reflects on Isabella Stone's strategy of targeting his people to get to him.","Transcript S04E13","ClaudeMiner","Harold Cooper","revenge; power; crime","threat","4"
"Leave the past in the past, Tom. Nothing good will come from digging up secrets.","4","13","Isabella Stone","Red warns Tom against investigating his biological mother Scottie Hargrave, urging him to focus on his family.","Transcript S04E13","ClaudeMiner","Tom Keen","truth; family; regret","wisdom","4"
"The woman you'll be looking for is quite literally a character assassin. Her objective is to utterly obliterate her target by any means necessary. Scandal, public humiliation, extortion, theft, murder.","4","13","Isabella Stone","Red describes Isabella Stone, the Blacklister, to the task force, emphasizing her ruthless methods.","Transcript S04E13","ClaudeMiner","Elizabeth Keen","crime; power; betrayal","wisdom","4"
"Chin up, old friend. Drink some champagne, kiss on the balcony, tip well at the tables. We've been through worse.","4","13","Isabella Stone","Red offers Stratos an anniversary present and encourages him to enjoy life despite recent setbacks.","Transcript S04E13","ClaudeMiner","Stratos Sarantos","loyalty; survival; wisdom","emotional","4"
"I first met Stratos Sarantos when he was running guns to Cypriot resistance fighters in 1987. For more than 20 years, he's overseen my shipping concerns from the Bosphorus to the Suez Canal. He knows enough. Stratos is very loyal. I'm not afraid he'll talk. I'm afraid of what they'll do to him when he won't.","4","13","Isabella Stone","Red explains the depth of his relationship with Stratos, expressing concern for his safety under interrogation.","Transcript S04E13","ClaudeMiner","Harold Cooper","loyalty; trust; sacrifice","monologue","5"
"You know, when I met my mother, she offered me a job. As an operative, which seems like it would be your dream job. I meant what I said when I turned her down. They're my past. You and Agnes are my future, and that's what I care about.","4","13","Isabella Stone","Tom recounts to Liz what his mother offered, paralleling Red's own advice to focus on family.","Transcript S04E13","ClaudeMiner","Lizzie (via Tom's story)","family; identity; sacrifice","emotional","3"
"I had a brief professional relationship with your father, a man who wrestled with significant demons. I know his wife, your mother, is a manipulative creature whose own husband didn't trust her. Whose answers to the questions you wanna ask her could never be trusted.","4","13","Isabella Stone","Red explains his knowledge of Tom's father and warns him about his manipulative mother.","Transcript S04E13","ClaudeMiner","Tom Keen","truth; betrayal; family","monologue","4"
"It's gonna break my heart to put a bullet in his head, but that's what will happen unless you tell me who at your bank is coming after me.","4","14","The Architect","Reddington threatens to kill Polpetto to force the banker to reveal a depositor.","Transcript S04E14","ClaudeMiner","David (banker)","threat; loyalty; death","threat","5"
"I didn't fly him all the way here to paint your— Where is my portrait?","4","14","The Architect","Reddington realizes the painter used his canvas to paint Red instead of the banker.","Transcript S04E14","ClaudeMiner","David (banker)","humor; crime","humor","3"
"You've seemed anxious of late. When someone you love is sick, you don't need to shoulder that burden alone.","4","14","The Architect","Reddington offers sympathy to Cooper about his daughter's illness.","Transcript S04E14","ClaudeMiner","Harold Cooper","family; trust; sacrifice","emotional","3"
"Doing good for selfish reasons doesn't make you good. It just makes you good at being selfish.","4","14","The Architect","Reddington reflects on Cooper's dissatisfaction with their partnership.","Transcript S04E14","ClaudeMiner","Harold Cooper","morality; truth; selfishness","wisdom","5"
"There's a man I know who works as a docent in a small museum in the Northwest. He recently remarried. Rotary Tuesdays. Euchre Fridays. A modest but happy life.","4","14","The Architect","Reddington describes Gavin's new life to his wife, showing he knows where he is.","Transcript S04E14","ClaudeMiner","Isabella Stone","identity; sacrifice; truth","parable","4"
"Oh, God, I love the smell of oil paint. Almost more than gasoline. Why are there certain toxic smells that just grab you that way?","4","14","The Architect","Reddington comments on the sensory pleasure of paint while kidnapping a painter.","Transcript S04E14","ClaudeMiner","David (banker)","humor; crime","humor","4"
"Most people think the danger in a situation like this is the cold. The more immediate danger is the oxygen supply.","4","14","The Architect","Reddington interrogates Isabella Stone in a freezing room, using psychological manipulation.","Transcript S04E14","ClaudeMiner","Isabella Stone","survival; power; wisdom","wisdom","4"
"I helped him walk away from everything he loved to protect you and your innocence.","4","14","The Architect","Reddington reveals he helped Gavin Pruitt disappear to protect his wife, not kill him.","Transcript S04E14","ClaudeMiner","Isabella Stone","sacrifice; truth; love","emotional","4"
"In fact, what better way to assure my place in history? The last portrait by a master, unfinished, killed by his subject. And you without a portrait at all. It's a shame.","4","14","The Architect","Reddington darkly jokes about the irony of killing a famous painter who is painting him.","Transcript S04E14","ClaudeMiner","David (banker)","humor; death; legacy","humor","5"
"You have been catastrophically compromised. Forget having your testicles scratched. You've been castrated.","4","14","The Architect","Reddington learns that the money used against him came from his own account.","Transcript S04E14","ClaudeMiner","Reddington (self, via phone call from Levine)","betrayal; power; identity","wisdom","5"
"There's a man I know who works as a docent in a small museum - in the Northwest.","4","14","","Mined from transcript","Transcript S04E14","TranscriptMining",,,,
"I've lived my entire adult life surrounded by a corona of death. Some days I've even longed for it. But lately, I-- I find I'm unwilling to go gentle into that good night.","4","15","The Apothecary","Reddington, while dying from poison, reflects on his life and his sudden desire to live, quoting Dylan Thomas.","Transcript S04E15","ClaudeMiner","Lou Lou","death; survival; regret","emotional","5"
"I've always found stories of betrayal to be so compelling, so tragic for all those involved. Judas, Iago, men who were beloved by those they'd betrayed.","4","15","The Apothecary","Reddington makes a speech at the dinner before being poisoned, foreshadowing the betrayal among his trusted associates.","Transcript S04E15","ClaudeMiner","dinner guests","betrayal; wisdom; morality","monologue","4"
"We're criminals, after all. It's in our nature to betray.","4","15","The Apothecary","Reddington confronts his lawyer, whom he suspects of poisoning him, cynically acknowledging the inevitability of betrayal.","Transcript S04E15","ClaudeMiner","Marvin Gerard","betrayal; crime; morality","one-liner","4"
"Ironic, isn't it? That the ones in whom we place our greatest trust are best positioned to put the knife in our backs.","4","15","The Apothecary","Reddington continues his speech about trust and betrayal at the dinner, directly addressing the potential traitor.","Transcript S04E15","ClaudeMiner","dinner guests","betrayal; trust; wisdom","one-liner","5"
"The Apothecary can create embolisms, - aneurysms - [ Bites .]","4","15","","Mined from transcript","Transcript S04E15","TranscriptMining",,,,
"All of the assassins you know about share one common disadvantage when it comes to avoiding apprehension-- they leave behind a corpse. And yet, there are times when a prolonged coma or a protracted illness will get the job done just as well.","4","15","The Apothecary","Reddington explains the unique utility of the Apothecary's poisons, which can mimic natural causes rather than leaving a dead body.","Transcript S04E15","ClaudeMiner","Lizzie","crime; wisdom; survival","wisdom","4"
"To survive in my world, I assume the worst.","4","16","Dembe Zuma","Dismissing Lizzie's hope that Dembe is innocent while driving to find him.","Transcript S04E16","ClaudeMiner","Lizzie","survival; trust; morality","one-liner","4"
"This may seem ironic considering the circumstances, but I abhor violence. I only resort to it in times of extreme necessity. So believe me when I say, this is both extreme and necessary.","4","16","Dembe Zuma","Justifying his torture of Tom to get information about Mr. Kaplan.","Transcript S04E16","ClaudeMiner","Tom Keen","violence; justice; morality","threat","3"
"A man's greatest enemy is the dark forces pent up within himself. But not for me. My dark forces had a name. A person I entrusted with the most heinous offenses of my life. Every trespass I committed, expunged. Cleansed as if it had never happened. My confessor who doth now condemn me.","4","16","Dembe Zuma","Explaining that Mr. Kaplan (Kathryn Nemec) was his confessor, now turned enemy.","Transcript S04E16","ClaudeMiner","Lizzie","betrayal; identity; morality","monologue","5"
"Few can truly comprehend the fierce tenacity of a man like Dembe Zuma. I taught Dembe everything I knew regarding the tactics of evasion and survival. And now, despite dedicating every resource at my disposal to finding him, he has completely eluded detection. Dembe's timing is impeccable. And his most deadly attribute is patience.","4","16","Dembe Zuma","Explaining why Dembe is so hard to find after Aram's abduction.","Transcript S04E16","ClaudeMiner","Lizzie","loyalty; wisdom; survival","wisdom","4"
"You could breach the outer wall only to be faced with a heavily fortified gatehouse and barbican and a high inner wall lined with archers. Pity the poor foot soldier who made it that far.","4","17","Requiem","Reddington uses a medieval castle analogy to describe his organization's impenetrable architecture.","Transcript S04E17","ClaudeMiner","Mr. Kaplan","power; survival","parable","5"
"I've built a vast criminal network predicated on that very principal. It's time to live up to my mission statement.","4","17","Requiem","Reddington insists on entering Elizabeth's life despite Kate's objections.","Transcript S04E17","ClaudeMiner","Mr. Kaplan","power; legacy","one-liner","3"
"The architecture of my organization has risen stone by stone over decades. You can't get inside to hurt me, Kate.","4","17","Requiem","Reddington warns Kate that his empire is too fortified for her to destroy.","Transcript S04E17","ClaudeMiner","Mr. Kaplan","power; legacy","threat","4"
"Hello, Kate. Took some searching. We found your friend's phone buried in the rubble. I knew you'd survive the blast.","4","17","Requiem","Reddington contacts Kate after she survives the explosion, acknowledging her resilience.","Transcript S04E17","ClaudeMiner","Mr. Kaplan","survival; loyalty","emotional","4"
"I make no apologies for who I am or what I do.","4","17","Requiem","Reddington defends his criminal lifestyle to Kate when she confronts him about his past.","Transcript S04E17","ClaudeMiner","Mr. Kaplan","identity; morality","wisdom","4"
"A trusted voice. A cool head. Undaunted initiative in a messy situation. All the things that you gave to Elizabeth's mother.","4","17","Requiem","Reddington explains why he wants Kate to work for him — to protect Elizabeth.","Transcript S04E17","ClaudeMiner","Mr. Kaplan","loyalty; trust","wisdom","3"
"If anyone learns her identity, the only way I can stop the threats from rising is to rise up as a greater threat than all of them.","4","17","Requiem","Reddington justifies building his criminal empire to protect Elizabeth.","Transcript S04E17","ClaudeMiner","Mr. Kaplan","power; protection","monologue","4"
"Most of my associates are under the impression that once I've granted them a favor, they're indebted to me for life. But it's a false assumption. They're indebted to me because I make them a lot of money. They're loyal to me because I've earned it. It's good business. But at the end of the day, it's just business. In service of what? Safety, security—the health and well-being of the ones we love? Well, I really only have one friend. You're my friend. And I misjudged you in a way that no apology could suffice. I'm ashamed of that.","4","18","Philomena","Reddington gives Dembe a parting gift and apologizes for misjudging him, revealing his true feelings of friendship and regret.","Transcript S04E18","ClaudeMiner","Dembe","loyalty; friendship; regret; trust","monologue","5"
"I can't do that, Elizabeth.","4","18","Philomena","Liz asks Reddington to promise not to harm Mr. Kaplan; he refuses, acknowledging he cannot make that vow.","Transcript S04E18","ClaudeMiner","Liz Keen","loyalty; betrayal; truth","emotional","5"
"I want you to keep that box, and on the day you decide to leave—I'm not going to leave. But you can. At any point of your own choosing, I'll insist that you do. No questions asked, no debts accrued, with our friendship intact and flourishing. For we'll have new lands to discover. Not as coworkers, but as cohorts.","4","18","Philomena","Reddington offers Dembe an unconditional exit with no strings attached, emphasizing their bond as kindred spirits.","Transcript S04E18","ClaudeMiner","Dembe","loyalty; freedom; friendship","monologue","5"
"You survived a gunshot to the head. Lord knows how. That's the mother-loving lottery right there. Take your ticket and board a jet plane, sister. Why come back to this cesspool?","4","18","Philomena","Reddington mocks Mr. Kaplan's survival and return, incredulous she didn't escape while she had the chance.","Transcript S04E18","ClaudeMiner","Mr. Kaplan","survival; regret; humor","one-liner","4"
"I'm looking at a dead woman.","4","18","Philomena","Reddington confronts Mr. Kaplan, stating bluntly that her actions have made her a dead woman walking.","Transcript S04E18","ClaudeMiner","Mr. Kaplan","revenge; death; betrayal","threat","4"
"Finding out truths about who you really are is never easy.","4","18","Philomena","Reddington empathizes with Tom's struggle after discovering truths about himself, reflecting on his own experience.","Transcript S04E18","ClaudeMiner","Liz Keen","truth; identity; wisdom","wisdom","4"
"What must be known eventually should be known immediately.","4","18","Philomena","Reddington tells Ressler to face the truth about the bodies at the ice rink rather than avoid it.","Transcript S04E18","ClaudeMiner","Donald Ressler","truth; wisdom; morality","wisdom","4"
"Tell me, how's Tom? Liz: He's having a hard time, actually.","4","18","","Mined from transcript","Transcript S04E18","TranscriptMining",,,,
"Your life as you know it is over, Joe. But I'm gonna give you the chance I was denied. All you have to do is walk away. Leave Raymond Reddington.","4","18","Philomena","Reddington, disguised as Mr. Kaplan, tells a target to walk away from a life of loyalty to Reddington—a meta moment reflecting his own history.","Transcript S04E18","ClaudeMiner","Joe","loyalty; freedom; sacrifice","threat","3"
"So I get a babysitter now? I haven't had a babysitter since Brenda Gilroy. My God, pot pies, Lawrence Welk, bath time with Brenda. Still my perfect Saturday night.","4","18","Philomena","Reddington jokes about being assigned a babysitter (Liz) while working a case, reminiscing fondly about his childhood babysitter.","Transcript S04E18","ClaudeMiner","Liz Keen","humor; nostalgia","humor","4"
"This woman has elevated the rickety practice of bounty hunting to a sort of performance art.","4","18","Philomena","Reddington describes Philomena's methodical, theatrical approach to bounty hunting.","Transcript S04E18","ClaudeMiner","Liz Keen","crime; humor","one-liner","3"
"I'm talking about making you stop this train while my associate and I rob your passengers of their money and jewelry. I must admit, I've always been somewhat seduced by the idea. Bill Miner, the old gray fox. Butch Cassidy. But I've never really felt the itch until now.","4","19","Dr. Bogdan Krilov","Reddington threatens to stage a train robbery to force the employee to provide passenger manifests.","Transcript S04E19","ClaudeMiner","train employee","humor; power","threat","4"
"I have such a fondness for the little snacks from the bar car, the crackers and cheeses, the sausages. It's like camping. Try the peppered one there. It's surprisingly good.","4","19","Dr. Bogdan Krilov","Reddington enjoys train snacks while threatening a train employee for manifests.","Transcript S04E19","ClaudeMiner","unknown","humor","humor","3"
"Ah, I hate Mozart. Just heard too much of it. It's like pop music to me. Kate, on the other hand, simply adores 'Don Giovanni.'","4","19","Dr. Bogdan Krilov","Reddington comments on Mozart while showing a photo of Mr. Kaplan meeting with Krilov.","Transcript S04E19","ClaudeMiner","Elizabeth Keen","humor; wisdom; legacy","wisdom","3"
"Your abiding love for your son was always evident to me, Werner. The loss of Hans... There are no words to duly express my remorse. I'm sorry for that. And I'm... I'm sorry for this.","4","19","Dr. Bogdan Krilov","Reddington apologizes sincerely before killing Werner in self-defense.","Transcript S04E19","ClaudeMiner","Werner Von Hauser","regret; family; death","emotional","5"
"Every part of this little drama, Kate, is playing out as grand tragedy. Family feuds always do.","4","19","Dr. Bogdan Krilov","Reddington reflects on the tragic nature of his conflict with Mr. Kaplan.","Transcript S04E19","ClaudeMiner","Mr. Kaplan (on phone)","betrayal; family; wisdom","wisdom","4"
"In the end, we're all creatures of habit.","4","19","Dr. Bogdan Krilov","Reddington reflects on Mr. Kaplan returning to a familiar café.","Transcript S04E19","ClaudeMiner","Elizabeth Keen","wisdom; identity","wisdom","4"
"I deserve to pay. But I can't.","4","19","Dr. Bogdan Krilov","Reddington admits his guilt over the death of Werner's son but refuses to die.","Transcript S04E19","ClaudeMiner","Werner Von Hauser","regret; survival; morality","emotional","5"
"I put out one fire, she starts another. The woman is an arsonist. She's not gonna stop until she burns me to the ground.","4","19","Dr. Bogdan Krilov","Reddington laments Mr. Kaplan's relentless campaign against him.","Transcript S04E19","ClaudeMiner","Dembe","betrayal; survival; regret","emotional","4"
"So you're gonna walk back to wherever it is you walk to and get the manifests, or I'm gonna stop this train, take your money, and give this rail line the most ridiculous PR disaster since the Newton Boys robbed that mail train in Rondout.","4","19","Dr. Bogdan Krilov","Reddington delivers an elegant threat to get the information he needs.","Transcript S04E19","ClaudeMiner","train employee","humor; power; legacy","threat","5"
"Word to the wise: before you embark on a journey of revenge, dig two graves.","4","20","The Debt Collector","Reddington quotes Confucius to the Debt Collector after a philosophical discussion about vengeance.","Transcript S04E20","ClaudeMiner","Edgar Grant","revenge; wisdom; death","parable","5"
"There's almost nothing as satisfying as revenge, wanting someone to hurt because you hurt. An eye for an eye. Feels like God's work, until you realize there is no God and you've committed sins for which there is no absolution.","4","20","The Debt Collector","Reddington reflects on the futility of revenge while confronting the Debt Collector.","Transcript S04E20","ClaudeMiner","Edgar Grant","revenge; morality; regret","monologue","4"
"I have found in my experience people rarely change and when they do, they’re not to be trusted.","4","20","The Debt Collector","","Manual Input","ManualIngest",,,,
"Being prepared for something doesn't necessarily speak to desire, and here we are.","4","20","The Debt Collector","Reddington reassures a rival he wasn't trying to kill him, just prepared, after a past conflict.","Transcript S04E20","ClaudeMiner","Baldur","power; wisdom; survival","wisdom","4"
"I've spent 30 years building an intelligence network of spies, informants, patriots, traitors. I've used it to build an empire that exists for only two reasons: to keep me free and you safe.","4","20","The Debt Collector","Explaining to Elizabeth why he knows about the Debt Collector even though he's not physically present.","Transcript S04E20","ClaudeMiner","Lizzie","loyalty; truth; legacy","emotional","5"
"You can flip through every Rolodex at the Bureau, but when it comes to the matters of death and necropsy, there is one technician who has gifts that simply cannot be matched.","4","20","The Debt Collector","Suggesting Mr. Kaplan to examine the body when the FBI is slow.","Transcript S04E20","ClaudeMiner","Lizzie","wisdom; crime; trust","wisdom","3"
"Too many killings, Kate, on all sides. I don't want more death, and neither do you. I simply want this to end. You can have the island. To be my prison. Yes. In paradise.","4","21","Mr. Kaplan","Reddington offers Mr. Kaplan a peaceful exile on an island to end their war, showing his desire for resolution over revenge.","Transcript S04E21","ClaudeMiner","Mr. Kaplan","sacrifice; justice; morality","monologue","5"
"Elizabeth is who she is, Kate. She's not Masha anymore. With little to none of my presence or influence through the years, she has grown up to be Special Agent Elizabeth Keen. Her area of scholarship and expertise is the study of criminals. The habits and inclinations, the curiosities and proclivities, the psychiatry of criminals. That's who she is. That may be the world she was born to, but it is most certainly the world she has chosen to live in. I can continue to give her more distance, but she is going to continue to be who she is. And I'm not going to stop watching out for her.","4","21","Mr. Kaplan","Reddington explains why he won't abandon Elizabeth, respecting her identity while vowing to protect her.","Transcript S04E21","ClaudeMiner","Mr. Kaplan","identity; loyalty; family","monologue","5"
"Donald, I want you to know that I do understand how you feel.","4","21","","Mined from transcript","Transcript S04E21","TranscriptMining",,,,
"I'm sorry. For what? - All of it. I wish I'd been the person you wanted me to be.","4","21","Mr. Kaplan","Reddington apologizes to Elizabeth's grandfather before a dangerous mission, revealing vulnerability about his past.","Transcript S04E21","ClaudeMiner","Dom","regret; family; sacrifice","emotional","5"
"Oh, it's exhilarating. I can actually feel my body releasing endorphins. You were on the treadmill for 15 minutes. Walking. - Race walking. - It's an Olympic sport. See, this is why you're so good for me. I never exercise this much. I feel amazing. It's like a total stress reducer.","4","21","Mr. Kaplan","Reddington jokes with Dembe about race walking to relieve stress while his empire is collapsing.","Transcript S04E21","ClaudeMiner","Dembe","humor; wisdom; survival","humor","4"
"Dembe, call an ambulance. Why on earth would she do this? My eye. My eye! [Groans.] - Why did she take your eye? There's a scanner at work. She needs my eye for access.","4","21","Mr. Kaplan","Reddington panics after a contractor's eye is stolen for biometric access, showing his dark humor under pressure.","Transcript S04E21","ClaudeMiner","Dembe","survival; humor; crime","humor","3"
"I know you skim an extra grand every week - to help pay for that girlfriend. Abe, you steal my money so you can get laid, which I've ignored because you're an accounting wizard. What I cannot ignore is your betrayal.","4","21","Mr. Kaplan","Reddington confronts his accountant for helping Mr. Kaplan drain his accounts, mixing dark humor with a serious threat.","Transcript S04E21","ClaudeMiner","Abe","betrayal; loyalty; crime","threat","4"
"We don't know each other, so I'll forgive you for not knowing that I don't scare easily. I expect to die here today. That's the end of your leverage. - But-- - There's a 'but.' Please, do go on.","4","21","Mr. Kaplan","Reddington calmly negotiates with a thief who thinks he has the upper hand, showing his unflappable nature.","Transcript S04E21","ClaudeMiner","Mario Dixon","power; wisdom; survival","threat","4"
"Once Kaplan testifies, an indictment is inevitable.","4","22","","Mined from transcript","Transcript S04E22","TranscriptMining",,,,
"There's one flaw in your plan, Kate. I'm not gonna hurt you. I never should've pulled that trigger in the first place. I certainly won't now. Not again.","4","22","Mr. Kaplan: Conclusion","Refusing to kill Kaplan on the bridge, breaking the cycle of violence.","Transcript S04E22","ClaudeMiner","Mr. Kaplan","loyalty; sacrifice; regret","emotional","5"
"Broke is such a harsh word. I prefer illiquid.","4","22","Mr. Kaplan: Conclusion","Responding to Lizzie's accusation that he went broke protecting her.","Transcript S04E22","ClaudeMiner","Elizabeth Keen","humor; identity","one-liner","5"
"Let's give Prescott a call so you can hear for yourself.","4","22","","Mined from transcript","Transcript S04E22","TranscriptMining",,,,
"Elizabeth, if you need to walk away...","4","22","Mr. Kaplan: Conclusion","Starting to offer Lizzie an out after she discovers the DNA results.","Transcript S04E22","ClaudeMiner","Elizabeth Keen","family; truth; sacrifice","emotional","4"
"Who was relying on the grand jury to separate us.","4","22","","Mined from transcript","Transcript S04E22","TranscriptMining",,,,
"To be effective, people like you must operate from the shadows. Anonymity and discretion are your stock and trade. And I'm about to make you famous.","4","22","Mr. Kaplan: Conclusion","Threatening Prescott to get information about Reven Wright's body.","Transcript S04E22","ClaudeMiner","Henry Prescott","power; crime; survival","threat","4"
"I do wonder what else Donald's men will find in your nightstand. Are you a vibrator kind of gal, Laurel? We'll see.","4","22","Mr. Kaplan: Conclusion","Mocking Laurel Hitchin while blackmailing her into killing the grand jury.","Transcript S04E22","ClaudeMiner","Laurel Hitchin","humor; power","one-liner","5"
"A man who knows how to bury problems. If you find yourself up against impossible odds due to poor judgment, Henry Prescott's the man you want on speed dial. He's the courage you never had, cool head in a crisis.","4","22","Mr. Kaplan: Conclusion","Explaining why they need to find Henry Prescott to fix the grand jury problem.","Transcript S04E22","ClaudeMiner","Lizzie","wisdom; crime; survival","wisdom","4"
"Ooh, that's a long list. But at the moment, I'll settle for Henry Prescott.","4","22","Mr. Kaplan: Conclusion","When Brickman asks what Reddington wants after breaking into his club.","Transcript S04E22","ClaudeMiner","Jay-Jay Brickman","humor; crime","one-liner","3"
"You're so focused on destroying me, you're willing to hurt one of the few people you've ever loved.","4","22","Mr. Kaplan: Conclusion","Accusing Kaplan of hurting Elizabeth by trying to destroy Reddington.","Transcript S04E22","ClaudeMiner","Mr. Kaplan","family; betrayal; love","emotional","4"
"I made a promise to Elizabeth's mother to protect her girl at all costs. And I can't do that from a cell which is why I have a contingency plan. Isn't that what you taught me, Raymond? Always make contingencies.","4","22","Mr. Kaplan: Conclusion","Kaplan's own words, but repeated/shown by Reddington as a reflection of her motives.","Transcript S04E22","ClaudeMiner","Mr. Kaplan","loyalty; family; survival","monologue","4"
"Clever use of Laurel Hitchin to commandeer the grand jury. Critical oversight on my part.","4","22","Mr. Kaplan: Conclusion","Acknowledging Kaplan's clever move in the standoff on the bridge.","Transcript S04E22","ClaudeMiner","Mr. Kaplan","betrayal; wisdom","wisdom","4"
"Ho Chi Minh City! That's it. I got away from you aboard that catfish trawler on the Saigon River. My God, the humidity. But fun times indeed. More to come, Agent Gale. More to come.","4","22","Mr. Kaplan: Conclusion","Recalling a past encounter with Gale after taking his phone, a blend of memory and threat.","Transcript S04E22","ClaudeMiner","Julian Gale","crime; humor; legacy","monologue","4"
"I don't have the foggiest idea how to get you back. That's what makes it fun— the surprises. Your carnival people, your skinheads, your mouth that won't stop running. So buckle up, Smokey, because before this is over, you and I are gonna get to know each other better than either of us would like. And my 40 grand— I'm gonna enjoy earning every damn penny.","5","1","Smokey Putnum","Reddington tells the fugitive he has no plan but is enjoying the chaotic adventure.","Transcript S05E01","ClaudeMiner","Smokey Putnum","humor; survival; crime","threat","4"
"It's nature vs. nurture. And nature wins every time. Our DNA is what it is.","5","1","Smokey Putnum","Reddington responds to Putnum's story about his gambling father and family curse.","Transcript S05E01","ClaudeMiner","Smokey Putnum","identity; wisdom; fate","wisdom","4"
"I feel alive. Zipping off in that car, bullets flying. What a thrill.","5","1","Smokey Putnum","Reddington admits he's enjoying the danger and unpredictability of the road trip.","Transcript S05E01","ClaudeMiner","Elizabeth Keen","freedom; survival","emotional","3"
"You weren't willing to shoot an unarmed man in the back. I think that's something to admire, not regret.","5","1","Smokey Putnum","Reddington consoles Liz after she hesitates to kill LeMarc, praising her integrity.","Transcript S05E01","ClaudeMiner","Elizabeth Keen","morality; justice; trust","wisdom","4"
"The criminal underworld is not static, Harold. It consists of constantly shifting alliances and leadership which can only be discerned by a few key players. I was one of those players, and with your help, I intend to be one again. Because, like deep-fried butter, I am unhealthy and yet irresistible.","5","1","Smokey Putnum","Reddington explains to Cooper why the Blacklist still has value and why he needs to rebuild his empire.","Transcript S05E01","ClaudeMiner","Harold Cooper","power; wisdom; crime; humor","monologue","5"
"I've always secretly wanted a Wagoneer. It smells like Dad's car. Like peanut shells, gasoline.","5","1","Smokey Putnum","Reddington lightheartedly accepts a car from Liz, connecting it to childhood memories.","Transcript S05E01","ClaudeMiner","Elizabeth Keen","family; humor; nostalgia","one-liner","3"
"You weren't willing to shoot an unarmed man in the back.","5","1","","Mined from transcript","Transcript S05E01","TranscriptMining",,,,
"I was wrong. You're not at all scared of the future. You're actually loving this.","5","1","Smokey Putnum","Reddington observes Liz's enjoyment of the chaos and uncertainty after recruiting Putnum and Hawkins.","Transcript S05E01","ClaudeMiner","Elizabeth Keen","identity; freedom; survival","emotional","3"
"You're a tough son of a bitch. Your loyalty to Kate is admirable. But you will die, Albert, here and now, if you don't tell me where that suitcase is.","5","2","Greyson Blaise","Reddington interrogates a dying man who protected Mr. Kaplan's secret.","Transcript S05E02","ClaudeMiner","Albert (Dennison's associate)","loyalty; death; truth","threat","4"
"I believe one gets more flies with honey than vinegar. I have also studied the Behavioral Change Stairway Model developed by the FBI's hostage-negotiation unit. If the goal is to get one to tell something they don't want to tell, empathy and rapport are vital.","5","2","Greyson Blaise","Reddington explains why he's cooking a gourmet meal for a hostile contact to get information.","Transcript S05E02","ClaudeMiner","covert operative (unarmed)","wisdom; manipulation","monologue","4"
"I let you do it because it felt like the right thing to do. It wasn't. But it certainly felt that way because — Because you're my daughter? In more ways than I care to admit.","5","2","Greyson Blaise","Reddington explains why he allowed Liz to participate in his scheme, acknowledging their deep connection.","Transcript S05E02","ClaudeMiner","Elizabeth Keen","family; identity; morality","emotional","5"
"All praise is due to Allah, who gave us food and drink, and whose wisdom may guide us toward a resolution of our conflict that doesn't involve hospitalization.","5","2","Greyson Blaise","Reddington gives a mock-pious blessing before eating a meal with a man he's trying to coerce.","Transcript S05E02","ClaudeMiner","covert operative (unarmed)","humor; survival","humor","4"
"I'm scared of you. Now more than ever. Of who you are, because you might be who I am, too.","5","2","Greyson Blaise","Liz confesses she let Reddington use her because she feels a dark kinship with him; he agrees.","Transcript S05E02","ClaudeMiner","Elizabeth Keen","identity; family; morality","emotional","5"
"What am I thinking? This is neither the time nor the place to talk business.","5","2","","Mined from transcript","Transcript S05E02","TranscriptMining",,,,
"Please tell Paolo he's hosting a party tomorrow afternoon.","5","2","","Mined from transcript","Transcript S05E02","TranscriptMining",,,,
"A Mongolian peasant gets brought into an office, where an important man offers him a million dollars on one condition that he press the red button on his desk... A man recently told me that story. Said we all have a Mongolian peasant in our lives something we've done that we're ashamed of and that the minute someone finds out what that is, well, he can make you do anything. Say anything. Confess to anything. Either to cover it up or to atone.","5","3","Miss Rebecca Thrall","Reddington uses a parable to manipulate a cop into confessing her role in the murder-for-insurance scheme.","Transcript S05E03","ClaudeMiner","Officer Serry","betrayal; guilt; power","parable","5"
"Tom, if I wanted to get rid of you, I'd put the bullet in your head myself. However, you are important to Elizabeth, so, like it or not, you're important to me.","5","3","Miss Rebecca Thrall","Reddington reassures Tom after a dangerous gun deal, emphasizing his loyalty to Liz.","Transcript S05E03","ClaudeMiner","Tom Keen","loyalty; family; trust","emotional","4"
"You know, Donald, before I turned myself in to the FBI, I held people like you in extremely low regard.","5","3","Miss Rebecca Thrall","Reddington reflects on his past disdain for law enforcement while acknowledging Ressler's character.","Transcript S05E03","ClaudeMiner","Donald Ressler","wisdom; trust","monologue","3"
"But I've found your determination to do the right thing, your genuine commitment to the thin blue line that separates order and innocence from the likes of me to be quite admirable.","5","3","Miss Rebecca Thrall","Reddington compliments Ressler's integrity after a case, showing rare respect for an FBI agent.","Transcript S05E03","ClaudeMiner","Donald Ressler","justice; morality","wisdom","3"
"Nevertheless, my offer stands. For the day I hope will never come.","5","3","Miss Rebecca Thrall","Reddington offers Ressler a favor if he ever gets into trouble, closing a rare moment of vulnerability.","Transcript S05E03","ClaudeMiner","Donald Ressler","loyalty; trust","emotional","3"
"You're alive, Officer McGinnis. Which is more than we can say for Scottie Stansbury. You've done your job. Now let me do mine.","5","3","Miss Rebecca Thrall","Reddington to the corrupt cop after a staged shooting, acknowledging his role.","Transcript S05E03","ClaudeMiner","Officer McGinnis","death; crime; morality","threat","4"
"A piping plover. Their breeding grounds are along coastal beaches and alkali marshes, so to hear that bell-like call from a shorebird this far inland my gosh, poor little fella must be lost.","5","3","Miss Rebecca Thrall","Reddington comments on a bird call during a tense gun deal, showcasing his eccentric focus on nature.","Transcript S05E03","ClaudeMiner","Adika","wisdom; humor","wisdom","3"
"Smokey, you were born a century too late.","5","3","","Mined from transcript","Transcript S05E03","TranscriptMining",,,,
"A million reasons for you to have faith in my financial fortitude.","5","3","","Mined from transcript","Transcript S05E03","TranscriptMining",,,,
"I think this is the first time you've made it a priority to see me, and I appreciate that.","5","3","","Mined from transcript","Transcript S05E03","TranscriptMining",,,,
"I'm asking the impossible: for you to trust a complete stranger with the well-being of your son. But if you stay here, the authorities will take him and he will die. Please. Trust me.","5","4","The Endling","Reddington persuades Nirah to let him save her son.","Transcript S05E04","ClaudeMiner","Nirah Ahmad","trust; sacrifice; survival","emotional","4"
"Is there a force in the universe more powerful than a mother's love for her child? The miracles of modern medicine pale in comparison.","5","4","The Endling","Reddington appeals to Nirah's maternal instinct to gain her trust.","Transcript S05E04","ClaudeMiner","Nirah Ahmad","love; family; wisdom","emotional","4"
"We were camping in the altogether under the most delightful autumn moon in the Forest of Dean when a wild pig came out of nowhere and gored my left flank, so to speak. And Melissa here not only slew the beast and salved my wound with a honey of yarrow compress, but also made the most scrumptious pork pie in the monarchy.","5","4","The Endling","Reddington recounts a bizarre story to explain his history with the doctor.","Transcript S05E04","ClaudeMiner","Dr. Melissa Lomay & Elizabeth Keen","humor; survival","parable","4"
"I had no veiled intent in giving you this case, just a sincere desire to stop a criminal I believed to be truly reprehensible. ... Now what do you believe? That a sinner can also be a saint.","5","4","The Endling","Reddington reflects on Nirah's duality after she sacrifices herself.","Transcript S05E04","ClaudeMiner","Elizabeth Keen","morality; wisdom; identity","wisdom","5"
"Right now, you have 100% of a business that clears maybe $50,000, $100,000 a year. Maybe. I'm offering you 10% of a business that will clear 100 times that.","5","4","The Endling","Reddington proposes a partnership to turn Tony's postal scheme into a safe-house network.","Transcript S05E04","ClaudeMiner","Tony (The Mailman)","crime; power; wisdom","monologue","3"
"The value of your information isn't in what you are able to take out of these houses, it's in who you're able to put in them. Reliable safe houses are incredibly hard to find and always at a premium.","5","4","The Endling","Reddington explains his vision for a new criminal enterprise.","Transcript S05E04","ClaudeMiner","Tony (The Mailman)","crime; wisdom; power","wisdom","4"
"Given the same circumstances, I'd like to think I'd be as brave as her. I know I'd want to be.","5","4","The Endling","Reddington expresses admiration for Nirah's sacrifice.","Transcript S05E04","ClaudeMiner","Elizabeth Keen","sacrifice; morality; courage","emotional","4"
"The private clinic of Dr. Melissa Lomay, general surgeon and owner and proprietor of Doctors Without Morals, the first choice in healthcare for the career criminal.","5","4","The Endling","Reddington introduces Elizabeth to a shady doctor's clinic.","Transcript S05E04","ClaudeMiner","Elizabeth Keen","humor; crime","humor","3"
"You're like one of those extraordinary children who knows how to spell 'onomatopoeia.' But even he couldn't spell out why a horse killer is on the Blacklist.","5","4","The Endling","Reddington teases Elizabeth about her difficulty understanding the case.","Transcript S05E04","ClaudeMiner","Elizabeth Keen","humor; wisdom","humor","3"
"Great ideas are like great athletes: efficient, elegant, powerful. I'm aroused by both and mourn the death of either.","5","4","The Endling","Reddington marvels at the Airbnb business model while peeling an apple in his rental.","Transcript S05E04","ClaudeMiner","Elizabeth Keen","wisdom; humor; crime","wisdom","4"
"In horse breeding, genes are everything, and Fitzpleasure had the best ones.","5","4","","Mined from transcript","Transcript S05E04","TranscriptMining",,,,
"When I was 17 and heading off to the Naval Academy, I sent the most extravagant love letter to Sarah Ellen Winstead. She never replied. To this day, I remain convinced that the post office failed to deliver it, and that if your colleagues had simply done their jobs, the entire arc of my life might have been different. I might have been thinner and living in Maine.","5","4","The Endling","Reddington tells a personal story to illustrate his grudge against the postal service.","Transcript S05E04","ClaudeMiner","Tony (The Mailman)","regret; humor; wisdom","parable","5"
"Proverbs 21, verse 10 — Solomon's dissertation on the wicked and the company they keep. 'There is no honor among thieves.' I disagree. A few thieves have been among the most honorable men I have ever known.","5","4","The Endling","Reddington quotes Proverbs while interrogating a man who invaded his rental.","Transcript S05E04","ClaudeMiner","Sven (the Mailman's henchman)","loyalty; morality; wisdom","monologue","4"
"The last white rhino, the final dodo bird, the only surviving member of a group or species is called an endling. You're not looking for a horse killer, Elizabeth, you're in search of the endling himself.","5","4","The Endling","Reddington introduces the concept of an 'endling' to explain the real target.","Transcript S05E04","ClaudeMiner","Elizabeth Keen","wisdom; crime","parable","5"
"Do you have a count? The mailman gave us two lists.","5","5","","Mined from transcript","Transcript S05E05","TranscriptMining",,,,
"I will allow myself to be found, recover the suitcase, eliminate the man for his troubles, and rebury the body in a place where it will be lost to the sands of time, as originally intended.","5","6","The Travel Agency","Reddington explains his plan to handle the killer who found the skeleton.","Transcript S05E06","ClaudeMiner","Lizzie (Elizabeth Keen)","secrets; death; survival","monologue","3"
"I kill with Camus.","5","6","The Travel Agency","Reddington quips about playing 'Celebrity' with Cooper, referencing the absurdist philosopher.","Transcript S05E06","ClaudeMiner","Harold Cooper","humor; wisdom; crime","humor","4"
"Secrets put people in harm's way. Keeping them in the dark a talent you and I share.","5","6","The Travel Agency","Reddington confronts Liz about her quest to identify the bones from the suitcase.","Transcript S05E06","ClaudeMiner","Lizzie (Elizabeth Keen)","secrets; truth; betrayal; trust","wisdom","4"
"And while your system won't hold you to account for whatever you choose to do, your conscience will.","5","6","The Travel Agency","Reddington leaves Cooper with a final thought before the raid on Zeke Wilson.","Transcript S05E06","ClaudeMiner","Harold Cooper","justice; morality; trust","wisdom","4"
"Early is on time, on time is late, and late is unacceptable.","5","6","The Travel Agency","Reddington's morning radio show plays, repeating a mantra he lives by.","Transcript S05E06","ClaudeMiner","Lizzie (Elizabeth Keen)","wisdom; survival; time","wisdom","4"
"If you argue, you overdose. If the next syllable out your sorry-ass mouth doesn't point us in the direction of Isaiah Hill, you overdose. Am I clear?","5","6","The Travel Agency","Reddington lays down the law while holding a syringe.","Transcript S05E06","ClaudeMiner","Castro (drug dealer)","threat; crime; survival","threat","4"
"Your justice system will protect you, just like it protected the cop who killed Isaiah's father. Is that your observation or your advice? My observation is that you came to this party with an unregistered handgun. My advice would be as Isaiah's father got six bullets, I'd give Zeke Wilson 12, order a rib eye, raise a glass of Château Latour, and toast to a job well done.","5","6","The Travel Agency","Reddington offers a philosophical and darkly practical observation on justice and race.","Transcript S05E06","ClaudeMiner","Harold Cooper","justice; revenge; power; morality","monologue","5"
"Fentanyl is like snake venom. 100 times more powerful than morphine. A lethal dose of heroin is about 30 milligrams? 3 milligrams of fentanyl is enough to kill an average-size male.","5","6","The Travel Agency","Reddington menaces the dealer while preparing a syringe.","Transcript S05E06","ClaudeMiner","Castro (drug dealer)","crime; death; threat","threat","3"
"Camus is not a celebrity. He is to me.","5","6","The Travel Agency","Reddington doubles down on his Camus joke.","Transcript S05E06","ClaudeMiner","Harold Cooper","humor; wisdom","humor","4"
"In every conceivable way, I'd say you're well below average.","5","6","The Travel Agency","Reddington prepares to inject Castro with fentanyl to get information.","Transcript S05E06","ClaudeMiner","Castro (drug dealer)","threat; crime; humor","threat","3"
"Another day, maybe. I'm not so sure about brighter. Her parents were arrested. Who knows how long it'll take to reunite them? And even then, her future is back at that migrant camp in Greece. Bleak business, Harold.","5","7","The Kilgannon Corporation","Reddington comments on the grim reality facing the rescued girl Anna, despite her survival.","Transcript S05E07","ClaudeMiner","Harold Cooper","injustice; loss; humanity","wisdom","3"
"The world can be such an unsparingly savage place. One could be forgiven for believing that evil will triumph in the end. Those who believe so are wrong. If you'd died today, like that, it would be all the proof I needed that you are the one who is wrong. And here I am.","5","7","The Kilgannon Corporation","Reddington expresses his relief and love after rescuing Dembe from the locked truck, acknowledging Dembe's role in proving goodness exists.","Transcript S05E07","ClaudeMiner","Dembe","loyalty; hope; friendship","emotional","5"
"You know, all this time I've given you to think has prompted me to do some thinking of my own. And, uh, I got to tell you, I'm stumped. When you consider all the people on the planet who would be interested in the contents of that case and you multiply that number by an even greater number of unspeakable things those people would do to get it, how the hell could it end up in the hands of a little pissant like you?","5","7","The Kilgannon Corporation","Reddington taunts Tom after he is captured, questioning how such a valuable item ended up with someone like him.","Transcript S05E07","ClaudeMiner","Tom Keen","curiosity; crime; humor","humor","4"
"The world can be such an unsparingly savage place one can be forgiven for believing that evil will triumph in the end.","5","7","The Kilgannon Corporation","","https://everydaypower.com/raymond-reddington-quotes/","EverydayPower",,,,
"Elizabeth, whomever has filled the vacuum left by my downfall has to be stopped, or more innocent people will die.","5","7","","Mined from transcript","Transcript S05E07","TranscriptMining",,,,
"Congratulations, Elizabeth. Tom and I have had our differences, but I believe he wants what's best for you. And Agnes.","5","7","The Kilgannon Corporation","Reddington congratulates Liz on her marriage to Tom, acknowledging their past conflicts but expressing belief in Tom's good intentions.","Transcript S05E07","ClaudeMiner","Elizabeth Keen","family; trust; wisdom","emotional","3"
"All over the world, criminals are smuggling people into countries they can't enter legally. Some are hoping for a better life. Others are escaping war or persecution for a price. People like me can help them.","5","7","The Kilgannon Corporation","Reddington explains his former involvement in human smuggling, framing it as a service to those in need.","Transcript S05E07","ClaudeMiner","Elizabeth Keen","crime; morality; freedom","monologue","4"
"There are much easier ways to earn a dollar than moving migrants. I did it because someone will, and if it's going to be done, it should be done well by someone who holds to certain standards.","5","7","The Kilgannon Corporation","Reddington justifies his past actions to Cooper, arguing that his involvement ensured migrants were treated humanely.","Transcript S05E07","ClaudeMiner","Harold Cooper","morality; crime; justice","wisdom","4"
"No, Elizabeth. Dembe didn't stay with me because he saw me as his savior. He stayed with me because he saw me for the man I really was – a man surrounded by darkness. No friends who could be trusted, no faith that loyalty or love could ever truly exist. I was... well, I was younger then. Angrier. Dembe connected his life with mine to show me, that day and every day, that the world is not what I fear it to be. He is the light in the darkness. Living proof that there is another way, that life can be good, that people can be kind, that a man like me might one day dream of becoming a man like him. He pledged his life, offered it up as evidence that I was wrong about this world. Dembe guards my life because he's determined to save my soul.","5","7","The Kilgannon Corporation","Reddington reflects on his deep bond with Dembe while searching for him after he goes missing, revealing Dembe's role as his moral compass.","Transcript S05E07","ClaudeMiner","Elizabeth Keen","loyalty; sacrifice; redemption","emotional","5"
"If I'm with the police, they're listening. They won't let you get to zero. They'll storm this place, and then you won't have to guess who I am.","5","7","The Kilgannon Corporation","Dembe, undercover, bluffs a smuggler who threatens to kill him, daring him to count down.","Transcript S05E07","ClaudeMiner","Greek smuggler","survival; humor","threat","3"
"I'll say this for you, you've always believed that you were acting in her best interest. Selling me out to Berlin, faking her death... you always thought you were helping her.","5","8","Ian Garvey","Reddington acknowledges Tom's misguided attempts to protect Elizabeth.","Transcript S05E08","ClaudeMiner","Tom Keen","trust; truth; family; sacrifice","wisdom","4"
"I thank whatever gods may be for my unconquerable soul. In the fell clutch of circumstance, I have not winced nor cried aloud. Under the bludgeonings of chance, my head is bloody, but unbowed. ... I am the master of my fate. I am the captain of my soul.","5","8","Ian Garvey","Reddington recites 'Invictus' by William Ernest Henley while watching over Elizabeth in the hospital.","Transcript S05E08","ClaudeMiner","himself","survival; wisdom; identity; death","monologue","5"
"You've always seen my relationship with Elizabeth as a zero-sum game.","5","8","","Mined from transcript","Transcript S05E08","TranscriptMining",,,,
"This is a secret, not a lie.","5","8","Ian Garvey","Reddington defends his silence about the suitcase contents when Tom accuses him of lying.","Transcript S05E08","ClaudeMiner","Tom Keen","truth; trust; morality","one-liner","4"
"I'm a violent man, a terrible, powerful, violent man. But the way she looked at you, the way she loves you... I'm powerless against that.","5","8","Ian Garvey","Reddington explains why he allowed Tom to marry Elizabeth despite his initial intention to kill him.","Transcript S05E08","ClaudeMiner","Tom Keen","love; power; family; morality","monologue","5"
"This is a horrible mistake. Whatever you're doing, whatever it is you think you're going to tell Elizabeth, this is a mistake. Walk away from this, Tom.","5","8","Ian Garvey","Reddington warns Tom not to reveal the truth about the suitcase to Elizabeth.","Transcript S05E08","ClaudeMiner","Tom Keen","truth; regret; trust; family","threat","3"
"You've always seen my relationship with Elizabeth as a zero-sum game. You think what's good for me is bad for her and what's good for her is bad for me.","5","8","Ian Garvey","Reddington confronts Tom about his perception of their competing interests regarding Elizabeth.","Transcript S05E08","ClaudeMiner","Tom Keen","trust; family; loyalty; truth","wisdom","3"
"Will you be able to forgive yourself?","5","9","Ruin","After saying yes to forgiving Lizzie, Red asks if she can forgive herself for the murders.","Transcript S05E09","ClaudeMiner","Lizzie","forgiveness; morality; guilt","wisdom","4"
"I know you took care of her while I was in the hospital, and I can't thank you enough for that, but this is my decision. And I need you to respect that.","5","9","Ruin","Lizzie tells Red she's entrusted Agnes to Scottie Hargrave; Red questions but ultimately supports her decision.","Transcript S05E09","ClaudeMiner","Lizzie","trust; family; sacrifice","emotional","3"
"Maybe. Later. After I've crossed the abyss. But from the side I'm on now, all that matters is that I'm healed and I'm back. And I'm coming for Tom's killers. Like I said, I couldn't keep my promise. Can you forgive me?","5","9","Ruin","Lizzie explains why she broke her promise not to seek revenge; Red asks for her forgiveness.","Transcript S05E09","ClaudeMiner","Lizzie","forgiveness; revenge; redemption","emotional","4"
"What's so great about crossing it? What's on the other side? Peace? Tranquility? Some. ... I prefer revenge. That's what I'm afraid of. Really? 'Cause imagining what I'm gonna do to Tom's killers... it's the only thing that gets me out of bed in the morning.","5","9","Ruin","Red and Lizzie discuss the value of crossing the abyss; Red admits revenge is his motivation.","Transcript S05E09","ClaudeMiner","Lizzie","revenge; survival; morality","emotional","4"
"I want you to promise me something. That you'll grieve. ... I think you're running away from your problems when you should be facing them. I'm sure it feels like you're staring into an abyss, but until you mourn, you won't be able to cross it.","5","9","Ruin","Red urges Lizzie to confront her grief after Tom's death instead of hiding.","Transcript S05E09","ClaudeMiner","Lizzie","wisdom; grief; survival","wisdom","5"
"You will. One of these nights you will. It's just a matter of when.","5","9","Ruin","Lizzie says she didn't lose sleep over killing men; Red warns the guilt will eventually come.","Transcript S05E09","ClaudeMiner","Lizzie","death; morality; guilt","wisdom","4"
"Don't just go off and hide in the dark. Wherever you go, look for some light.","5","9","Ruin","Red gives Lizzie parting advice as she leaves to find Tom's killers.","Transcript S05E09","ClaudeMiner","Lizzie","wisdom; freedom; survival","wisdom","4"
"Wealth is such a privilege. I've learned to love it. Well, it's not emotional, like hearing Maria Schneider's 'The Thompson Fields' for the first time or watching the sun set over the caldera in Santorini. But for pure, meaningless joy, nothing compares.","5","10","The Informant","Celebrating with Cooper, reflecting on wealth versus emotional art.","Transcript S05E10","ClaudeMiner","Harold","wisdom; power; humor","monologue","5"
"I'm almost always honest. Decent, then? Moral? I was all of those things once.","5","10","The Informant","Confronting the judge about her past corruption and his own lost morality.","Transcript S05E10","ClaudeMiner","Judge Fisher","truth; identity; morality","wisdom","4"
"And who might you be? I'm not helping you.","5","10","","Mined from transcript","Transcript S05E10","TranscriptMining",,,,
"I've missed your tightly wound officiousness all clenched and pink and puckered. Perhaps this will loosen your stool.","5","10","The Informant","Meeting with a banker to discuss accounts, delivered with sardonic charm.","Transcript S05E10","ClaudeMiner","Hermann","humor; power; crime","humor","4"
"Forgiveness doesn’t mean accepting what you’ve done, Donald. It means understanding that the line dividing good and evil cuts through the hearts of all of us.","5","10","The Informant","","Manual Input","ManualIngest",,,,
"Sins should be buried like the dead. Not that they may be forgotten, but that we may remember them and find our way forward nonetheless.","5","10","The Informant","Giving Ressler a signed confession, urging him to move on.","Transcript S05E10","ClaudeMiner","Ressler","regret; morality; sacrifice","wisdom","4"
"You said that once you cross over, there are things in the darkness that can keep your heart from ever feeling the light again.","5","10","The Informant","Recalling his own earlier words to Ressler after Audrey's death.","Transcript S05E10","ClaudeMiner","Ressler","death; survival; wisdom","emotional","4"
"You're my father. You need my help. It's not like you're gonna ask me to get rid of a body or anything.","5","11","Abraham Stern","Lizzie agrees to help Reddington, leading to an ironic moment about the rag.","Transcript S05E11","ClaudeMiner","Lizzie","family; trust; humor","emotional","4"
"I've cautioned you that in your pursuit of Tom's killer, you need to restrain your darker impulses. Which I've done, mostly more or less. The help I need violates the spirit of that advice. I wouldn't even ask for it if it wasn't critical.","5","11","Abraham Stern","Reddington expresses reluctance to involve Lizzie in a morally questionable request.","Transcript S05E11","ClaudeMiner","Lizzie","trust; morality; family","emotional","4"
"It is an absolute mystery to me how these gadgets work — the Dick Tracey phones, these blueteeth connections. Quite frankly, I miss the rotary phone. Except for that zero. Watching that zero crawl back. Oh, my God. It was painful.","5","11","Abraham Stern","Reddington rambles about his confusion with modern technology while waiting on a packet sniffer.","Transcript S05E11","ClaudeMiner","Lizzie","humor; wisdom","humor","3"
"I've had my eye on a castle in Trieste. I'm flying over there in an hour to make a ridiculously large offer on it. Care to join me?","5","11","Abraham Stern","Reddington invites Lizzie to join him after completing his treasure hunt.","Transcript S05E11","ClaudeMiner","Lizzie","adventure; freedom","emotional","4"
"Hello, Harold. Excuse the rush. I'm on a clock. But I wanted to let you know, I discovered what our friend Abraham Stern is up to. Oh, and what is that? He's robbing the Denver Mint.","5","11","Abraham Stern","Reddington casually informs Cooper of Stern's heist, adding an element of chaos.","Transcript S05E11","ClaudeMiner","Cooper","humor; crime","humor","3"
"And this is Winston Churchill's hat. The Homburg he wore during The Blitz. Under its brim, he beat back Hitler with style and grace and unwavering confidence. I'm an eager, if unworthy, heir. What do you think? Be brutal.","5","11","Abraham Stern","Reddington shows off his purchase—Churchill's hat—using his penny as a trade.","Transcript S05E11","ClaudeMiner","Lizzie","history; humor; wisdom","humor","4"
"I think it sounds like fun. Thank you, Aram. That's the spirit. Harold, you could learn a thing or two from your subordinates.","5","11","Abraham Stern","Reddington encourages Aram's enthusiasm and teases Cooper for his reluctance.","Transcript S05E11","ClaudeMiner","Aram and Cooper","humor; loyalty","humor","3"
"You know why? Robert Louis Stevenson. Yes! Edgar Allan Poe. 'The Gold Bug.' Oh, what a story. It has everything — a delirious search for treasure, the descent into madness, along with ciphers and bugs, a skull nailed to a tree. What a yarn.","5","11","Abraham Stern","Reddington explains the allure of mystery and treasure hunting through classic literature.","Transcript S05E11","ClaudeMiner","unknown","wisdom; adventure; mystery","monologue","4"
"I haven't felt this giddy since Herbie Hunnicutt and I pooled our box tops and sent away for the decoder ring and periscope.","5","11","Abraham Stern","Reddington expresses childlike excitement about the treasure hunt for the pennies.","Transcript S05E11","ClaudeMiner","unknown","humor; wisdom; adventure","humor","3"
"Oh, don't be such a spoilsport. This could be such fun! Where's your sense of adventure?","5","11","Abraham Stern","Reddington chides Cooper for being too serious about the treasure hunt.","Transcript S05E11","ClaudeMiner","Cooper","humor; adventure","humor","3"
"The truth? The last time I spoke to Tom, he told me, 'I figured it out. Why Nik died, everything.' That's why I went home to find the truth. But they got to him first.","5","12","The Cook","Red tells Lizzie about Tom's final words and why she went home that night.","Transcript S05E12","ClaudeMiner","Elizabeth Keen","truth; death; justice","emotional","3"
"I have a secret, and I need to keep it even from you.","5","12","The Cook","Red admits to Lizzie that he knows what Tom discovered but cannot reveal it, even to her.","Transcript S05E12","ClaudeMiner","Elizabeth Keen","truth; trust; secrecy","emotional","5"
"This wasn't arson that resulted in murder. This was a murder committed by arson.","5","12","The Cook","Red explains the nature of The Cook's crimes, distinguishing arson from murder.","Transcript S05E12","ClaudeMiner","unknown","crime; truth","wisdom","4"
"What makes her happy? Does she like a good foot massage? We should have stayed.","5","12","","Mined from transcript","Transcript S05E12","TranscriptMining",,,,
"Samar, any news? We caught the Blacklister.","5","12","","Mined from transcript","Transcript S05E12","TranscriptMining",,,,
"Living a lie was worse than prison. The day I confessed was the day I went to jail. That was also the day I was set free.","5","12","The Cook","Earl Fagen reflects on the psychological burden of his double life as an arson investigator and arsonist.","Transcript S05E12","ClaudeMiner","Samar Navabi","freedom; truth; sacrifice","wisdom","4"
"Leadership is about more than the showing of strength, William. It's also about knowing when to show restraint.","5","13","The Invisible Hand","Reddington admonishes Wilkins for killing Momo over a misunderstanding.","Transcript S05E13","ClaudeMiner","William 'Big Willie' Wilkins","power; wisdom; morality","wisdom","4"
"You know, I once knew a man who was shot 20 times in the torso and survived 20 times. Achiko Takahashi.","5","13","The Invisible Hand","Reddington starts a story to intimidate Bobby into giving him information.","Transcript S05E13","ClaudeMiner","Bobby","wisdom; survival","parable","4"
"Or I'm going to do to you what those 20 bullets couldn't do to Achiko Takahashi.","5","13","The Invisible Hand","Reddington threatens Bobby after he asks 'or what?'","Transcript S05E13","ClaudeMiner","Bobby","threat; death","threat","5"
"I'm not a big fish, William. I'm Moby Dick.","5","13","The Invisible Hand","Reddington explains why he wants to go after the Nash Syndicate.","Transcript S05E13","ClaudeMiner","William 'Big Willie' Wilkins","power; identity","one-liner","5"
"I appreciate your optimism, Mr. Bandicott, but I fear we aren't going to be friends.","5","13","The Invisible Hand","Reddington meets the Toymaker and dismisses his attempts at friendliness.","Transcript S05E13","ClaudeMiner","Cleveland 'The Toymaker' Bandicott","humor; power","humor","3"
"In my experience, everyone has their own definition of an emergency.","5","13","The Invisible Hand","Reddington comments on a postal worker who barged in claiming an emergency.","Transcript S05E13","ClaudeMiner","Dembe","wisdom; humor","wisdom","3"
"In a matter like this, honesty is always the best policy. Probably.","5","13","The Invisible Hand","Reddington suggests they visit Big Willie Wilkins to confess about the stolen cocaine.","Transcript S05E13","ClaudeMiner","Anthony","wisdom; humor","humor","4"
"With the evidence you obtained from his place of business, you can file charges against 27 clients who never went to trial.","5","14","","Mined from transcript","Transcript S05E14","TranscriptMining",,,,
"That feeling you have right now, that anger, I want you to hold on to that, because that malice you feel in your heart is more dependable than any contract killer or hit man or third person.","5","14","Mr. Raleigh Sinclair III","Red is coaching Brian Barrett to channel his rage into motivation for murdering his wife.","Transcript S05E14","ClaudeMiner","Brian Barrett","revenge; anger; betrayal","wisdom","4"
"Push her. Provoke her. Figure out a way past her grief and anger, and you'll see her for who she really is. And who is that? Everything that I am not.","5","14","Mr. Raleigh Sinclair III","Red defends Elizabeth Keen to her therapist, claiming she is fundamentally good unlike him.","Transcript S05E14","ClaudeMiner","Dr. Fulton (therapist)","identity; morality; family","emotional","5"
"The concept of bilocation is appealing, even if not without consequence. I suspect you're a fan of quantum theory. I'm more a Dostoyevsky man. 'The Double.' I love a good doppelganger story.","5","14","Mr. Raleigh Sinclair III","Red bonds with The Alibi over literature before offering him a deal.","Transcript S05E14","ClaudeMiner","Mr. Raleigh Sinclair III","wisdom; humor","parable","4"
"People think memory works like a video recorder. The mind records events and then, on cue, plays back an exact replica. In truth, memories are reconstructed more like putting together an ever-changing jigsaw puzzle than replaying a video.","5","14","Mr. Raleigh Sinclair III","Red explains how eyewitness testimony can be manipulated by The Alibi.","Transcript S05E14","ClaudeMiner","Samar Navabi","truth; perception; wisdom","monologue","3"
"I give, and I get the eyes and ears of an invisible army.","5","14","Mr. Raleigh Sinclair III","Red explains to a friend why he supports her homeless shelter.","Transcript S05E14","ClaudeMiner","Marion (Marty)","loyalty; survival; wisdom","one-liner","4"
"I need someone who sees the fire in my eyes and wants to play with it.","5","15","Pattie Sue Edwards","Reddington asks Fagen to burn down Critter Cabin, appealing to his destructive nature.","Transcript S05E15","ClaudeMiner","Earl Fagen","power; crime","threat","4"
"Men plan. God laughs.","5","15","Pattie Sue Edwards","Reddington reflects on the setback with the IRS audit, acknowledging the unpredictability of life.","Transcript S05E15","ClaudeMiner","Earl Fagen","wisdom; survival","one-liner","4"
"It appears we're going to need that chinchilla after all.","5","15","","Mined from transcript","Transcript S05E15","TranscriptMining",,,,
"As Old Man Quimby, my fencing instructor used to say ""If ifs and buts were candy and nuts, oh, what a Christmas we'd have.","5","15","","Mined from transcript","Transcript S05E15","TranscriptMining",,,,
"If it turns out to be a cop, what are you gonna do then? Let the system close ranks around one of its own? Let him lawyer up? Stand trial? Juries acquit cops even when they have video showing those cops shooting innocent victims. You think a jury will take your word over his, your memory? The memory of someone who suffered such significant brain trauma she was in a coma for 10 months.","5","15","Pattie Sue Edwards","Reddington prepares Lizzie for the reality that the justice system may fail her in finding Tom's killer.","Transcript S05E15","ClaudeMiner","Lizzie","justice; truth; morality","monologue","5"
"I find a good bedside chat to be effective and exhilarating.","5","15","Pattie Sue Edwards","Reddington defends his dramatic tactic of threatening Detective Singleton in his bed.","Transcript S05E15","ClaudeMiner","Lizzie","humor; power","humor","4"
"As Old Man Quimby, my fencing instructor used to say 'If ifs and buts were candy and nuts, oh, what a Christmas we'd have.' My God I loved the foil.","5","15","Pattie Sue Edwards","Reddington cleverly negotiates with the headmaster about the land deal, using a parable from his fencing instructor.","Transcript S05E15","ClaudeMiner","Headmaster","wisdom; humor","parable","4"
"Because you and I both know this doesn't end in a courtroom. It ends on the street. I want you to be prepared for that.","5","15","Pattie Sue Edwards","Reddington warns Lizzie that Tom's murder won't be resolved through legal means.","Transcript S05E15","ClaudeMiner","Lizzie","revenge; justice; survival","wisdom","5"
"Oh, I have plenty of questions, but none I'd pose to you. The answers will have to wait for me to find out on my own.","5","16","The Capricorn Killer","Reddington dismisses Garvey's attempts to engage him in conversation about the truth.","Transcript S05E16","ClaudeMiner","Ian Garvey","truth; power; wisdom","one-liner","3"
"I don't have to because, where she is concerned, you have no leverage. Secret or no secret, if you reach out to her, I'll cut off your hands. If you look in her direction, I'll cut out your eyes. And if you ever utter her name again in my presence, I'll cut out your tongue.","5","16","The Capricorn Killer","Reddington delivers an elegant yet brutal threat to Garvey regarding Lizzie's safety.","Transcript S05E16","ClaudeMiner","Ian Garvey","betrayal; protection; loyalty","threat","5"
"I could take the bones public. You could, but you haven't. And you won't.","5","16","The Capricorn Killer","Reddington calmly analyzes Garvey's behavior, deducing his reluctance to reveal the bones' secret.","Transcript S05E16","ClaudeMiner","Ian Garvey","power; truth; manipulation","wisdom","4"
"A truth. I want the whole truth. The whole truth is that we are all clinging to a lovely blue ball floating in a sea of blackness. Everything else, including and most especially, the truth you're looking for, is a tale told by an idiot, full of sound and fury, signifying nothing.","5","16","The Capricorn Killer","Reddington is having a philosophical standoff with Garvey, musing on the futility of seeking absolute truth after being shot.","Transcript S05E16","ClaudeMiner","Ian Garvey","truth; wisdom; existential","monologue","5"
"I am but a humble killer with a gun pointed at the withered prune that passes for your heart.","5","16","The Capricorn Killer","Reddington threatens a mobster who betrayed him, using darkly comedic imagery.","Transcript S05E16","ClaudeMiner","Mr. Gabinelli","humor; revenge; power","threat","4"
"I don't want your money. What I get is a name someone you know who also needs my services. You pay it forward.","5","17","Anna-Gracia Duerte","Reddington explains his unique payment system to a child bride seeking his help.","Transcript S05E17","ClaudeMiner","Anna-Gracia Duerte","morality; sacrifice; survival","parable","4"
"I understand why you've been protecting her. She saved you. Freed you from the unimaginable nightmare of a forced marriage with a man three times your age.","5","17","Anna-Gracia Duerte","Reddington empathizes with Reva's motive for protecting the killer.","Transcript S05E17","ClaudeMiner","Reva Jawal","freedom; power; survival","wisdom","3"
"She's just a kid. She's learned everything there is to know about pain and betrayal. Let's teach her something about mercy.","5","17","Anna-Gracia Duerte","Reddington argues for a lenient plea deal for Anna-Gracia Duerte.","Transcript S05E17","ClaudeMiner","Gerald (U.S. Attorney)","morality; justice; sacrifice","monologue","5"
"A friend or a foe. I'm fine with either one. Let's just say, an interested party.","5","17","Anna-Gracia Duerte","Reddington introduces himself to Reva in her hospital room.","Transcript S05E17","ClaudeMiner","Reva Jawal","power; truth","one-liner","3"
"Your witness presented a legal threat. Unfortunately, Mr. Garvey isn't afraid of legal threats. Or of you or the police or the cartels. No. But he is afraid of losing his power, which is exactly what I intend to take from him when we find this damn ledger.","5","17","Anna-Gracia Duerte","Reddington justifies his actions to Lizzie, explaining his strategy against Garvey.","Transcript S05E17","ClaudeMiner","Lizzie","power; revenge; crime","monologue","5"
"I detest waiting. Tell me something good, something worth waiting for.","5","17","Anna-Gracia Duerte","Reddington on the phone with Jerry Jawal, impatient for the ledger.","Transcript S05E17","ClaudeMiner","Jerry Jawal (on phone)","power; crime","threat","3"
"I'll be in touch. When you're so alone Time moves slow","5","17","Anna-Gracia Duerte","Reddington ends a tense phone call with Garvey, quoting the song playing in the background.","Transcript S05E17","ClaudeMiner","Garvey (on phone)","power; revenge; survival","threat","4"
"My parents were murdered when I was 9. My brother and I, we were sent to live with our father's family. And then, slowly, I began to heal. This was thanks in large part to my cousin Yana. She was 15. She was like a second mother to me. Until one night at dinner, my uncle announced that she was going to be married to a man that none of us had ever met. That night, Yana and I, we sat and we cried. 'Cause the next day, the man came, and she was gone. I didn't have the chance to help her.","5","17","Anna-Gracia Duerte","Reddington shares his own traumatic backstory to connect with the killer, a child bride, and persuade her to surrender.","Transcript S05E17","ClaudeMiner","Anna-Gracia Duerte","family; survival; sacrifice; morality","parable","4"
"A neo-Nazi with a fancy vocabulary, hiding good old-fashioned fascism behind a lot of America-first doublespeak.","5","17","Anna-Gracia Duerte","Reddington describes Coogan Hudnutt.","Transcript S05E17","ClaudeMiner","unknown","wisdom; crime","wisdom","3"
"I'm not here hiding from American law enforcement. I could dodge those raindrops and never get wet. I'm here because of Garvey.","5","17","Anna-Gracia Duerte","Reddington explains he is not hiding from the law but from Garvey.","Transcript S05E17","ClaudeMiner","Dembe","power; survival","wisdom","4"
"I hope you have indigestion. No. But if it makes you feel better, I'm in a bad mood. Excellent!","5","17","Anna-Gracia Duerte","Reddington greets Dembe, hoping he has stomach trouble to match his own foul mood, then gleefully approves.","Transcript S05E17","ClaudeMiner","Dembe","humor; wisdom","wisdom","3"
"I can guess what a woman's gonna do, but why she does it, I got no clue.","5","17","Anna-Gracia Duerte","Reddington comments on the difficulty of understanding women's motivations.","Transcript S05E17","ClaudeMiner","Aram","wisdom; humor","wisdom","4"
"I don't know if this is your fault or not. But I do know I'm only here because of you. So thank you.","5","17","Anna-Gracia Duerte","Reddington accepts partial responsibility for his situation and thanks Lizzie for her help.","Transcript S05E17","ClaudeMiner","Lizzie","loyalty; sacrifice; survival","emotional","5"
"Think like a criminal, Lizzy. By threatening him, you told him how important I am to you. By telling him not to come after me, you guaranteed he would.","5","17","Anna-Gracia Duerte","Reddington explains why his threat to Garvey backfired, putting Lizzie in danger.","Transcript S05E17","ClaudeMiner","Lizzie","betrayal; power; truth","wisdom","5"
"I've missed you, Teddy. It's good to have you back on the job.","5","17","Anna-Gracia Duerte","Reddington warmly greets Dembe, appreciating his return.","Transcript S05E17","ClaudeMiner","Dembe","loyalty; family","emotional","4"
"Overbid the contract. Worse yet, it appears Victor Manzon is now running point on Mosadek's security. Unfortunately, Victor and I have something of a sordid past. I'll spare you the details, but the long and the short of it is that if Victor were inclined to hand over Mosadek's security detail to anyone, it wouldn't be me.","5","18","Zarak Mosadek","Reddington explains why his original plan to infiltrate Mosadek's security fell through, referencing a past conflict.","Transcript S05E18","ClaudeMiner","Navabi","crime; survival; humor","monologue","3"
"Must be nice. Not having anything precious you want to keep to yourself.","5","18","Zarak Mosadek","Reddington observes Liz's reluctance to share, implying she has something she holds dear.","Transcript S05E18","ClaudeMiner","Lizzie","trust; wisdom","wisdom","3"
"I told you Garvey isn't afraid of legal threats. He's afraid of losing power.","5","18","Zarak Mosadek","Reddington explains why a legal case against Garvey is futile, and why targeting his supply chain matters.","Transcript S05E18","ClaudeMiner","Lizzie","power; wisdom; revenge","wisdom","4"
"Isn't it funny how things work out? Five years later, and here you are with me in Paris, preparing to steal a wanted man off the elevator. It's almost as if you didn't try to kill me in Belgrade all those years ago.","5","18","Zarak Mosadek","Reddington reflects on their complicated history while on a mission together.","Transcript S05E18","ClaudeMiner","Navabi","humor; survival; trust","humor","4"
"Luck is something you manufacture through preparation.","5","18","Zarak Mosadek","Reddington implies that their success isn't due to chance but careful planning.","Transcript S05E18","ClaudeMiner","unknown","wisdom; survival","wisdom","4"
"Risk comes from not knowing what you're doing.","5","18","Zarak Mosadek","Reddington dismisses concerns about the danger of their plan, emphasizing expertise over luck.","Transcript S05E18","ClaudeMiner","Navabi","wisdom; survival","wisdom","5"
"Either Mosadek lost your tail and has no intention of being found, or he was taken by the very same people who abducted his son.","5","18","","Mined from transcript","Transcript S05E18","TranscriptMining",,,,
"You may feel entitled to know what it is because he died trying to figure out what it was, but you're not. A fact which I have patiently tried to get you to understand. Be hurt. Blame me. Howl at the moon for all I care. But this is my problem, not yours.","5","19","Ian Garvey: Conclusion","Reddington firmly tells Lizzie that Tom's death does not entitle her to know the secret in the duffel bag.","Transcript S05E19","ClaudeMiner","Lizzie","betrayal; truth; family","emotional","5"
"Hoover believed knowledge is power. He used his to hurt a lot of good people. You're using yours to hurt me.","5","19","Ian Garvey: Conclusion","After Lizzie accuses him of withholding the truth, Reddington draws a parallel between himself and Hoover.","Transcript S05E19","ClaudeMiner","Lizzie","power; truth; betrayal","emotional","4"
"Clyde Tolson lived here? J. Edgar Hoover's lover? This was their secret hideaway. Imagine the conversations. Cooing over JFK's lovers. Slandering Dr. King. What peignoir to wear to bed.","5","19","Ian Garvey: Conclusion","Reddington reveals the apartment he owns was J. Edgar Hoover's secret love nest, finding dark humor in the irony.","Transcript S05E19","ClaudeMiner","Lizzie","humor; identity; legacy","humor","4"
"God doesn't want me, and the devil isn't finished.","5","19","Ian Garvey: Conclusion","Reddington explains why he feels confident walking into Garvey's trap, showcasing his dark humor and fatalism.","Transcript S05E19","ClaudeMiner","Cooper","survival; humor; death","one-liner","5"
"As a general rule, a magician never explains his tricks. But this one is just too good to keep to myself.","5","19","Ian Garvey: Conclusion","Reddington gloats to Garvey after revealing how he manipulated Garvey into being framed for Mosadek's murder.","Transcript S05E19","ClaudeMiner","Ian Garvey","power; revenge; humor","monologue","5"
"This reminds me of our high-school production of 'Guys and Dolls.' A rousing rendition of 'Fugue for Tinhorns.' Stubby Kaye has always been something of a role model.","5","19","Ian Garvey: Conclusion","Reddington compares planning his double to a high-school play, showing his love for theatricality and classic musicals.","Transcript S05E19","ClaudeMiner","Sinclair","humor; wisdom","humor","3"
"With a butterfly kiss and a honeybee hug, sleep tight, little one, like a bug in a rug.","5","19","Ian Garvey: Conclusion","Reddington mockingly describes how he drugged Garvey with a children's rhyme, showing his dark sense of humor.","Transcript S05E19","ClaudeMiner","Ian Garvey","humor; power; revenge","humor","4"
"After more than two decades on your Most Wanted List, I've become something of an FBI buff. I know all about your Wacos, your Ruby Ridges, COINTELPRO, going all the way back to John Dillinger, Al Capone, all those communists, the incorrigible G-Man, a colorless if admirably professional lot.","5","19","Ian Garvey: Conclusion","Reddington delivers a sardonic history lesson on the FBI while revealing he knows about J. Edgar Hoover's secret apartment.","Transcript S05E19","ClaudeMiner","Cooper","humor; power; wisdom","monologue","4"
"I promise Ian Garvey will not get away from me.","5","19","","Mined from transcript","Transcript S05E19","TranscriptMining",,,,
"Then came a plaster mold of your face, a willing double, a little makeup, a little make-believe, and, voilÃ , two Garveys with one stone.","5","19","","Mined from transcript","Transcript S05E19","TranscriptMining",,,,
"While you were plotting with your minions from the Nash Syndicate, I was hatching a plan with my men to meet with you.","5","19","","Mined from transcript","Transcript S05E19","TranscriptMining",,,,
"A truth. I want the whole truth.","5","19","Ian Garvey: Conclusion","Reddington responds to Lizzie saying she wants the truth, implying there are multiple truths but he wants the complete one.","Transcript S05E19","ClaudeMiner","Lizzie","truth; identity; betrayal","wisdom","4"
"This bag, it must contain something quite extraordinary. Extraordinarily human. Nothing more. Nothing less.","5","19","Ian Garvey: Conclusion","Reddington cryptically describes the contents of the duffel bag, hinting at its personal and painful significance.","Transcript S05E19","ClaudeMiner","Mosadek","identity; truth; death","monologue","4"
"Render unto Caesar the things that are Caesar's, and unto Reddington the things that are Reddington's.","5","19","Ian Garvey: Conclusion","Reddington paraphrases the gospels to assert his claim over what belongs to him during a negotiation.","Transcript S05E19","ClaudeMiner","Mosadek","power; morality; justice","threat","5"
"Unhappiness motivates whimpering. Action is motivated by fear.","5","19","Ian Garvey: Conclusion","Reddington explains human motivation to Mosadek, contrasting Garvey's unhappiness with the need for fear to drive action.","Transcript S05E19","ClaudeMiner","Mosadek","power; wisdom; survival","wisdom","5"
"And if I give you the duffel bag? I'll perform another magic trick. My jet will take you and the missus out of harm's way. I know a lovely little spot on Namibia's Skeleton Coast.","5","19","Ian Garvey: Conclusion","Reddington offers Garvey a way out in exchange for the duffel bag, wrapping a threat in whimsical imagery.","Transcript S05E19","ClaudeMiner","Ian Garvey","power; freedom; survival","threat","4"
"After more than two decades on your Most Wanted List, I've become something of an FBI buff.","5","19","","Mined from transcript","Transcript S05E19","TranscriptMining",,,,
"You will not die. You hear me, you piece of crap? Not until you tell me what you know. You will not die.","5","19","Ian Garvey: Conclusion","Reddington desperately tries to keep Garvey alive after he's shot, needing the secret of the duffel bag.","Transcript S05E19","ClaudeMiner","Ian Garvey","survival; truth; death","emotional","5"
"Welcome back. I hope you had a good rest. There's much to discuss.","5","19","Ian Garvey: Conclusion","Reddington greets the captured Garvey with chilling politeness after the staged shootout.","Transcript S05E19","ClaudeMiner","Ian Garvey","power; revenge","one-liner","3"
"I asked her to join us. That won't be happening. I just spoke to the good doctor at your apartment. Imagine my surprise when she told me you were headed to Costa Rica when you told me you'd be convalescing at home. I said those are the doctor's orders. I never said that I would follow them. And I never thought you would, but you knew that, didn't you? Which is why you played that little game with the newspaper article the one about mysterious girl? You knew I'd clock it, follow up on the case, and go on a wild goose chase while you went after the duffel bag.","5","20","Nicholas T. Moore","Lizzie confronts Reddington about his manipulation — feigning bed rest while secretly pursuing the duffel bag.","Transcript S05E20","ClaudeMiner","Lizzie","betrayal; truth; crime","monologue","4"
"Being a fugitive from American law enforcement is a lot easier than being a fugitive from the two most powerful nations on Earth.","5","20","Nicholas T. Moore","Reddington explains why he had to disappear from both the KGB and the CIA.","Transcript S05E20","ClaudeMiner","Jennifer","survival; power; freedom","wisdom","4"
"Best-case scenario, Costa Rica tells us where the bag has been and where it's going. Finding Naomi Hyland may tell us where the bag is.","5","20","Nicholas T. Moore","Reddington explains his two-pronged plan to Dembe — sending him to Costa Rica while Red pursues Naomi.","Transcript S05E20","ClaudeMiner","Dembe","truth; crime; survival","wisdom","3"
"An effective, albeit excruciatingly painful solution.","5","20","Nicholas T. Moore","Reddington reflects on the decision to abandon Jennifer and her mother for their protection, calling it effective but painful.","Transcript S05E20","ClaudeMiner","Jennifer","sacrifice; family; survival","emotional","4"
"You weren't abandoned. You were protected.","5","20","Nicholas T. Moore","Reddington explains to Jennifer that his abandoning her was an act of protection from the Cabal.","Transcript S05E20","ClaudeMiner","Jennifer","family; sacrifice; truth","emotional","5"
"I suppose it was inevitable. Our sprint to the finish. The bag is just out of reach now. After everything we've been through, it won't be long before one of us has it. No, not one of us. Me.","5","21","Lawrence Dean Devlin","Reddington talks to Liz about the duffel bag being so close.","Transcript S05E21","ClaudeMiner","Elizabeth Keen","power; determination; legacy","monologue","5"
"Harold, understand, Bernice is a seasoned professional.","5","21","","Mined from transcript","Transcript S05E21","TranscriptMining",,,,
"You disappoint me. And yet, somehow, at the same time, you impress me. You persevere. Runs in the family, I guess.","5","21","Lawrence Dean Devlin","Liz tells Red she sent Sutton Ross's picture to the post office, he responds.","Transcript S05E21","ClaudeMiner","Elizabeth Keen","family; wisdom; legacy","emotional","5"
"In my experience, conventional torture doesn't yield much truth. Which is why I employ a man with a more holistic approach to enhanced interrogation.","5","21","Lawrence Dean Devlin","Reddington offering his interrogator Brimley's services to get Moore to talk.","Transcript S05E21","ClaudeMiner","Harold Cooper","truth; wisdom; crime","wisdom","4"
"I'd sooner take a knife to the 'Mona Lisa,' but Feltmeyer has an associate of mine, and I'd like her back. Preferably before she needs her lips sewn shut.","5","21","Lawrence Dean Devlin","Reddington threatening Hannelore to get Feltmeyer's location to rescue Samar.","Transcript S05E21","ClaudeMiner","Julius Hannelore","threat; humor; loyalty","threat","5"
"Here's a fun fact — the image was modeled on Elsie Stevens, the wife of poet Wallace Stevens. 'For the listener, who listens in the snow, and, nothing himself, beholds nothing that is not there and the nothing that is.'","5","21","Lawrence Dean Devlin","At the auction, Reddington examines a Mercury Dime coin.","Transcript S05E21","ClaudeMiner","Elizabeth Keen","wisdom; art","monologue","4"
"You have nothing to apologize for. Not to me, ever.","5","22","Sutton Ross","Liz apologizes for pursuing the duffel bag, and Reddington reassures her.","Transcript S05E22","ClaudeMiner","Lizzie","trust; family","emotional","4"
"God only gives you burdens you can carry.","5","22","Sutton Ross","Dembe expresses worry about losing Reddington and Elizabeth, and Reddington offers a philosophical comfort.","Transcript S05E22","ClaudeMiner","Dembe","wisdom; survival","wisdom","4"
"There's a fine line between fishing and standing on the shore looking like an idiot.","5","22","Sutton Ross","","https://multiple-sources","WebResearch",,,,
"My life for hers. That was the agreement.","5","22","Sutton Ross","Reddington offers himself in exchange for Elizabeth's safety during the hostage situation.","Transcript S05E22","ClaudeMiner","Ross","sacrifice; loyalty","emotional","5"
"As pleasant as that sounds, I'm afraid I've made other arrangements.","6",,"","Wikiquote dialogue","https://en.wikiquote.org/wiki/The_Blacklist","Wikiquote",,,,
"Winning always is.","6",,"","Wikiquote dialogue","https://en.wikiquote.org/wiki/The_Blacklist","Wikiquote",,,,
"Find the doctor, find the criminals. Opportunity. Dr. Koehler's been sighted, which is as rare as sighting the pygmy three-toed sloth. Only 79 of the dear creatures are left.","6","1","Dr. Hans Koehler","Reddington explains to Liz why he's giving them the case of the plastic surgeon who changes criminals' faces.","Transcript S06E01","ClaudeMiner","Lizzie","wisdom; crime","wisdom","4"
"I wouldn't be the person I am if it weren't for him.","6","1","Dr. Hans Koehler","Reddington explains his debt of gratitude to Dr. Koehler, who changed his face and identity.","Transcript S06E01","ClaudeMiner","Mrs. Koehler","identity; loyalty","emotional","4"
"I prefer to keep my nips and tucks to myself. Forgive an old man his vanity.","6","1","Dr. Hans Koehler","Reddington deflects Liz's inquiry about the missing file containing his own new identity.","Transcript S06E01","ClaudeMiner","Lizzie","humor; identity","humor","4"
"Being honest means one doesn't lie, deceive, or cheat. Where you are concerned, I don't.","6","1","Dr. Hans Koehler","Reddington defends his relationship with Liz, arguing that keeping secrets is not the same as being dishonest.","Transcript S06E01","ClaudeMiner","Lizzie","truth; trust","wisdom","4"
"Studies show that at any given moment the average person is keeping 13 secrets. So come on. I actually think this could be quite fun.","6","1","Dr. Hans Koehler","Reddington tries to turn Liz's demand for truth into a game of exchanging secrets.","Transcript S06E01","ClaudeMiner","Lizzie","humor; truth","humor","3"
"Hans Koehler was a friend of mine. I suspected he was being held against his will. I wanted to save his life. Sadly, I failed.","6","1","Dr. Hans Koehler","Reddington reveals his personal motive for the Koehler case—to rescue his friend rather than to catch a criminal.","Transcript S06E01","ClaudeMiner","Lizzie","loyalty; sacrifice","emotional","3"
"Was I? I can't remember. Neither can I. But I don't have to. I know that before everything changed my father was kind and decent and beautiful. Inside and out.","6","1","Dr. Hans Koehler","Reddington responds to Liz's comment that he 'must have always been handsome', reflecting on the person he was before his transformation.","Transcript S06E01","ClaudeMiner","Lizzie","identity; regret; morality","emotional","5"
"Changing a man's face is one thing. Changing his predilections? Quite another.","6","1","Dr. Hans Koehler","Reddington comments on the limitations of plastic surgery, referencing Basil Vladakis's continued gambling addiction.","Transcript S06E01","ClaudeMiner","Lizzie","wisdom; identity","wisdom","4"
"You know, enough is enough. Everyone up. This is just unpleasant all around.","6","1","Dr. Hans Koehler","Reddington interrupts a bank robbery in progress, chiding the thieves for their poor planning and the unpleasantness of the situation.","Transcript S06E01","ClaudeMiner","bank robbers","humor; wisdom","humor","3"
"I wanted to see if I've still got it. Turns out I do. I have a feeling it's gonna be a very good year.","6","1","Dr. Hans Koehler","After stealing a Van Gogh painting from a bank vault, Reddington explains his motivation for the heist as a birthday gift to himself.","Transcript S06E01","ClaudeMiner","Lucinda (bank manager)","humor; legacy","one-liner","4"
"Through five marriages, numerous lovers, allegedly both male and female, and over 70 films, including ""North by Northwest,"" arguably the greatest work ever produced here, he just kept right on tripping, and why not? Before LSD was weighed down by the counter-cultural baggage of Timothy Leary turning on, tuning in, and dropping out LSD was used to treat addiction, anxiety, and depression.","6","2","","Mined from transcript","Transcript S06E02","TranscriptMining",,,,
"This wasn't an accident. My luck didn't just run out. Someone tipped them. Someone close.","6","2","The Corsican","In a prison visit, Reddington analyzes the arrest, hinting at his suspicion of betrayal.","Transcript S06E02","ClaudeMiner","Lizzie","betrayal; trust; survival","emotional","4"
"As pleasant as that sounds, I'm afraid I've made other arrangements. This is gonna be fun. Winning always is.","6","2","The Corsican","Reddington responds confidently to threats of execution after his arrest.","Transcript S06E02","ClaudeMiner","federal prosecutors","power; survival; humor","one-liner","5"
"If you insist on being a flatfoot for the rest of your life, you should sell it on eBay, buy some orthotics.","6","2","The Corsican","Reddington autographs a photo for the arresting officer with a final insult.","Transcript S06E02","ClaudeMiner","Officer Baldwin","humor; survival","humor","3"
"I am, metaphysically, but aren't we all just a little?","6","2","The Corsican","When a cop says he looks lost, Reddington quips about existential confusion while buying a pretzel.","Transcript S06E02","ClaudeMiner","Officer Baldwin","wisdom; humor; identity","one-liner","4"
"After saving Manhattan, I feel I deserve a few carbs.","6","2","The Corsican","Reddington humorously justifies abandoning his health regimen after averting a bomb at the UN.","Transcript S06E02","ClaudeMiner","Lizzie","humor; survival","humor","4"
"You simply haven't lived until you've skinny dipped in the clear blue waters off the coast of La Ciotat.","6","2","The Corsican","Reddington adds a sensual detail to his bribe fantasy.","Transcript S06E02","ClaudeMiner","Officer Baldwin","freedom; humor","humor","3"
"Actually, it's entirely up to you. One way or the other, I'll be set free. Indictments and trials are obviously the hard way. The easy way is for you and your family to suddenly become grotesquely rich, buy one of those offensive mega-yachts, and travel the oceans like a nouveau Jacques Cousteau.","6","2","The Corsican","Reddington calmly bribes the arresting officer with a vision of wealth.","Transcript S06E02","ClaudeMiner","Officer Baldwin","power; humor; freedom","threat","5"
"Would've been a nice boat.","6","2","The Corsican","Reddington's final, wistful remark as he is taken from the precinct.","Transcript S06E02","ClaudeMiner","Officer Baldwin","humor; freedom","one-liner","4"
"I once provided transportation for a Chinese cobalt magnate who insisted on funneling his ill-gotten gains into a three-picture deal with Woodman Blake. Huge hits, each one bigger than the last. Careers were made. Awards were won. A single dollar over a billion in net profits, and he stood to double his investment. The movies grossed almost $3 billion worldwide. In anticipation of his windfall, my associate purchased a mansion in Sydney and a yacht in Montenegro. When the studio accountants were finished sharpening their pencils, the net was $999 million to the crooked penny. He went into receivership, and his wife left him for a talent agent. Not that that's gonna happen to you. I mean, financially, you're screwed, but look at the bright side: Your wife's dead, may she rest in peace.","6","2","The Corsican","Reddington consoles a financially ruined friend with a parable about the movie business to extract information about Moreau.","Transcript S06E02","ClaudeMiner","Aaron","wisdom; humor; betrayal","parable","5"
"You go. I got to stay here and figure out how to explain this to EOD.","6","2","The Corsican","Reddington declines Lizzie's invitation to celebrate, hinting at his awareness of her scheming.","Transcript S06E02","ClaudeMiner","Lizzie","trust; survival; power","one-liner","3"
"I'm a great fan of reinvention. Of keeping your true self hidden. Or of becoming your true self, even if you have to take on a new identity to achieve it.","6","2","The Corsican","After defusing the bomb at the UN, Reddington muses on Cary Grant's reinvention when Lizzie questions his motives.","Transcript S06E02","ClaudeMiner","Lizzie","identity; truth; wisdom","wisdom","5"
"We're living in a time when truth has been so diminished in value that even those at the top of government are quite comfortable with truth being whatever they can convince people to believe. That is what I find wildly unacceptable.","6","3","The Pharmacist","Reddington's powerful closing statement about the modern devaluation of truth.","Transcript S06E03","ClaudeMiner","Judge Wilkins","truth; power; justice","monologue","5"
"I regret I had to rely upon your integrity just to get this hearing. I wish there'd been an easier way.","6","3","The Pharmacist","Reddington thanks Cooper for testifying honestly about the Immunity Agreement.","Transcript S06E03","ClaudeMiner","Harold Cooper","trust; morality","emotional","4"
"On a side note, I once went fly fishing for a cutthroat trout in the Roaring Fork Valley, where, inexplicably, I stumbled upon Justice Antonin Scalia — may God rest his soul — and, boy, did we have some real barn burners. My word, that man could argue. Six hours, hip deep in whitewater, and with all the yelling, neither of us got so much as an alevin.","6","3","The Pharmacist","Reddington tells a parable during his closing argument about the necessity of disagreement.","Transcript S06E03","ClaudeMiner","Judge Wilkins","wisdom; justice","parable","5"
"Debate and disagreement are at the core of any true democracy. Argument is necessary. Perfectly reasonable juries will often differ.","6","3","The Pharmacist","Reddington's closing argument about the value of the Immunity Agreement.","Transcript S06E03","ClaudeMiner","Judge Wilkins","justice; truth","monologue","4"
"In the short run, justice always loses to politics.","6","3","The Pharmacist","Reddington responds philosophically when Liz tells him the government is going to prosecute him.","Transcript S06E03","ClaudeMiner","Elizabeth Keen","justice; power; truth","wisdom","5"
"Now I fear Stark may be the worst kind of charlatan, the kind who preys on the weakest among us for his own financial gain.","6","3","The Pharmacist","Reddington explains why his opinion of Dr. Stark has changed after bodies were found.","Transcript S06E03","ClaudeMiner","Elizabeth Keen","crime; morality","wisdom","3"
"Some of the people who originally approved it are either dead or have moved on, leaving Director Cooper to deal with the cover-their-asses crowd, who, by the way, are perfectly happy to milk this cow all the way to the slaughterhouse.","6","3","The Pharmacist","Reddington explains the politics behind the Immunity Agreement to the judge in chambers.","Transcript S06E03","ClaudeMiner","Judge Wilkins","power; betrayal; survival","wisdom","4"
"Sometimes it's the people closest to you you have to watch out for.","6","3","The Pharmacist","Reddington comforts Stark after learning his partner Webb sabotaged him.","Transcript S06E03","ClaudeMiner","Dr. Stark","betrayal; trust","wisdom","4"
"A lucky confluence of interests. I admit, for a moment, I thought you might decide that our time together should end.","6","3","The Pharmacist","Reddington acknowledges that Cooper considered ending the arrangement.","Transcript S06E03","ClaudeMiner","Harold Cooper","loyalty; survival","wisdom","3"
"Well, such hyperbole. I don't know whether to be flattered or horrified.","6","4","The Pawnbrokers","Reddington responds nonchalantly when Vontae lists his charges as treason and 200 murders.","Transcript S06E04","ClaudeMiner","Vontae Jones","humor; identity","humor","3"
"A Romani fortune teller once gave me an astonishingly-accurate peek into my future, and I'm gonna do the same for you. You and I are never gonna see each other again after tomorrow, but when you do walk out of this calaboose, I promise you this: within 24 hours of your release, you'll be lying on the floor with a blade in your belly, gurgling my name and begging to die.","6","4","The Pawnbrokers","Reddington delivers an elegant, chilling threat to Baldomero in the prison cafeteria, foretelling his death upon release.","Transcript S06E04","ClaudeMiner","Baldomero","revenge; power; threat","threat","5"
"That acrid scent lingering in the air is bull feces, the stench of a man who's in prison for a crime he didn't commit but takes credit for because he's afraid of Anunzio Ross.","6","4","","Mined from transcript","Transcript S06E04","TranscriptMining",,,,
"Life is often surprising. And death is even more so.","6","4","The Pawnbrokers","Reddington cryptically responds to Lizzie's worry about Baldomero being released, foreshadowing the hit.","Transcript S06E04","ClaudeMiner","Elizabeth Keen","death; fate; wisdom","wisdom","4"
"I know I did what I had to do to stay alive long enough to win my freedom back.","6","4","The Pawnbrokers","Reddington justifies manipulating events to get Baldomero released, explaining his survival strategy.","Transcript S06E04","ClaudeMiner","Elizabeth Keen","survival; freedom; sacrifice","wisdom","3"
"I've always wanted a home with a name. So much more evocative than a simple address. Fallingwater, the Dibble House, Sinking Spring Farm. I must say, The Bunker compares rather favorably to a Malagasy cave I once had the misfortune of inhabiting.","6","4","The Pawnbrokers","Reddington muses about the nickname 'The Bunker' for solitary confinement, comparing it to famous named houses and a cave from his past.","Transcript S06E04","ClaudeMiner","Vontae Jones","wisdom; humor","parable","4"
"Fear is a liar. It activates the enemy. All we can do is what we can do, and right now, what you can do is help me tie more of this string.","6","4","The Pawnbrokers","Reddington calmly gives advice to Vontae about fear while working on a string project in prison, ignoring the threat of Baldomero.","Transcript S06E04","ClaudeMiner","Vontae Jones","wisdom; fear; survival","wisdom","4"
"I'm the one who petitioned to be put into the general population. I need to be treated like the criminal I am. Anything that may hint at any involvement with your Task Force is a liability I cannot afford.","6","4","The Pawnbrokers","Reddington explains to Lizzie why he chose general population over protective custody, emphasizing the need for appearances.","Transcript S06E04","ClaudeMiner","Elizabeth Keen","survival; identity; sacrifice","monologue","3"
"Ah, damn it. Baldomero's gonna kill you said he wants to finish what he started, get even for Iztapalapa. He's still stuck on that? Day after? What's wrong with tomorrow? Man's got woodshop. Oh, come on. It's like high-school fisticuffs.","6","4","The Pawnbrokers","Reddington reacts with dry humor when Vontae informs him Baldomero is planning to kill him but only after his woodshop class.","Transcript S06E04","ClaudeMiner","Vontae Jones","humor; survival","humor","3"
"I'm the lion, after all.","6","4","The Pawnbrokers","Reddington dismisses Lizzie's concern about him looking weak in prison, asserting his predatory nature.","Transcript S06E04","ClaudeMiner","Elizabeth Keen","power; identity","one-liner","4"
"Sometimes you make your own fate. Sometimes fate makes you.","6","5","Alter Ego","Reddington reflects on Tim Peterson unexpectedly becoming an ally.","Transcript S06E05","ClaudeMiner","Dembe","fate; wisdom","wisdom","5"
"I know what it's like to be fooled by people who you think are family. I know how painful that is.","6","5","Alter Ego","Reddington sympathizes with Peterson after he discovers his girlfriend and family are actors.","Transcript S06E05","ClaudeMiner","Tim Peterson","family; betrayal; wisdom","emotional","4"
"And when I do, I'll know who betrayed me. And at that moment, no matter where I am on the street, in solitary confinement, or on the receiving end of a firing squad at that moment, whoever set me up his fate will be sealed.","6","5","Alter Ego","Reddington vows revenge on whoever tipped off the police about his gun.","Transcript S06E05","ClaudeMiner","Lizzie","betrayal; revenge; power; death","threat","5"
"I must be getting old. Either that, or I'm facing a particularly worthy adversary.","6","5","Alter Ego","Reddington admits he was wrong about who his enemy was after losing the suppression hearing.","Transcript S06E05","ClaudeMiner","Lizzie","wisdom; identity; power","wisdom","3"
"We're both legal professionals. Your business is to apply the law. Mine is to break it. You studied your profession. Why would you assume I haven't studied mine?","6","5","Alter Ego","Reddington responds to the judge's assumption that he lacks legal knowledge.","Transcript S06E05","ClaudeMiner","Judge Wilkins","wisdom; identity","wisdom","5"
"One of my favorite Amendments. Top three. Maybe five.","6","5","Alter Ego","Reddington jokes about the Fourth Amendment during a suppression hearing.","Transcript S06E05","ClaudeMiner","Judge Wilkins","humor; wisdom","one-liner","4"
"I need you to reassure Androssani. Reason with him. And if that doesn't work, kill him. That should scare up a vote or two.","6","5","Alter Ego","Reddington instructs Dembe on how to handle a business rival in prison.","Transcript S06E05","ClaudeMiner","Dembe","power; survival; betrayal","threat","4"
"There are no accidents around me. Not unless they're on purpose.","6","5","Alter Ego","Reddington dismisses the idea that Van Ness's death was an accident.","Transcript S06E05","ClaudeMiner","Lizzie","fate; power","one-liner","5"
"You're masquerading. Leading a double life, pretending to be someone you're not. If you're divorced from social norms, it's because you're divorced from a side of yourself I can't see because you're terrified of letting people see it. Why, I don't know. But whatever pathologies you have I think they can be traced to the fact that, while most people see you as a, uh, iconic bad guy, you're really just an imposter.","6","6","The Ethicist","Dr. Gray offers a surprisingly insightful diagnosis of Reddington, and Reddington turns the tables, accusing her of being an imposter herself — a rare moment of meta-reflection on his own identity.","Transcript S06E06","ClaudeMiner","Dr. Gray","identity; truth; morality","monologue","5"
"Given that my life depends on your learned evaluation, I hope you have something slightly more insightful on that notepad.","6","6","The Ethicist","Reddington dismissively critiques the depth of Dr. Gray's psychological analysis after being labeled a psychopathic deviate.","Transcript S06E06","ClaudeMiner","Dr. Gray","wisdom; identity; survival","wisdom","4"
"No. I get even.","6","6","The Ethicist","Reddington is answering a MMPI-2 test question ('I get angry sometimes') with a darkly revealing ad-lib about his nature.","Transcript S06E06","ClaudeMiner","Dr. Gray","revenge; identity; morality","one-liner","5"
"I'd prefer mind control. Although, at this point, maybe just X-ray vision.","6","6","The Ethicist","Reddington is in the psych ward, having a surreal conversation with Atticus about superpowers while Atticus is heavily medicated.","Transcript S06E06","ClaudeMiner","Atticus Rodrick","humor; wisdom","one-liner","4"
"That sort of bias will only aid in my appeal should the government win in this round of play.","6","7","General Shiro","Reddington responds to the judge striking his literature question.","Transcript S06E07","ClaudeMiner","Judge Wilkins","survival; justice","one-liner","3"
"He wants to attract dumb jurors because Mr. Sima wants a jury of unsophisticated, unthinking sheep who will blindly convict me of treason out of some misguided notion that it's the patriotic thing to do.","6","7","General Shiro","Reddington argues for his extensive jury questionnaire.","Transcript S06E07","ClaudeMiner","Judge Wilkins","justice; power","monologue","4"
"In case you haven't read a newspaper recently, Mr. Sima, all of our lives are playing out in the theater of the absurd these days.","6","7","General Shiro","Reddington responds to the prosecutor calling his jury questions absurd.","Transcript S06E07","ClaudeMiner","Mr. Sima","wisdom; humor","wisdom","5"
"How can I sensibly judge one's character if I don't know their views on great literature?","6","7","General Shiro","Reddington defends his question about Proust and Dickens in the jury questionnaire.","Transcript S06E07","ClaudeMiner","Judge Wilkins","wisdom; humor","humor","4"
"I'm sorry if you find the process of selecting a fair jury to be inconvenient, Mr. Sima, but you are trying to kill me for a crime I didn't commit.","6","7","General Shiro","Reddington responds to the prosecutor's objection about his lengthy jury questionnaire.","Transcript S06E07","ClaudeMiner","Mr. Sima","justice; survival; truth","threat","4"
"I might as well just ask the judge to let me go lie down in traffic.","6","7","General Shiro","Reddington despairs after Glen fails to find suitable jurors.","Transcript S06E07","ClaudeMiner","Dembe","survival; humor","humor","4"
"I've been known to wheeze and scratch. I prefer not to discuss the drool and the flatulence.","6","7","General Shiro","Reddington compares himself to a pug to charm a juror.","Transcript S06E07","ClaudeMiner","Juror who loves pugs","humor","humor","4"
"Ah, well, you see, but it is. It's cause for hope. Only people with a healthy dose of empathy are capable of caring for beasts with such deficits.","6","7","General Shiro","Reddington argues that loving pugs is cause to keep a juror.","Transcript S06E07","ClaudeMiner","Judge Wilkins","wisdom; humor","wisdom","4"
"Dembe saved my life that night. Dembe's always saved my life.","6","7","General Shiro","Reddington reflects on Dembe's loyalty and heroism.","Transcript S06E07","ClaudeMiner","Lizzie","loyalty; sacrifice; family","emotional","5"
"I drowned that night. I saw the other side. It was... so different.","6","7","General Shiro","Reddington recounts a near-death experience in a typhoon.","Transcript S06E07","ClaudeMiner","Lizzie","death; survival","emotional","5"
"The overdog always pays better.","6","7","General Shiro","Reddington explains why he sides with underdogs, in a conversation about survival.","Transcript S06E07","ClaudeMiner","Lizzie","wisdom; power","wisdom","5"
"Your Honor, I'd ask that this juror - be dismissed for cause.","6","7","","Mined from transcript","Transcript S06E07","TranscriptMining",,,,
"I'm sorry if you find the process of selecting a fair jury to be inconvenient, Mr.","6","7","","Mined from transcript","Transcript S06E07","TranscriptMining",,,,
"I refuse to be sent to my death by Philistines.","6","7","General Shiro","Reddington objects to removing his classical composer question.","Transcript S06E07","ClaudeMiner","Judge Wilkins","humor; survival","humor","4"
"It means that by the time the jury is seated, there won't be a Schumann lover in the bunch. This should be fun.","6","7","General Shiro","Reddington comments on peremptory challenges in the death penalty case.","Transcript S06E07","ClaudeMiner","Judge Wilkins","humor; survival","humor","4"
"Yes, from the registered voter logs, the IRS, and the Department of Motor Vehicles. Fortunately, we have a friend at the DMV.","6","7","General Shiro","Reddington responds to Dembe about jury selection being random.","Transcript S06E07","ClaudeMiner","Dembe","survival; crime","one-liner","3"
"Why is it that spiritual advisers such as yourself are always so insistently optimistic? Just once I'd like to hear a man of the cloth say, 'Yep, this sucks.'","6","7","General Shiro","Reddington comments on Dembe's optimism during jury selection.","Transcript S06E07","ClaudeMiner","Dembe","humor; survival","humor","4"
"I feel I think better in the silence. Don't you?","6","8","Marko Jankowics","Reddington shatters a record player to force silence during a tense conversation with a prison associate.","Transcript S06E08","ClaudeMiner","unknown","power; wisdom","threat","4"
"I'm respected because I mind my own business, and I intend to keep it that way.","6","8","Marko Jankowics","Reddington refuses to get involved in a prison gang conflict, explaining his principle of neutrality.","Transcript S06E08","ClaudeMiner","unknown","power; survival","wisdom","3"
"You lost the battle, you stopped the war. In my book, that's a win.","6","8","Marko Jankowics","Reddington reflects on a violent prison conflict he helped mediate, where a death still occurred but broader violence was averted.","Transcript S06E08","ClaudeMiner","unknown","wisdom; power; survival","wisdom","4"
"I generally practice willful ignorance when it comes to the drug trade.","6","8","Marko Jankowics","Reddington explains his disinterest in the details of drug trafficking when Lizzie asks about a drug dealer.","Transcript S06E08","ClaudeMiner","Lizzie","wisdom; crime","one-liner","3"
"That loud whooshing sound is the wind blowing out of your case.","6","9","Minister D","Reddington confidently tells the prosecutor his case is crumbling as the exculpatory tape arrives.","Transcript S06E09","ClaudeMiner","Sima (prosecutor)","power; humor; justice","one-liner","4"
"If that was my plan, I wouldn't need your help. I'm quite capable of bribing jurors on my own.","6","9","Minister D","Reddington dryly responds to Cooper's suspicion that he wanted the Minister D case to blackmail the judge or jury.","Transcript S06E09","ClaudeMiner","Harold Cooper","humor; power; crime","humor","4"
"A Pyrrhic victory, I'm afraid. Like eating a salted caramel babka. Immensely satisfying in the moment, but it just might be what kills me in the end.","6","9","Minister D","Reddington reflects on his acquittal for treason, comparing it to a delicious but dangerous dessert, as he realizes the case may have exposed him to more charges.","Transcript S06E09","ClaudeMiner","Dembe Zuma","humor; survival; justice","parable","5"
"And may I say you are both everything I dislike about the FBI and everything I admire about it?","6","9","Minister D","Reddington thanks Ressler after he authenticates the exculpatory tape, delivering a backhanded compliment.","Transcript S06E09","ClaudeMiner","Donald Ressler","humor; loyalty; power","one-liner","4"
"All right, the court will stand in recess. During which time I will consider whether your willful disregard for my instruction suggests that while you are clearly competent to stand trial, you may be incompetent to represent yourself. I'm innocent. How can trying to prove that suggest incompetence?","6","9","Minister D","Reddington argues with the judge after she threatens to revoke his right to self-representation for ignoring her orders about introducing the Rostova defense.","Transcript S06E09","ClaudeMiner","Judge Wilkins","justice; truth; survival","monologue","5"
"Would it surprise you to learn that she and I had quite a complicated history? Sex, drugs, rock 'n' roll. Did I say 'sex'? Sex.","6","9","Minister D","Reddington cross-examines Ressler about Katarina Rostova, using his characteristic wit to describe their past.","Transcript S06E09","ClaudeMiner","Donald Ressler","humor; truth; identity","humor","4"
"A just outcome would have been the defendant accepting our settlement offer of life in prison. The government was willing to take the death penalty off the table, and you rejected it? Yes. As any innocent man would.","6","9","Minister D","Reddington, acting as his own counsel, explains why he rejected a plea deal for life imprisonment, asserting his innocence with dramatic flair.","Transcript S06E09","ClaudeMiner","Judge Wilkins","justice; truth; survival","one-liner","4"
"I would object, but I so enjoy a good yarn.","6","9","Minister D","Reddington, acting as his own counsel, decides not to object to a witness's testimony because he finds it amusing.","Transcript S06E09","ClaudeMiner","Sima (prosecutor)","humor; power; truth","humor","4"
"I do not like tricks played in my courtroom. Especially dirty ones.","6","9","Minister D","The judge admonishes Reddington after he tried to bait Ressler into revealing their relationship or Rostova information.","Transcript S06E09","ClaudeMiner","Judge Wilkins","justice; power; truth","threat","3"
"Harold is an eternal optimist. He's optimistic that you giving up isn't what it appears to be.","6","10","The Cryptobanker","Reddington comments on Cooper's belief that he has a plan.","Transcript S06E10","ClaudeMiner","Lizzie","wisdom; trust","one-liner","3"
"Mr. Sima may be content with a scorched-earth policy that would burn them in order to burn me. I can only hope that you're not.","6","10","The Cryptobanker","Reddington appeals to the judge to protect his Task Force colleagues from prosecution.","Transcript S06E10","ClaudeMiner","Judge Wilkins","loyalty; justice; sacrifice","emotional","4"
"Disclosing Mr. Reddington's cooperation is like imposing the death penalty by fiat. Plus which, it sends a chilling message to any future confidential informant.","6","10","The Cryptobanker","Reddington argues against the government's plan to reveal his immunity agreement.","Transcript S06E10","ClaudeMiner","Judge Wilkins","justice; betrayal","monologue","3"
"You're a fugitive. You live a fugitive's existence. Fleeting. Transient. Impermanent. Almost exclusively, this is how you interact with the world—in short, brief, passing encounters. I say 'almost' because this is not how you interact with me. With me—you are enduring—permanent.","6","10","The Cryptobanker","Lizzie profiles Reddington, describing his unique, lasting connection with her (Reddington listens).","Transcript S06E10","ClaudeMiner","Reddington","identity; loyalty; love","emotional","5"
"A moment of madness. Or a hope that you would have escaped by now? Without hope, one is hopeless.","6","10","The Cryptobanker","Reddington responds to the judge's question about his earlier request for the death penalty.","Transcript S06E10","ClaudeMiner","Judge Wilkins","hope; freedom; death","wisdom","5"
"I don't need to get past 28 guards. I only need to get past two or three.","6","10","The Cryptobanker","Reddington outlines his escape strategy with calm confidence.","Transcript S06E10","ClaudeMiner","Vontae","survival; wisdom","one-liner","4"
"One trait of mine that Agent Keen's otherwise exquisite profile left out was optimism. Hope for a better tomorrow. A desert safari on the Wahiba Sands. Riding with the bagualeros in Patagonia. None of that would be possible if I were sentenced to life in prison. There'd be nothing to hope for, and without hope, nothing to live for. Not even the joy of interrupting Mr. Sima to make his point, only pithier.","6","10","The Cryptobanker","Reddington speaks during his sentencing hearing, explaining why he prefers death over life in prison.","Transcript S06E10","ClaudeMiner","Judge Wilkins and courtroom","freedom; death; hope","monologue","5"
"It's a seedling of an idea. It's immature at this point, but we have two months to help it grow.","6","10","The Cryptobanker","Reddington describes his escape plan as a growing concept.","Transcript S06E10","ClaudeMiner","Vontae","wisdom; survival","wisdom","4"
"The government is more intent than ever to stick a needle in my arm for any number of other crimes I've committed. An eventuality I have no intention of waiting around for.","6","10","The Cryptobanker","Reddington explains why he must escape prison before his execution.","Transcript S06E10","ClaudeMiner","Vontae","survival; death; freedom","wisdom","4"
"If the warden needs to talk, he can come find me. He knows where I am.","6","10","The Cryptobanker","Reddington dismisses concerns about the warden while planning his escape.","Transcript S06E10","ClaudeMiner","Vontae","power; freedom; wisdom","one-liner","3"
"I'll take care of the trial. You take care of what comes after. Your beef brochette. My immunity agreement.","6","10","The Cryptobanker","Reddington confidently assures Lizzie he will handle the trial while she handles his post-trial dinner.","Transcript S06E10","ClaudeMiner","Lizzie","trust; loyalty; humor","one-liner","4"
"Come on. They're fitting me for a Snitch Jacket, so even their incompetence won't save me. On the off chance they win, I die in prison. In the likely event they lose, I die on the street.","6","10","The Cryptobanker","Reddington comments cynically on the government's strategy to disclose his immunity agreement.","Transcript S06E10","ClaudeMiner","lawyers and judge","survival; betrayal; death","wisdom","4"
"As Hippocrates believed, 'desperate times call for desperate measures.' I'm pretty sure he also said 'first do no harm.' Yes, well, one aphorism at a time.","6","10","The Cryptobanker","Reddington justifies his manipulative tactics with a witty retort about Hippocrates.","Transcript S06E10","ClaudeMiner","Lizzie","wisdom; humor; morality","humor","5"
"I've uncovered a conspiracy. One that I know is deadly and is aimed at the halls of power. But I don't know why or when it'll strike. And I won't until you catch the man known as the Cryptobanker.","6","10","The Cryptobanker","Reddington reveals his true motive for cooperating with the Task Force.","Transcript S06E10","ClaudeMiner","Lizzie","truth; power; justice","wisdom","4"
"Most people aren't particularly observant. They tend to see what they want to see. With the hat and the glasses, it'll work.","6","10","The Cryptobanker","Reddington explains his simple disguise plan for escaping prison.","Transcript S06E10","ClaudeMiner","Vontae","wisdom; survival","wisdom","3"
"I rarely dislike a person before being introduced to them, but in your case, I'm afraid I'm going to have to make an exception.","6","11","Bastien Moreau","Reddington tells McMahon he dislikes her even before meeting her, setting the tone for their conflict.","Transcript S06E11","ClaudeMiner","Anna McMahon","humor; power","one-liner","4"
"Six years ago, I turned myself in because of you. Now, here, at the end, I'm at peace because of them.","6","11","Bastien Moreau","Reddington explains that he turned himself in for Liz and finds peace in the people who love her.","Transcript S06E11","ClaudeMiner","Elizabeth Keen","love; family; sacrifice","emotional","5"
"I'm the person who's gonna make sure the President does not grant you clemency.","6","11","Bastien Moreau","McMahon declares her opposition to Reddington's clemency, and he responds with defiance.","Transcript S06E11","ClaudeMiner","Anna McMahon","power; survival","threat","3"
"If you want absolution, you have it. I meant what I said, Harold. You are the best as an agent and a person and a friend.","6","11","Bastien Moreau","Reddington absolves Cooper of guilt for potentially helping him die by saving Ziegler.","Transcript S06E11","ClaudeMiner","Harold Cooper","loyalty; friendship; forgiveness","emotional","4"
"I've taught you to think like a criminal. I should've taught you to think like her.","6","11","Bastien Moreau","Reddington regrets not teaching Liz to be more compassionate like his mother.","Transcript S06E11","ClaudeMiner","Elizabeth Keen","family; wisdom; morality","emotional","4"
"In the end, Liz... he's just a man who loves you very much.","6","11","Bastien Moreau","Reddington tells Liz that regardless of who he really is, his love for her is what matters.","Transcript S06E11","ClaudeMiner","Elizabeth Keen","love; family; identity","emotional","5"
"When I kill a man, I don't pretend I care how he feels. I've shot them, stabbed them, suffocated them, but I've never coddled them. It's disrespectful. So stop coddling me.","6","11","Bastien Moreau","Reddington rebukes the doctor for his false sympathy during the lethal injection preparation.","Transcript S06E11","ClaudeMiner","Death Row Doctor","death; morality; survival","monologue","5"
"My mother understood the problems of the human heart in conflict with itself.","6","11","Bastien Moreau","Reddington reflects on his mother's wisdom while sharing his final meal with Liz.","Transcript S06E11","ClaudeMiner","Elizabeth Keen","family; wisdom; identity","wisdom","4"
"A magic trick is a con, and you're the mark in the middle of a very complicated one.","6","12","Bastien Moreau Conclusion","Reddington tells Moreau he is being manipulated by someone else, using magic as a metaphor.","Transcript S06E12","ClaudeMiner","Bastien Moreau","betrayal; truth; power","monologue","4"
"Red hair, green eyes, no heart. The magician who made you think you were furthering your agenda when, in fact, you were furthering hers.","6","12","Bastien Moreau Conclusion","Reddington reveals Anna McMahon is the true puppet master.","Transcript S06E12","ClaudeMiner","Bastien Moreau","betrayal; power; truth","monologue","4"
"I never like to know how a magic trick works. Spoils everything.","6","12","Bastien Moreau Conclusion","Moreau says he doesn't want to know how the trick works, and Reddington agrees.","Transcript S06E12","ClaudeMiner","Bastien Moreau","wisdom; truth","wisdom","3"
"After you got the good doctor in custody, Dembe discovered that he'd sent an ampule of his toxic bug juice to Moreau in London.","6","12","","Mined from transcript","Transcript S06E12","TranscriptMining",,,,
"Congratulations. You've given a psychopath a second lease on life.","6","12","Bastien Moreau Conclusion","Reddington to Ressler after being told the President called off his execution.","Transcript S06E12","ClaudeMiner","Ressler","humor; survival; morality","one-liner","4"
"I didn't cheat death. I cheated the President.","6","12","Bastien Moreau Conclusion","Reddington explains how he avoided execution by bluffing about knowing the assassin.","Transcript S06E12","ClaudeMiner","Ressler","survival; wisdom; power","one-liner","5"
"I have no earthly idea. Anywhere but here. I'd forgotten how much this place reeks of stress and anxiety, deodorized body odor and old coffee.","6","12","Bastien Moreau Conclusion","Reddington, free again, tells Lizzie he's leaving town, disdainful of the FBI.","Transcript S06E12","ClaudeMiner","Lizzie","freedom; humor","one-liner","4"
"If there is a dossier, he's precisely the kind of intelligence officer who would compile it.","6","12","","Mined from transcript","Transcript S06E12","TranscriptMining",,,,
"We know there are people plotting against our country, and at least three people have been murdered to keep that plot secret. As is all too often the case, we're looking straight down the barrel of what's wrong with the world. But tonight, we're also witness to something pretty great — that the man we hate to love lives to fight another day.","6","12","Bastien Moreau Conclusion","Reddington responds to Cooper's toast about the state of the world and his survival.","Transcript S06E12","ClaudeMiner","Harold Cooper","survival; wisdom; morality","monologue","5"
"Well, boys, I am off for a night of debauchery in the Big Easy. Like Blanche DuBois, I depend on the kindness of strangers.","6","13","Robert Vesco","Reddington exits the heist scene, quoting literature with characteristic flair.","Transcript S06E13","ClaudeMiner","Dembe and others","wisdom; humor","one-liner","4"
"I have no intention of turning you in, Robert. And we're certainly not going to Lulu's. Place is bursting with tourists, and their pies are terrible.","6","13","Robert Vesco","Reddington reveals he knows Vesco's plan and dismisses it with a sarcastic remark.","Transcript S06E13","ClaudeMiner","Robert Vesco","betrayal; humor","one-liner","4"
"I was filled with vengeance for so long, I never saw the gift you gave me in Asunción. I never trusted anyone easily after that. That's why I'm still alive. I'm in your debt, my friend.","6","13","Robert Vesco","Reddington reflects on how Vesco's betrayal taught him a valuable lesson in survival.","Transcript S06E13","ClaudeMiner","Robert Vesco","survival; betrayal; wisdom","emotional","5"
"The truth is, Robert, my only real concern is you. ... Your attitude. The pep in your step. The lust in your life. If we're gonna pull this off, we need to get you right. You need to be your very best. We need to reawaken the old Robert Vesco, rediscover that dapper rascal whose charm and wit could deceive even the very best of us.","6","13","Robert Vesco","Reddington motivates a reluctant Vesco for the heist by appealing to his old self.","Transcript S06E13","ClaudeMiner","Robert Vesco","loyalty; revenge","monologue","4"
"Waste of time? We've been decrypting legends. Chasing pirates. Hunting hidden treasure. And come up empty. We lost Vesco. How can you lose something you never had?","6","13","Robert Vesco","Reddington sarcastically responds to Ressler's complaint about the operation being a waste.","Transcript S06E13","ClaudeMiner","Lizzie and Ressler","humor; wisdom","one-liner","4"
"Ohh. Believe me, Ray. You've more than repaid your debt.","6","13","Robert Vesco","Reddington's chilling final words to Vesco before having him killed, turning the mentorship full circle.","Transcript S06E13","ClaudeMiner","Robert Vesco","revenge; betrayal; justice","threat","5"
"Robert, if you're lying, I will shatter your serenity by burning your home, drowning your cat, and cutting off your big toes.","6","13","Robert Vesco","Reddington threatens Vesco with a uniquely elegant and menacing ultimatum.","Transcript S06E13","ClaudeMiner","Robert Vesco","betrayal; revenge; humor","threat","5"
"I already have inner peace. What I could use is a new yacht. The last one was seized in Mallorca.","6","13","Robert Vesco","Reddington dismisses Vesco's talk of inner peace, expressing a more material need.","Transcript S06E13","ClaudeMiner","Robert Vesco","humor; wisdom","one-liner","5"
"Honestly, Roger, I lost count at a baker's dozen.","6","13","Robert Vesco","Reddington responds to a comment about how many lives he has after his prison breakout.","Transcript S06E13","ClaudeMiner","Roger","survival; humor","one-liner","4"
"Sex and treasure. People will betray for both. Like you're betraying me now that I've gotten you the gold.","6","13","Robert Vesco","Reddington calmly acknowledges Vesco's plan to betray him, turning the tables.","Transcript S06E13","ClaudeMiner","Robert Vesco","betrayal; trust; wisdom","wisdom","5"
"What a tale. An opera. A romance with pirates. A fire. Shipwrecks and gold. Just the sort of thing that gets me out of bed in the morning.","6","13","Robert Vesco","Reddington expresses his delight upon hearing the story of the treasure.","Transcript S06E13","ClaudeMiner","Robert Vesco","crime; wisdom","monologue","3"
"You wouldn't dare drown my cat. ... Maybe not. But I will take the toes.","6","13","Robert Vesco","Reddington negotiates the terms of his threat, showing his dark humor.","Transcript S06E13","ClaudeMiner","Robert Vesco","humor; revenge","one-liner","4"
"Robert, I appreciate that your love of literature is almost as keen as mine, but why on Earth are we in the Library of Congress? Uh, you want to know how I decoded the myth and located my white whale? The answer is in the poem.","6","13","","Mined from transcript","Transcript S06E13","TranscriptMining",,,,
"Walt Whitman lived in a boarding house at this address during the Civil War.","6","13","","Mined from transcript","Transcript S06E13","TranscriptMining",,,,
"It was, wasn't it? I was quite pleased with how it all came together.","6","13","","Mined from transcript","Transcript S06E13","TranscriptMining",,,,
"Recognize that? Your driver is relaxing in the footwell of my Mercedes with a gun barrel in his mouth.","6","14","","Mined from transcript","Transcript S06E14","TranscriptMining",,,,
"They say what doesn't kill you makes you stronger. They're wrong.","6","14","The Osterman Umbrella Company","Reddington comments on Dembe's health drink while discussing the Osterman Umbrella Company.","Transcript S06E14","ClaudeMiner","Dembe","wisdom; survival","wisdom","4"
"What I really can't get is how you used Agent Mojtabai, how you manipulated him into telling you about Samar's condition. He told you so as to protect her, but because of you, he has to live with the fact that he betrayed her, that his words put a target on her back, that he is the reason that they will never be together again.","6","14","The Osterman Umbrella Company","Reddington condemns Levi for manipulating Aram into revealing Samar's condition.","Transcript S06E14","ClaudeMiner","Levi Shur","betrayal; trust; regret","emotional","4"
"I'm not much of a company man. Conformity doesn't interest me. There's profit in it. And power. But no soul. The company man is rewarded for following the rules. The better the company man, the less it matters what the rules are, how ethical they are, how just... how humane.","6","14","The Osterman Umbrella Company","Reddington lectures Levi about blind obedience after Shur justifies ordering Samar's murder.","Transcript S06E14","ClaudeMiner","Levi Shur","morality; power; loyalty","monologue","5"
"It's hard to leave people you care about. Or maybe you didn't say goodbye because you don't think that's what this is. And if that's the case, let me be clear. If you become part of Samar's new life, Harold, Donald, Elizabeth... you'll never be able to see them again. Never speak to them. Never be there for them when they need you.","6","15","Olivia Olson","Trying to make Aram understand the permanence of his decision to leave with Samar.","Transcript S06E15","ClaudeMiner","Aram Mojtabai","sacrifice; family; love","emotional","5"
"I've made many difficult choices in my life. Choices that at one point or another have brought pain and sorrow to everyone I cared about. That's a heavy burden to bear, even if the path one chooses is the only one in sight. It's the burden Samar now bears.","6","15","Olivia Olson","Trying to make Aram understand why Samar left him.","Transcript S06E15","ClaudeMiner","Aram Mojtabai","sacrifice; love; regret","monologue","5"
"The Third Estate. It means everyone else. The 99%. It also means McMahon used Olson to pressure the Third Estate into helping McMahon carry out her plot against the United States. You have your first lead, Harold. Congratulations, and you're welcome.","6","15","Olivia Olson","Explaining the lead he discovered from Olson's files.","Transcript S06E15","ClaudeMiner","Harold Cooper","truth; power; justice","wisdom","3"
"Allow her to believe she did the right thing. If you go to her, she'll just have to leave you again. Don't make her burden heavier than she can bear. Samar is the strongest person I know. And yet she didn't have the strength to say goodbye to you. You are more powerful than you know, Aram. Use it wisely.","6","15","Olivia Olson","Advising Aram to honor Samar's wishes by not following her.","Transcript S06E15","ClaudeMiner","Aram Mojtabai","love; sacrifice; wisdom; loyalty","emotional","5"
"To summarize the case file memo, Agent Ressler's working on that will summarize the case file Agent Keen is preparing... yes, we did.","6","15","Olivia Olson","Sarcastically responding to Cooper's new memo policy after McMahon's visit.","Transcript S06E15","ClaudeMiner","Harold Cooper","humor","humor","3"
"Sometimes my grasp of human nature astonishes even me.","6","15","Olivia Olson","After Cooper angrily lectures him about running the Task Force.","Transcript S06E15","ClaudeMiner","Harold Cooper","humor; wisdom","humor","4"
"Harold, sit. Take a breath. Smoke a cigar. Read some Calvin and Hobbes. Whatever you do to relax, do it before you have an aneurysm.","6","15","Olivia Olson","Calming Cooper down after he confronts Reddington about his deception.","Transcript S06E15","ClaudeMiner","Harold Cooper","humor; wisdom","humor","5"
"Not vengeance. Leverage. $60 million worth to get you to take me to Samar.","6","15","Olivia Olson","Explaining his true motive for letting Aram steal the money.","Transcript S06E15","ClaudeMiner","Aram Mojtabai","power; loyalty; betrayal","wisdom","4"
"You've made a terrible mistake, Aram. You took something precious from me. A mistake you'll have to rectify.","6","15","Olivia Olson","Confronting Aram after he stole $60 million from Reddington's account.","Transcript S06E15","ClaudeMiner","Aram Mojtabai","revenge; power","threat","4"
"This isn't heaven or hell. It's purgatory. And I can help from purgatory.","6","15","Olivia Olson","Convincing Aram to help decrypt data while he's in hiding.","Transcript S06E15","ClaudeMiner","Aram Mojtabai","freedom; sacrifice","wisdom","4"
"No matter what happens next, this doesn't end the way you think it's going to. My bag's packed, my goodbye note's written. I'm ready to face the consequences either way. Are you?","6","15","Olivia Olson","Warning Aram about the consequences of his actions.","Transcript S06E15","ClaudeMiner","Aram Mojtabai","sacrifice; survival","threat","4"
"I omitted it. Hiding implies I cared one way or another about you knowing. I didn't.","6","15","Olivia Olson","Defending why he didn't reveal he was the one meeting with Olivia Olson.","Transcript S06E15","ClaudeMiner","Harold Cooper","truth; power","one-liner","4"
"Corporate CEOs are slavishly beholden to quarterly earnings, often sacrificing long-term strategy for short-term gain. Well, CEOs of criminal enterprises may not have Wall Street analysts to answer to, but they're still under the gun to increase profits because if they don't, they're not given a golden parachute and exiled to a mansion in the Hamptons, they're killed.","6","15","Olivia Olson","Explaining the motivations behind Olivia Olson's business of helping criminal organizations expand.","Transcript S06E15","ClaudeMiner","Elizabeth Keen","crime; wisdom; power","monologue","4"
"Because Gary Cooper or Henry Fonda or Gregory Peck have taught us that's how a man should deal with a problem.","6","15","Olivia Olson","Explaining why Aram is being stoic about his heartbreak.","Transcript S06E15","ClaudeMiner","Elizabeth Keen","wisdom; humor","wisdom","3"
"If you knew the truth, would you come forward to stop me from taking a life?","6","16","Lady Luck","Reddington challenges Lizzie on what she would do if she knew the identity of his betrayer.","Transcript S06E16","ClaudeMiner","Lizzie","truth; loyalty; morality","wisdom","4"
"Flying is life. Falling is death.","6","16","Lady Luck","","Manual Input","ManualIngest",,,,
"Someone betrayed me. Someone turned me in to the police.","6","16","Lady Luck","Reddington reveals his ongoing search for the person who betrayed him.","Transcript S06E16","ClaudeMiner","Lizzie","betrayal; truth; justice","emotional","4"
"Have you ever had a flying dream? A dream in which you suddenly have the power of flight. Unburdened by the weight of apprehension and doubt, you suddenly find you can fly. It's a dream of freedom and bliss. The opposite of a falling dream, which, of course, is a dream of fear and anxiety, panic. Flying is life. Falling is death.","6","16","Lady Luck","Reddington uses the metaphor of flying and falling dreams before confronting Smokey about his betrayal.","Transcript S06E16","ClaudeMiner","Smokey","freedom; death; life","parable","5"
"The only thing worse than a lie is the lie that compounds it.","6","16","Lady Luck","Reddington confronts Smokey after catching him in a lie about knowing Martin Walcott.","Transcript S06E16","ClaudeMiner","Smokey","truth; betrayal; trust","wisdom","5"
"But whatever object does lay me low, I'd be honored if it ended up in your collection.","6","17","The Third Estate","Reddington darkly jokes about his eventual death, addressing the collector of macabre artifacts.","Transcript S06E17","ClaudeMiner","Marie Mortel","death; humor; legacy","humor","4"
"I don't expect you to like it all. And you can leave at any time. But if you stay, I need to know I can count on you.","6","17","The Third Estate","Reddington speaks to Dembe after their disagreement, reaffirming the terms of their bond.","Transcript S06E17","ClaudeMiner","Dembe","loyalty; trust; power","emotional","4"
"Did you know, shortly before her date with the guillotine, Marie Antoinette had a chance to escape from France? But she just couldn't bear to travel like a commoner. She insisted on a rosewood carriage lined in ivory, large enough for herself, three chambermaids, four footmen, and all of their luggage. The finished product was so decadent, it could only go about two miles per hour before breaking down altogether. Just imagine if this had been her getaway car. She could've settled in London and eaten cake for the next 50 years.","6","17","The Third Estate","Reddington tells a parable about Marie Antoinette to the billionaire Noel Gerrick, while driving his car at high speed.","Transcript S06E17","ClaudeMiner","Noel Gerrick","wisdom; power; humor","parable","5"
"During the French Revolution, they were the 99%. Their goal was to behead the 1% in order to create a more perfect union. Sound familiar?","6","17","The Third Estate","Reddington explains the Third Estate to Liz, drawing a parallel to modern class conflict.","Transcript S06E17","ClaudeMiner","Elizabeth Keen","power; wisdom; justice","parable","4"
"All we know for sure, Harold, is that Anna McMahon is a much worthier adversary than we thought. A fact which, much to my dismay, I find oddly arousing. Maybe it's the red hair.","6","17","The Third Estate","Reddington comments on Anna McMahon's cleverness and his unexpected admiration, with a darkly humorous remark.","Transcript S06E17","ClaudeMiner","Harold Cooper","power; humor; betrayal","humor","4"
"Dembe and I are having a bit of a disagreement over methodology. He thinks I'm being heavy-handed.","6","17","The Third Estate","Reddington explains why Dembe is not with him, answering Liz's question about his absence.","Transcript S06E17","ClaudeMiner","Elizabeth Keen","loyalty; wisdom; power","wisdom","3"
"Well, that'd be perfectly awkward. I almost wish I could be there to see the expression on her face when she finds out.","6","17","The Third Estate","Reddington remarks on the awkward situation if they bring the case to Anna McMahon, who is involved.","Transcript S06E17","ClaudeMiner","Elizabeth Keen","humor; betrayal","humor","3"
"Either way, it's a symptom of where the world is right now, the rage of the many against the few. Like the rage you have against the person who turned you in. Both are indomitable.","6","17","The Third Estate","Reddington compares the motive of the Third Estate to Liz's anger at his betrayer.","Transcript S06E17","ClaudeMiner","Elizabeth Keen","revenge; wisdom; power","wisdom","4"
"I've lived by blind faith even when I don't like what I see. I'm not sure I can do that anymore.","6","17","The Third Estate","Reddington confesses his troubled state of mind to the imam, questioning his faith in his own judgment.","Transcript S06E17","ClaudeMiner","Imam","faith; morality; trust","emotional","5"
"My word is my bond, and before I break my word, I will give my life.","6","17","The Third Estate","Reddington states his principle of loyalty, in response to the imam's question about his bond with his employer.","Transcript S06E17","ClaudeMiner","Imam","loyalty; honor; sacrifice","monologue","5"
"But the hardest Jihad you will ever fight is the one with yourself.","6","17","The Third Estate","The imam advises Dembe on the ultimate spiritual struggle of self-reflection and inner conflict.","Transcript S06E17","ClaudeMiner","Dembe","morality; wisdom; sacrifice","wisdom","5"
"Perhaps this question is not about your employer, but about you. Perhaps you have begun to wonder, is there more to life than protecting him?","6","17","The Third Estate","The imam redirects Dembe's inner conflict back to Dembe himself, questioning his purpose.","Transcript S06E17","ClaudeMiner","Imam","freedom; morality; identity","wisdom","4"
"You've killed for less. I've never killed for more.","6","18","The Brockton College Killer","Red reflects on the severity of betrayal from those he loves most, implying punishment is unthinkable.","Transcript S06E18","ClaudeMiner","unknown","betrayal; morality; love","wisdom","4"
"My child betrayed everything I believed in. She turned her back on my country and on me. And because she was a traitor, people assumed that I was one, as well. What did I do? I turn her in, turn my back on her the way she turned her back on me? No, no. I went into hiding, gave up my home, my granddaughter. Masha doesn't even know I exist. You forgave Katarina. But not me. I forgave my child.","6","18","The Brockton College Killer","Ilya (Dom) recounts how he forgave his daughter Katarina despite her betrayal, contrasting with Red's current struggle.","Transcript S06E18","ClaudeMiner","Reddington","family; betrayal; forgiveness","monologue","3"
"You should know that I once held the high score on 'Ms. Pac-Man' at Earl's Pizza in Pike Creek, and I will not go easy on you.","6","18","The Brockton College Killer","Red offers a friendly challenge to Liz about a classic arcade game, attempting to lighten the mood.","Transcript S06E18","ClaudeMiner","Elizabeth Keen","humor; wisdom","one-liner","3"
"It's a busman's holiday, but I'm a sucker for true-crime drama.","6","18","The Brockton College Killer","Red takes on a case about a serial killer podcast while on supposed downtime.","Transcript S06E18","ClaudeMiner","Elizabeth Keen","humor; crime","one-liner","3"
"Digital is the province of hackers and prying eyes. My life depends on sticking to simpler pleasures.","6","18","The Brockton College Killer","Red explains why he listens to podcasts on audio cassette rather than digitally.","Transcript S06E18","ClaudeMiner","Elizabeth Keen","survival; wisdom; trust","wisdom","3"
"I'm not sure I'll ever believe you again.","6","18","The Brockton College Killer","After learning Lizzie turned him in, Red reacts to her apology with deep hurt and betrayal.","Transcript S06E18","ClaudeMiner","Elizabeth Keen","betrayal; trust","emotional","4"
"I've trusted you with my life, with everything in my life. You are the person to whom I am most vulnerable. That makes you either a singular friend or a mortal enemy.","6","18","The Brockton College Killer","Red lays bare the stakes of their relationship after discovering Dembe kept Lizzie's secret.","Transcript S06E18","ClaudeMiner","Dembe","loyalty; betrayal; trust","monologue","5"
"What you do for me, what I depend on you to do, cannot be done if your loyalties are divided.","6","18","The Brockton College Killer","Red explains that Dembe's divided loyalty between him and Lizzie undermines their partnership.","Transcript S06E18","ClaudeMiner","Dembe","loyalty; trust","wisdom","4"
"I know how to hurt people I care about. I came for advice on how to live with it.","6","18","The Brockton College Killer","Red admits his own destructive nature and seeks guidance on handling the pain of betrayal.","Transcript S06E18","ClaudeMiner","unknown (likely Dom or Stepanov)","betrayal; regret; survival","emotional","4"
"I went away to think about you and me, and all I could think was that I missed you. Us.","6","18","The Brockton College Killer","Red confesses his feelings of absence and longing during their time apart.","Transcript S06E18","ClaudeMiner","Dembe","love; trust","emotional","4"
"Our friendship was born of suffering and desperation, trust and compassion. It grew in crisis and chaos, matured in curiosity and scholarship. Our life together has been death-defying. I'm not sure if the right word is 'friendship' or 'love.' I just know it lives in me for as long as I live and, hopefully, longer.","6","18","The Brockton College Killer","Red makes a heartfelt declaration of his bond with Dembe, defining their relationship as more than friendship.","Transcript S06E18","ClaudeMiner","Dembe","loyalty; love; friendship","monologue","5"
"Get revenge, and that will pass. Forgive it, it won't. Are you at peace with the choice you made? I am. I am because I loved her. The real question is, how much do you love Dembe?","6","18","The Brockton College Killer","Stepanov advises Red about whether to seek revenge on Dembe, using his own experience with Katarina as a lesson.","Transcript S06E18","ClaudeMiner","Reddington","forgiveness; love; revenge","monologue","5"
"Elizabeth Keen has lied and deceived me more times than I can count, and I've forgiven her every time. But I realize you don't need my forgiveness. Ever. Because when it comes to 'this,' you can do no wrong.","6","18","The Brockton College Killer","Red acknowledges Dembe's unique place in his life, above the standards he holds for others.","Transcript S06E18","ClaudeMiner","Dembe","loyalty; forgiveness; love","emotional","5"
"On the plus side, I'll have nothing but love for you if we succeed, which we won't.","6","19","Rassvet","Young Ilya sarcastically reacts to Katarina's plan.","Transcript S06E19","ClaudeMiner","Ilya","humor; survival","humor","3"
"I am what I am.","6","19","Rassvet","Lizzie asks why he stayed Reddington after getting the money; he gives a cryptic, philosophical answer.","Transcript S06E19","ClaudeMiner","Lizzie","identity; truth","one-liner","5"
"Popeye the Sailor Man.","6","19","Rassvet","Immediately after 'I am what I am,' he adds this comedic remark when Lizzie presses him.","Transcript S06E19","ClaudeMiner","Lizzie","humor; identity","humor","4"
"Don't take it personally. It's how, uh, all moral relativists feel about righteousness in the face of impossible odds.","6","19","Rassvet","Ilya says he hates Katarina's pessimism; Red (as young Ilya) dismisses it as moral relativism.","Transcript S06E19","ClaudeMiner","Ilya","humor; wisdom; morality","humor","4"
"After pondering that for a moment, replies, ""It's too early to tell.","6","19","","Mined from transcript","Transcript S06E19","TranscriptMining",,,,
"For most people, baptism comes early. My daughter had to wait half her life to be reborn.","6","19","Rassvet","Narrating Katarina's emergence from the ocean after her fake drowning.","Transcript S06E19","ClaudeMiner","unknown","identity; survival; family","wisdom","3"
"I think we're all running from something. I think we've all had to do things to survive. Everyone here has a past. Whatever your story is, it's your story, and yours alone.","6","19","Rassvet","Comforting a traumatized Katarina in the shelter, acknowledging their shared need for anonymity and survival.","Transcript S06E19","ClaudeMiner","Katarina","survival; identity; wisdom","wisdom","4"
"Nothing hurts so bad as when a child disappoints. Like being impaled by a unicorn.","6","20","Guillermo Rizal","After Teddy fails to get information from Mr. Cotton, Reddington expresses his frustration with dark humor.","Transcript S06E20","ClaudeMiner","Teddy (clockmaker)","family; humor; betrayal","humor","4"
"You can mock it because you live in a world with institutionalized codes, where order has already been imposed by powerful forces outside of yourself, where there are laws and rules for everything. I live in a world with no laws, no rules, and certainly no order. So I have to impose my own.","6","20","Guillermo Rizal","Reddington contrasts his world of chaos with Liz's structured life, justifying his code.","Transcript S06E20","ClaudeMiner","Elizabeth Keen","power; survival; morality","monologue","5"
"I live and work by a very strict code built on loyalty, justice, trust. I survive because I eliminate those who betray it. Up until now, no one has been spared, not even my closest associates. Not even Kate Kaplan.","6","20","Guillermo Rizal","Reddington explains his personal code of ethics to Liz, who has betrayed him.","Transcript S06E20","ClaudeMiner","Elizabeth Keen","loyalty; betrayal; morality","monologue","4"
"Senator, unlike your lunch date here, I'm not interested in foreplay.","6","20","Guillermo Rizal","Reddington interrupts the Senator's meeting, demanding information about Mr. Cotton.","Transcript S06E20","ClaudeMiner","Senator Christensen","power; humor","threat","4"
"You won't stay angry with me. I know you think you will, but you won't. Parents don't stay angry with their children. Or their grandchildren. And that's who you are to us. It doesn't matter who you were. This is who you are and who you'll always be.","6","20","Guillermo Rizal","Reddington reassures Liz that their bond transcends his secret past, affirming their family connection.","Transcript S06E20","ClaudeMiner","Elizabeth Keen","family; love; identity","emotional","5"
"Love wins. That's not a code. It's a greeting card.","6","20","Guillermo Rizal","Liz shares her personal code—'love wins'—and Reddington dismisses it as trite.","Transcript S06E20","ClaudeMiner","Elizabeth Keen","love; humor; wisdom","humor","4"
"I'm not conflicted about killing you. I'm conflicted because I can't. Because I can neither kill nor trust nor forgive.","6","20","Guillermo Rizal","Reddington admits his emotional conflict about Liz's betrayal—he cannot kill her, trust her, or forgive her.","Transcript S06E20","ClaudeMiner","Elizabeth Keen","betrayal; loyalty; trust","emotional","5"
"Don't you love the anticipation? The moment before the curtain goes up, wondering if the show will live up to all the hype and expectation.","6","21","Anna McMahon","Reddington compares waiting for the dossier's contents to theatrical anticipation.","Transcript S06E21","ClaudeMiner","Cooper","wisdom; humor","one-liner","3"
"He took foreign money to get elected. If he did that, who knows what else he's done. Maybe people found out, and the walls are closing in, and he prefers to go out as a martyr to the cause. Many presidents only live for their legacy.","6","21","Anna McMahon","Reddington theorizes why President Diaz would conspire to assassinate himself.","Transcript S06E21","ClaudeMiner","Liz","power; legacy; morality","wisdom","4"
"Over the years, your mother's legend has grown. Mythic spy. Bloodless turncoat. In the process, people forgot the person behind the legend, but I haven't. If she were here, I'm sure she'd tell you she made so many mistakes. She was scared and uncertain and just trying to do the best she could.","6","21","Anna McMahon","Reddington reflects on how Lizzie's mother has been mythologized, urging Liz to see her as a flawed human.","Transcript S06E21","ClaudeMiner","Liz","family; truth; identity; regret","emotional","5"
"Your mother was not as bad as... I understand why you might think she was, but she wasn't. She was a young woman trying to make sense of a world that was falling apart around her. She was on one side of an unbridgeable divide. Your father was on the other. And you were in between.","6","21","Anna McMahon","Reddington comforts Liz about her mother's legacy, acknowledging her mistakes but defending her humanity.","Transcript S06E21","ClaudeMiner","Liz","family; truth; identity","emotional","5"
"Gavrilo Princip, the Bosnian Serb who assassinated Archduke Ferdinand of Austria. That single act set into motion the chain of events that ignited the First World War.","6","21","Anna McMahon","Reddington explains the historical reference behind 'The Princip Initiative' in the dossier.","Transcript S06E21","ClaudeMiner","Liz","wisdom; history","wisdom","3"
"I hired Rogelio's niece to work in my warehouse in Lisbon. Before she started, our margins were 18%. After, 13%. You blame her? My angel? Your angel slept with my foreman. And when his wife forced him to quit, she slept with his replacement.","6","21","Anna McMahon","Reddington defends Rogelio's niece's character after Rogelio blames her for management turnover.","Transcript S06E21","ClaudeMiner","Rogelio","humor; crime; loyalty","parable","3"
"Bring Agnes home, Elizabeth. If there's any risk... There isn't. Bring her home.","6","21","Anna McMahon","Reddington encourages Liz to reunite with her daughter Agnes, dismissing her fears.","Transcript S06E21","ClaudeMiner","Liz","family; love; trust","emotional","4"
"I am very sorry that I forgot what my father always told me: no good deed goes unpunished.","6","21","Anna McMahon","Reddington apologizes to Rogelio's niece Luciana in order to get Rogelio's help.","Transcript S06E21","ClaudeMiner","Rogelio","wisdom; regret; humor","wisdom","4"
"Remember when classified documents were classified documents, Harold? Typewritten on onion skin, mimeographed, and stamped 'Top Secret' just like in the spy movies? That was fun. Simpler times, I suppose.","6","21","Anna McMahon","Reddington muses on the old-fashioned nature of classified documents as they prepare to view the dossier.","Transcript S06E21","ClaudeMiner","Cooper","wisdom; nostalgia","wisdom","3"
"Let's be realistic here. Realistic, Donald? Might I remind you I blackmailed your President over $300 million in illegal campaign contributions he took from a Russian oligarch over three years ago. The man has money, not sense.","6","21","Anna McMahon","Reddington dismisses Ressler's concern about the President's character during the conspiracy discussion.","Transcript S06E21","ClaudeMiner","Ressler","power; truth; humor","one-liner","4"
"Remember when classified documents were classified documents, Harold? Typewritten on onion skin, mimeographed, and stamped ""Top Secret"" just like in the spy movies? That was fun.","6","21","","Mined from transcript","Transcript S06E21","TranscriptMining",,,,
"They're being followed? COOPER: If you'd have let me know you had a location.","6","21","","Mined from transcript","Transcript S06E21","TranscriptMining",,,,
"See if the Third Estate pulled a permit to protest outside.","6","21","","Mined from transcript","Transcript S06E21","TranscriptMining",,,,
"I love you because I can trust you.","6","22","Robert Diaz","Reddington tells the Stranger why he loves him, after a discussion about loyalty and completing a task.","Transcript S06E22","ClaudeMiner","The Stranger (Ilya Koslov)","trust; love; loyalty","emotional","4"
"The consulate is on alert, which means everyone's is.","6","22","","Mined from transcript","Transcript S06E22","TranscriptMining",,,,
"I couldn't care less about saving the President's life. I'm just trying to get your old job back.","6","22","Robert Diaz","Reddington explains his motivation for helping the Task Force stop the assassination plot.","Transcript S06E22","ClaudeMiner","Elizabeth Keen","power; morality; humor","one-liner","3"
"The next time you want to convince me I've broken my spine, you damn well better break my spine.","7","1","Louis T. Steinhil","After revealing he knows the paralysis is a ruse, Reddington delivers a threatening ultimatum to his captor.","Transcript S07E01","ClaudeMiner","René Oban","threat; survival; power","threat","5"
"Either way, I suppose pharma-karma's a bitch.","7","1","Louis T. Steinhil","Reddington, now in control, presents his captor with a choice between a bullet or a ketamine injection, quipping about the irony of the situation.","Transcript S07E01","ClaudeMiner","René Oban","humor; revenge; survival","one-liner","4"
"How I wish we lived in a world where kindness wasn't a liability.","7","1","Louis T. Steinhil","After Berdy reports that one of Reddington's men found Joubert, and Reddington has just had Joubert killed for his betrayal, he reflects on the necessity of the act.","Transcript S07E01","ClaudeMiner","Berdy","wisdom; survival; morality","wisdom","4"
"I've been on the run half my life. I suppose now I'll be on a walk. Or a roll.","7","1","Louis T. Steinhil","While being helped into a wheelchair, believing he is paralyzed, Reddington makes a darkly humorous remark about his new circumstances.","Transcript S07E01","ClaudeMiner","Mila","humor; survival","one-liner","3"
"Some people in this world are soul mates. Katarina Rostova and I shared one. Betraying her would be like betraying myself.","7","1","Louis T. Steinhil","Reddington explains his unwavering loyalty to Katarina Rostova while being interrogated by the man impersonating a French inspector.","Transcript S07E01","ClaudeMiner","René Oban","loyalty; love; identity","emotional","5"
"In my experience, who people are supposed to be is rarely who they are.","7","2","Louis T. Steinhil: Conclusion","Reddington reflects on his criminal reputation versus his true nature after Mila questions his decency.","Transcript S07E02","ClaudeMiner","Mila","identity; truth; wisdom","wisdom","5"
"He seems so decent. How is that possible? Because he is decent.","7","2","Louis T. Steinhil: Conclusion","Reddington explains his own decency to Mila after she expresses surprise.","Transcript S07E02","ClaudeMiner","Mila","identity; morality; humor","humor","4"
"You raised an old ghost, and that's why your grandfather is dying in a lumberyard.","7","2","Louis T. Steinhil: Conclusion","Reddington blames Lizzie for the consequences of her questions about Katarina Rostova.","Transcript S07E02","ClaudeMiner","Lizzie Keen","consequences; truth; family","threat","4"
"I've known Dom a long time. Most of it's been unpleasant. Still, something happens when you've known someone that long, when, after all of life's twists and turns you look over and there they are, still in it with you, still yours.","7","2","Louis T. Steinhil: Conclusion","Reddington reflects on his long, complicated history with Dom as Dom lies in a coma.","Transcript S07E02","ClaudeMiner","Lizzie Keen","loyalty; time; connection","emotional","5"
"How many times have I told you? Leave it alone. I warned you. Even saying the name Katarina Rostova has consequences, and now you see.","7","2","Louis T. Steinhil: Conclusion","Reddington chastises Lizzie for her persistent questions about her mother.","Transcript S07E02","ClaudeMiner","Lizzie Keen","consequences; truth; danger","monologue","4"
"I know a little something about pain. Belgrade. Everything I cared about died that day.","7","2","Louis T. Steinhil: Conclusion","Reddington, being tortured by Katarina, references the pain of losing everything in Belgrade.","Transcript S07E02","ClaudeMiner","Katarina Rostova","pain; loss; betrayal","emotional","4"
"You said The Peppermill didn't deliver the champagne? They said there were no reservations under Farwell or Campbell.","7","3","","Mined from transcript","Transcript S07E03","TranscriptMining",,,,
"To creep softly like a coward toward the treasures of your body, to whip your joyous flesh and bruise your pardoned breast, to make in your astonished flank a wide and gaping wound.","7","3","","Mined from transcript","Transcript S07E03","TranscriptMining",,,,
"I've long since given up trying to figure out what excites people or why.","7","3","Les Fleurs du Mal","Red reflects on human nature after Aram talks about Mrs. Radcliffe finding danger exhilarating.","Transcript S07E03","ClaudeMiner","Aram","wisdom","wisdom","3"
"Because as hard as it is to feel pain, it's much harder to feel nothing.","7","3","Les Fleurs du Mal","Red counsels Aram about the importance of allowing himself to feel emotions after Samar's death.","Transcript S07E03","ClaudeMiner","Aram","wisdom; survival; love","wisdom","5"
"A society of decadent misanthropes. People who have everything, so nothing is special.","7","3","Les Fleurs du Mal","Red describes the secret society Les Fleurs du Mal to Elizabeth.","Transcript S07E03","ClaudeMiner","Lizzie","wisdom; morality","one-liner","4"
"As a general rule, I admire people who insist on finding ways to be exhilarated. As opposed to being okay with feeling numb.","7","3","Les Fleurs du Mal","Red encourages Aram to embrace feeling alive after loss.","Transcript S07E03","ClaudeMiner","Aram","wisdom; survival","wisdom","4"
"As a general rule, I believe the sword is mightier than the pen. But in the hands of a free-spirited, syphilis-ridden French dandy, I'd say the odds shift considerably.","7","3","Les Fleurs du Mal","Red comments on Baudelaire's provocative poetry while Lizzie questions him about the woman who tried to kill her grandfather.","Transcript S07E03","ClaudeMiner","Lizzie","wisdom; humor; crime","wisdom","4"
"Farhad! You son of a cur. It's been an awfully long time. You look good, my friend. And prosperous. May Khodah in his infinite wisdom keep the sanctions in place for as long as possible.","7","4","Kuwait","Reddington greets his Iranian smuggler contact with dark humor and flattery.","Transcript S07E04","ClaudeMiner","Farhad","humor; crime","one-liner","3"
"No, there's no time for that. They could start back-channel negotiations. I can do better. Way better. And more importantly, faster. We have one chance to get Harold out alive. So listen carefully.","7","4","Kuwait","Reddington dismisses calling the State Department and takes charge of the rescue plan.","Transcript S07E04","ClaudeMiner","Ressler","power; loyalty; crime","monologue","4"
"Sanctions have caused a certain amount of investment in Iran to dry up. It's a barren garden. I decided to water it. At a healthy interest rate. It's all the rage!","7","4","Kuwait","Reddington explains his sanction-busting business in Iran, with sarcastic wit.","Transcript S07E04","ClaudeMiner","Harold Cooper","crime; humor; wisdom","humor","4"
"We'll have the engines running. He's mobilized to find Hutton? And he'll burn the city to find him. I'm bringing on extra men. We'll lock down the landing field. You just get yourself there in one piece, and I'll get us airborne.","7","4","Kuwait","Reddington organizes a rescue and warns Cooper of immediate danger.","Transcript S07E04","ClaudeMiner","Harold Cooper","survival; power","monologue","3"
"Despite my associate's reflexive flag waving, he's a fine man in need of careful guidance in and out of this CIA outpost everyone pretends to know nothing about.","7","4","Kuwait","Reddington introduces Cooper with a mix of insult and praise to his contact.","Transcript S07E04","ClaudeMiner","Farhad","humor; trust","humor","3"
"I don't think so. Otherwise, he wouldn't have asked for me. Let's hope not. Because if he does hold you responsible and if he plans to tell the world, then we'll have to shut him up.","7","4","Kuwait","Reddington discusses the possibility Hutton knows Cooper's role in his capture, implying a threat.","Transcript S07E04","ClaudeMiner","Harold Cooper","betrayal; justice; survival","threat","4"
"You're one to talk about facts. Aren't you, Mr. Koslov?","7","4","Kuwait","Cooper accuses Reddington of bending facts, and Reddington retorts knowing Cooper knows his real identity.","Transcript S07E04","ClaudeMiner","Harold Cooper","truth; identity; humor","one-liner","4"
"I gave you that so you could put the whole incident behind you, not carry it like an albatross around your neck.","7","4","Kuwait","Reddington justifies giving Cooper information about Hutton's death to ease his guilt.","Transcript S07E04","ClaudeMiner","Harold Cooper","wisdom; morality; freedom","wisdom","5"
"You must admit, though, it's ironic. Us jetting over there to protect your secret, and you refusing to protect mine.","7","4","Kuwait","Reddington points out the hypocrisy of Cooper protecting his own secret while exposing Reddington's.","Transcript S07E04","ClaudeMiner","Harold Cooper","morality; trust; betrayal","wisdom","4"
"Given where we're going, the real question is, who are you? Are you the man in front of me who I know to be good and decent? Or are you the man from years ago who got himself into this mess in the first place?","7","4","Kuwait","Reddington challenges Cooper to define himself before they rescue Hutton.","Transcript S07E04","ClaudeMiner","Harold Cooper","identity; morality; past","wisdom","5"
"I know because I know. Because whoever I once was, I am now and will continue to be Raymond Reddington.","7","4","Kuwait","Cooper asks how Reddington knows about Hutton if he wasn't the real Reddington.","Transcript S07E04","ClaudeMiner","Harold Cooper","identity; truth","monologue","5"
"I don't live a lie. I may once have had another identity, but that identity no longer exists. I am exactly who I am. And I can assure you, I'm a far more interesting Raymond Reddington than Raymond Reddington ever was.","7","4","Kuwait","Cooper asks how Reddington lives with his lies; Reddington defends his true identity.","Transcript S07E04","ClaudeMiner","Harold Cooper","identity; truth; wisdom","monologue","5"
"I've always believed who you are should define you, not who you were. And I don't know anyone that should be more at peace with who they are than you.","7","4","Kuwait","Reddington encourages Cooper to let go of past guilt and embrace his present self.","Transcript S07E04","ClaudeMiner","Harold Cooper","identity; wisdom; morality","wisdom","5"
"Whatever decisions you make going forward… I hope they grant you that peace.","7","4","Kuwait","Reddington concludes his advice to Cooper, wishing him peace in future choices.","Transcript S07E04","ClaudeMiner","Harold Cooper","wisdom; morality; freedom","emotional","4"
"What is it you need, Harold? A reminder that you're a good man, a moral man? 'Cause you didn't need to save Daniel Hutton to know that. You just needed to look in a mirror.","7","4","Kuwait","Reddington comforts Cooper after Hutton's death, telling him he's always been a good man.","Transcript S07E04","ClaudeMiner","Harold Cooper","morality; wisdom; identity","wisdom","5"
"Visiting old ghosts?","7","4","Kuwait","Reddington finds Cooper brooding after learning Daniel Hutton is alive.","Transcript S07E04","ClaudeMiner","Harold Cooper","wisdom; regret; past","wisdom","4"
"The last thing I heard was men yelling in Farsi.","7","4","","Mined from transcript","Transcript S07E04","TranscriptMining",,,,
"I won a rather high-stakes game of Magic: The Gathering recently, and I've called in my chits.","7","4","Kuwait","Reddington reveals he used a debt from a game to call in a drone strike.","Transcript S07E04","ClaudeMiner","Dembe and Farhad","humor; power; crime","one-liner","5"
"A word to the wise and dying: you can't cheat death. You can't predict it or protect yourself against it.","7","5","Norman Devane","Reddington taunts the germaphobe assassin Devane about the futility of trying to control death.","Transcript S07E05","ClaudeMiner","Devane","death; wisdom","wisdom","4"
"Sometimes things happen for a reason. And sometimes I just don't know what that reason is.","7","5","Norman Devane","Reddington admits to Dembe that he doesn't always understand the cosmic logic behind events, specifically regarding Stark's failed treatment.","Transcript S07E05","ClaudeMiner","Dembe","fate; wisdom","wisdom","4"
"As a rule, I also admire loyalty. But as I have pressing business with Mr. Devane, I'm afraid you'll have to make an exception.","7","5","Norman Devane","Reddington threatens the hacker Kuragin, politely demanding information about Devane.","Transcript S07E05","ClaudeMiner","Kuragin","loyalty; betrayal; threat","threat","4"
"I try to leave nothing to fate, but I'm perfectly comfortable with chaos. That's why I trust that whatever happens is probably meant to be. Like accidentally killing a guy and finding he has intel on hog futures. Cosmic, huh?","7","5","Norman Devane","Reddington philosophizes about fate and chaos after accidentally killing Kuragin and finding valuable intel.","Transcript S07E05","ClaudeMiner","Dembe","wisdom; fate; humor","wisdom","4"
"Weddings, for the most part, are safe, happy places. Places that even the most skittish source would be comfortable in. Drunken revelers, interminable toasting, cheesy cover bands – I can't think of a better place for a covert meeting.","7","5","Norman Devane","Reddington convinces Dembe that crashing a wedding is the perfect cover for a meeting with a skittish source.","Transcript S07E05","ClaudeMiner","Dembe","wisdom; humor","wisdom","3"
"I thought I died once in Marrakech.","7","6","Dr. Lewis Powell","Reddington jokes about the lack of ice cream with the apple brown betty, referencing a past near-death experience.","Transcript S07E06","ClaudeMiner","Brimley","humor; survival","humor","4"
"Communism may be discredited, but it still produces a damn fine cigar.","7","6","Dr. Lewis Powell","Reddington offers a cigar from Castro's personal humidor, blending politics and pleasure.","Transcript S07E06","ClaudeMiner","Agent Park","humor; wisdom","humor","3"
"You wanted her to see all this. No, I... But you did say there was a darkness about her. If one were to wonder how dark, I'm afraid the answer would be not very.","7","6","Dr. Lewis Powell","Reddington reflects on Park's reaction to Brimley's interrogation, suggesting she lacks the necessary darkness.","Transcript S07E06","ClaudeMiner","Lizzie","wisdom; morality","wisdom","3"
"Because you're my burden, not hers.","7","6","Dr. Lewis Powell","Reddington explains to Park why he stopped her from killing him earlier—a deeply personal and emotional moment.","Transcript S07E06","ClaudeMiner","Agent Park","sacrifice; morality; trust","emotional","5"
"This was a test. You failed.","7","6","Dr. Lewis Powell","Reddington reveals the entire setup was a test of loyalty, which Vontae failed.","Transcript S07E06","ClaudeMiner","Vontae Jones","betrayal; trust","one-liner","4"
"And you wonder why I insist on flip phones and dead drops. Honestly.","7","6","Dr. Lewis Powell","Reddington remarks on his preference for old-school communication in the age of deepfakes.","Transcript S07E06","ClaudeMiner","Lizzie","humor; survival","humor","4"
"The digital world is filled with anonymous malcontents hiding behind screens, conducting all manner of spurious acts. Their latest pleasure seems to be putting false words into the mouths of innocents.","7","6","Dr. Lewis Powell","Reddington explains the nature of deepfake technology and online mischief after Tadashi identifies the fake video.","Transcript S07E06","ClaudeMiner","Lizzie","wisdom; truth; crime","wisdom","4"
"Trust is so fragile. When it exists, anything is possible, between people or nations. But when it doesn't, or worse, when a bond of trust is broken, there is no greater betrayal.","7","6","Dr. Lewis Powell","Reddington offers a philosophical reflection on trust while offering Park a cigar to celebrate her new job.","Transcript S07E06","ClaudeMiner","Agent Park","trust; betrayal; wisdom","monologue","5"
"I'm at war with a worthy adversary. Someone capable of exploiting even those closest to me.","7","6","Dr. Lewis Powell","Reddington reveals the stakes of his conflict and why he needs her help.","Transcript S07E06","ClaudeMiner","Agent Park","betrayal; survival; power","threat","4"
"As my life often depends on it, I have become an astute judge of character.","7","6","Dr. Lewis Powell","Reddington explains why he trusts Park after a short acquaintance.","Transcript S07E06","ClaudeMiner","Agent Park","wisdom; survival","one-liner","3"
"I don't see No, I-I understand there's traffic, Fudo.","7","6","","Mined from transcript","Transcript S07E06","TranscriptMining",,,,
"What a pity. I was prepared to change your life. Now you leave me no choice but to end it.","7","6","Dr. Lewis Powell","Reddington confronts the man who betrayed him, delivering an elegant threat.","Transcript S07E06","ClaudeMiner","Vontae Jones","betrayal; death; power","threat","5"
"The Bureau is wrong. The Cironatos don't abduct politicians they disagree with. They buy them off. The person who did this is plotting something far more interesting.","7","7","Hannah Hayes","Correcting the FBI's assumption about who abducted Governor Sweeney, hinting at a deeper plot.","Transcript S07E07","ClaudeMiner","Lizzie","crime; wisdom; power","wisdom","3"
"No politician returns from a harrowing abduction and says nothing, not unless the person who did it still has their hooks into him.","7","7","Hannah Hayes","Explaining why Governor Sweeney isn't talking about his abduction, indicating he's still under someone's control.","Transcript S07E07","ClaudeMiner","Lizzie","power; truth; survival","wisdom","4"
"I did it because we have a new lead — one she had no intention of giving us.","7","7","Hannah Hayes","After letting Patrick Masuda go, explaining his action was strategic to gain information from Katarina.","Transcript S07E07","ClaudeMiner","Dembe","betrayal; wisdom; survival","wisdom","3"
"Punishment is the crudest form of education, but it's the only one that woman understands.","7","7","Hannah Hayes","After Katarina hangs up on Reddington, refusing to come to him, he comments on her stubbornness.","Transcript S07E07","ClaudeMiner","Dembe","wisdom; power; betrayal","wisdom","4"
"Backbone beats wishbone every time.","7","7","Hannah Hayes","Reddington explains to Dembe why Skip Sutherland couldn't be broken by Morozov, despite being tortured.","Transcript S07E07","ClaudeMiner","Dembe","wisdom; survival; morality","one-liner","4"
"I acquired it after a rogue wave in the East China Sea swept a shipping container full of baby formula right off the stack. Chinese mothers don't trust the domestic stuff. Purity issues. So I sneak in America's finest at a small markup. Zhou Jiaxuan was so mortified that he lost my shipment that he offered me his little home away from home as partial recompense.","7","7","Hannah Hayes","Explaining how he came to own a luxury camper, after Lizzie comments she never took him for a camper.","Transcript S07E07","ClaudeMiner","Lizzie","crime; wisdom; humor","parable","4"
"What did you think would happen, Skip? You sold, to one of my worst enemies, the location of one of my dearest friends.","7","8","The Hawaladar","Confronting Skip for betraying Ilya's location to Katarina Rostova.","Transcript S07E08","ClaudeMiner","Skip Sutherland","betrayal; loyalty; revenge","threat","4"
"You know I always bet on Red.","7","8","The Hawaladar","Ending their tense encounter with a witty, signature line about gambling.","Transcript S07E08","ClaudeMiner","Glen","humor; identity","one-liner","5"
"If my friend dies because of you... I will end this right now. And don't think I won't because we have a history.","7","8","The Hawaladar","Pressuring Glen to find Orion Relocation Services to save Ilya.","Transcript S07E08","ClaudeMiner","Glen","loyalty; survival; friendship","threat","4"
"On the other hand, you would definitely be killed for not telling me this.","7","8","The Hawaladar","Threatening Arjun to extract information about Katarina's payment.","Transcript S07E08","ClaudeMiner","Arjun the hawaladar","survival; power","threat","4"
"And risk a delay due to Taco Tuesday or a suddenly ingrown toenail? I don't have the time. Ilya doesn't have the time.","7","9","Orion Relocation Services","Reddington refuses to call Glen for help, mocking Glen's unreliability with characteristic wit.","Transcript S07E09","ClaudeMiner","Elizabeth Keen","humor; survival","humor","3"
"Unfortunately, the last person I would want to find Ilya is the person I need help from to find him.","7","9","Orion Relocation Services","Reddington reluctantly admits he must seek help from someone he dislikes to rescue Ilya.","Transcript S07E09","ClaudeMiner","Elizabeth Keen","sacrifice; survival","wisdom","3"
"I don't know how, but that woman stayed well ahead of me. She got to Steinhil, she's apprehended a dear friend of mine.","7","9","Orion Relocation Services","Reddington admits his frustration and vulnerability to Liz after being outmaneuvered by the woman in Paris.","Transcript S07E09","ClaudeMiner","Elizabeth Keen","betrayal; loss; survival","emotional","3"
"You deserve a bigger life.","7","9","Orion Relocation Services","Reddington encourages Liz to move forward from Tom's death and embrace a fuller life, showing his care for her.","Transcript S07E09","ClaudeMiner","Elizabeth Keen","love; wisdom; sacrifice","emotional","4"
"I think dining in the dark probably does enhance the senses.","7","9","","Mined from transcript","Transcript S07E09","TranscriptMining",,,,
"I understand that Sofia Burke made a run at the Dresden Green.","7","9","","Mined from transcript","Transcript S07E09","TranscriptMining",,,,
"I wonder if a healthy finder's fee would make it your concern.","7","9","","Mined from transcript","Transcript S07E09","TranscriptMining",,,,
"We have very little time, but thanks to her hawaladar, we have a lead.","7","9","","Mined from transcript","Transcript S07E09","TranscriptMining",,,,
"Your father's a drug dealer. The fact that he deals a legal drug is no consolation to the addicts he's created.","7","11","Victoria Fenberg","Reddington justifies his interest in helping Victoria undermine her father's pharmaceutical empire.","Transcript S07E11","ClaudeMiner","Victoria Fenberg","justice; morality; betrayal","wisdom","4"
"Not only do I have no intention of stopping you, I believe we may find occasion to work together in the future.","7","11","Victoria Fenberg","Reddington reveals he admires Victoria's scheme to take down her father and hints at collaboration.","Transcript S07E11","ClaudeMiner","Victoria Fenberg","alliance; revenge; morality","threat","3"
"Which is enough, because our desire for them to be real obscures any imperfection. Much like your desire for the woman in Paris to be your mother blinded you to the fact that she wasn't.","7","11","Victoria Fenberg","Reddington parallels the forgeries with Elizabeth's mistaken belief that a woman was her mother.","Transcript S07E11","ClaudeMiner","Elizabeth Keen","truth; identity; deception","wisdom","5"
"I love a good bath as much as the next man, but does it ever get into your head? The idea that you're simply soaking in your own juices like a brining turkey?","7","11","Victoria Fenberg","Reddington interrogates Eagleton in his bathtub about the forgery.","Transcript S07E11","ClaudeMiner","Antony Eagleton","humor","humor","3"
"Simply put, they weren't supposed to exist, not in that time, not in that part of the world.","7","11","Victoria Fenberg","Reddington explains the rarity and historical anomaly of the Byzantine nesting caskets.","Transcript S07E11","ClaudeMiner","Dembe","wisdom; legacy","wisdom","3"
"I love a juicy family drama. Greed. Resentment. Betrayal. Secrets.","7","11","Victoria Fenberg","Reddington confronts Victoria about her role in the forgeries and her father's crimes.","Transcript S07E11","ClaudeMiner","Victoria Fenberg","betrayal; power; family","monologue","4"
"You're either very bad at math or very good at lying. I'm good at both. What I'm terrible at is life.","7","12","Cornelius Ruck","Reddington and Cassandra confront each other about past betrayals and lies during a late-night conversation.","Transcript S07E12","ClaudeMiner","Cassandra","truth; wisdom; regret","wisdom","4"
"Thank you, by the way, for the intel on the Turkish agents. You know, you were right when you recently told me that, um, it's been difficult since Tom, but that I have Agnes, and I should be looking forward and not back. And that you deserve a bigger life. I agree. I do. But so do you.","7","12","Cornelius Ruck","At Agnes's ballet recital, Reddington shares a tender moment with Elizabeth, echoing her own advice back to her and suggesting they both deserve more from life.","Transcript S07E12","ClaudeMiner","Lizzie","family; love; freedom; sacrifice","emotional","4"
"We may not have bigger lives, but we have each other.","7","12","Cornelius Ruck","Ending the episode, Reddington offers a final, quiet reassurance to Elizabeth about their bond, following their emotional exchange at the ballet.","Transcript S07E12","ClaudeMiner","Lizzie","family; love; trust","emotional","4"
"The idea that a whole world that I couldn't see had suddenly revealed itself and been brought into focus felt like a miracle. Because it was, given how often we miss what's right in front of us.","7","12","Cornelius Ruck","Reddington builds a makeshift microscope from his phone and reflects on his childhood lesson from his father about seeing the unseen.","Transcript S07E12","ClaudeMiner","Cassandra","wisdom; family; truth","monologue","5"
"But we do that, you and I – misjudge each other. I tonight, you in Marseille. I wanted to run away with you. You didn't. What you misjudged was the reason why. You thought it was about you. It wasn't. I had obligations.","7","12","Cornelius Ruck","Reddington explains his past refusal to run away with Cassandra, attributing it to his duty to protect Elizabeth Keen, not a lack of feeling for her.","Transcript S07E12","ClaudeMiner","Cassandra","loyalty; trust; love; sacrifice","emotional","4"
"When I'm 10,000 feet off the ground, that's what I think about. Dying. And before I die, I'd like to have kids.","7","13","Newton Purcell","Reddington elaborates on his earlier comment about low sperm count, revealing a deeper fear of dying without having children.","Transcript S07E13","ClaudeMiner","dembe","death; family; legacy","monologue","4"
"A man I trust. A man with whom I share a history. A man with whom I'd go into battle shoulder to shoulder, anytime, anywhere, because his dedication knows no bounds. If there is a man who can get you your shipment on time, it's my guy Glen.","7","13","Newton Purcell","Reddington dramatically reassures a client that Glen is reliable, despite knowing the opposite.","Transcript S07E13","ClaudeMiner","client","loyalty; humor; trust","monologue","5"
"I'm a contrarian by necessity, not by choice. If people were wrong less often, my life would be much easier. And considerably less smug.","7","13","Newton Purcell","Reddington explains to Cooper why he disagrees with the FBI's conclusion about the data center attacks.","Transcript S07E13","ClaudeMiner","cooper","wisdom; humor; truth","wisdom","4"
"Now may seem like an odd time to mention it, but the men in my family have a low sperm count.","7","13","Newton Purcell","Reddington is trapped in a locked room with Dembe and makes an odd confession about his family's low sperm count.","Transcript S07E13","ClaudeMiner","dembe","humor; family; survival","one-liner","4"
"Eye of the tiger.","7","13","Newton Purcell","Reddington ends his speech about Glen with a cheesy motivational phrase, showing his ironic detachment.","Transcript S07E13","ClaudeMiner","client","humor","one-liner","4"
"I’m a contrarian by necessity, not by choice. If people were wrong less often, my life would be much easier.","7","13","Newton Purcell","","Manual Input","ManualIngest",,,,
"My world is filled with people seeking revenge. I can see it every time I look at them. It's as distinct as a birthmark. But I look at you and see none of that.","7","14","Twamie Ullulaq","Reddington tells Park she is not driven by revenge.","Transcript S07E14","ClaudeMiner","Alina Park","wisdom; identity; morality","wisdom","5"
"I see a smart, capable young woman filled with self-loathing, and I think if you have a debt to settle, perhaps it's with yourself.","7","14","Twamie Ullulaq","Reddington encourages Park to forgive herself.","Transcript S07E14","ClaudeMiner","Alina Park","wisdom; regret; morality","emotional","5"
"You were a child. You couldn't be expected to help. You shouldn't hate yourself for that.","7","14","Twamie Ullulaq","Reddington comforts Park after she reveals she accidentally killed her mother.","Transcript S07E14","ClaudeMiner","Alina Park","family; regret; wisdom","emotional","5"
"I find ambergris to be an absolute marvel. Digestive juices of the sperm whale powerful enough to break down squid beaks and fish bones until the glorious beast excretes the waxy mass into the ocean. Whale vomit worth more than its weight in gold.","7","14","Twamie Ullulaq","Reddington discusses the value of ambergris during a negotiation.","Transcript S07E14","ClaudeMiner","Signore Rossi","wisdom; humor","monologue","4"
"Otherwise, Alaska's shown me all the mercy of a Greek tragedy.","7","14","Twamie Ullulaq","Reddington reflects on his bad luck in Alaska.","Transcript S07E14","ClaudeMiner","Dembe","wisdom; survival","one-liner","3"
"And the only time I have ever been lucky in Alaska was when I was bumped from behind at an ice bar in Fairbanks. I stumbled into the arms of a lovely Nordic princess. Literally, she was a princess in Norway. We flew straight to her castle outside Bergen and watched the Northern Lights till dawn.","7","14","Twamie Ullulaq","Reddington recounts a rare piece of good luck in Alaska.","Transcript S07E14","ClaudeMiner","Dembe","humor; wisdom","parable","4"
"I don't want you to find my trucks. I want you to solve one of life's great mysteries. The Alaska Triangle.","7","14","Twamie Ullulaq","Reddington tasks the team with investigating the Alaska Triangle.","Transcript S07E14","ClaudeMiner","unknown","wisdom; crime","monologue","3"
"Strange. According to the tracker, we should be right on top of the containers. Looks like it's time to cue the Greek chorus, Dembe.","7","14","Twamie Ullulaq","Reddington comments on their failed location attempt, using a theatrical metaphor.","Transcript S07E14","ClaudeMiner","Dembe","humor; wisdom; crime","one-liner","3"
"Cooper says we blur the line between right and wrong so often we can't see it clearly anymore. I disagree, I find you increasingly clear-eyed.","7","15","Gordon Kemp","Comforting Elizabeth after she betrayed Cooper's trust by tipping him off, acknowledging her moral clarity.","Transcript S07E15","ClaudeMiner","Lizzie","truth; loyalty; morality","emotional","5"
"Now, I understand it can be hard to see tragedy for what it is until that tragedy befalls you or a loved one. Well, I'm here to tell you it's happening to you.","7","15","Gordon Kemp","Explaining that Kemp will soon experience the violence his guns enable.","Transcript S07E15","ClaudeMiner","Gordon Kemp","revenge; death; justice","monologue","4"
"She'd just been accepted to college. The girl, Sophia. Had her whole life ahead of her. All the good and all the bad. The triumphs and mistakes, gone. Like a story erased.","7","15","Gordon Kemp","Explaining why he killed a robber at a mini-mart and why he holds Gordon Kemp responsible.","Transcript S07E15","ClaudeMiner","Lizzie","death; loss; regret","emotional","4"
"To being on the same side. At long last.","7","15","Gordon Kemp","Raising a glass after learning Elizabeth has been secretly investigating him, signaling a new understanding between them.","Transcript S07E15","ClaudeMiner","Lizzie","loyalty; trust; identity","emotional","4"
"There's no luck in Three-card Monte. It's a sucker's game. And we are the ones being hustled.","7","15","Gordon Kemp","Realizing the FBI's three-truck decoy is a trick to outmaneuver him.","Transcript S07E15","ClaudeMiner","Heddie","wisdom; crime; survival","wisdom","4"
"How did Dickens put it? If the law says that, then the law's an ass.","7","15","Gordon Kemp","Cooper says the law allows Kemp to ship guns; Reddington dismisses the law with literary wit.","Transcript S07E15","ClaudeMiner","Cooper","justice; wisdom; morality","one-liner","4"
"In my world, there are no laws to hide behind. You can act in bad faith, as long as you're willing to face the consequences. What consequences? The wrath of men like me.","7","15","Gordon Kemp","Confronting Kemp in his office, delivering a philosophical threat about justice outside the law.","Transcript S07E15","ClaudeMiner","Gordon Kemp","justice; power; revenge; morality","threat","5"
"Elizabeth, please. Let me get these guns. Hell, we'll sink the truck in a lake somewhere.","7","15","Gordon Kemp","Pleading with Elizabeth to reveal which truck carries the real guns so he can stop them.","Transcript S07E15","ClaudeMiner","Lizzie","justice; revenge; morality","emotional","4"
"He knows. He just doesn't care.","7","16","Nyle Hatcher","Cooper suggests Reddington should let the FBI handle the smugglers; Reddington dismisses the idea.","Transcript S07E16","ClaudeMiner","Harold Cooper","power; crime; rebellion","one-liner","4"
"People close to me are often in harm's way. Dembe's imam is not close to you. No. But Dembe is.","7","16","Nyle Hatcher","Reddington acknowledges his guilt over the imam's kidnapping because it affects Dembe.","Transcript S07E16","ClaudeMiner","Elizabeth Keen","loyalty; family; sacrifice","emotional","4"
"I wouldn't be much of a shepherd if I didn't know the hearts and minds of my flock.","7","16","Nyle Hatcher","Reddington responds to Cooper's surprise that he knows about the Task Force's interest in Ilya Koslov.","Transcript S07E16","ClaudeMiner","Harold Cooper","wisdom; power; trust","wisdom","4"
"That's what's so nice about us finally being on the same side of things, same agenda. No subterfuge. What you want, I want.","7","16","Nyle Hatcher","Reddington agrees to let Elizabeth investigate a cold case, commenting on their newfound harmony.","Transcript S07E16","ClaudeMiner","Elizabeth Keen","trust; family; loyalty","emotional","3"
"On the contrary, I think you're going to tell me where they are and what they're smuggling.","7","16","Nyle Hatcher","Reddington confronts a smuggler about the missing imam and Syrian shipments.","Transcript S07E16","ClaudeMiner","Costas Korba","power; crime","threat","3"
"Did you know these cows that gave up their lives to be here today grew up on the island of Shodoshima? And let me tell you, those cows had it good. Frolicking over sun-dappled hillsides, dining on olive peels from Japan's oldest plantation. I'm told one cow can sell for $40,000, $50,000 wholesale. Rounding down, I'm probably looking at 30 quarters. Given the average rate of cooling, once I kill the AC, you've probably got, what, 45 minutes before your half a million dollars of umami-flavored goodness will be worth less than a shinbone.","7","16","Nyle Hatcher","Reddington threatens a smuggler by describing the value of his wagyu beef and then turning off the air conditioning to spoil it.","Transcript S07E16","ClaudeMiner","Costas Korba","crime; power; humor","threat","5"
"I don't think whoever did this is interested in extremists or clerics and refugees. I think they're interested in me.","7","16","Nyle Hatcher","Reddington speculates that the imam's kidnapping is a personal attack on him.","Transcript S07E16","ClaudeMiner","Elizabeth Keen","identity; revenge; power","wisdom","3"
"A man's life is more important than a man's secrets. Some lives are built on secrets. And when they are revealed, the life they're built on ends as well.","7","17","Brothers","Trying to help Dembe see the impossible choice between betraying Red and letting the imam die.","Transcript S07E17","ClaudeMiner","Dembe","loyalty; truth; sacrifice","wisdom","5"
"This is not your fault. Do you hear me, son? You are not to blame.","7","17","Brothers","Comforting Dembe after the imam's abduction and Dembe's impossible choice.","Transcript S07E17","ClaudeMiner","Dembe","loyalty; family; regret","emotional","4"
"Faith in false prophets is worse than no faith at all.","7","17","Brothers","Telling Dembe about the dangers of misplaced faith while they discuss the imam's abduction.","Transcript S07E17","ClaudeMiner","Dembe","faith; wisdom; truth","wisdom","4"
"There will be more choices for you to make. Between you and him.","7","17","Brothers","Telling Dembe that more impossible choices lie ahead between loyalty to Red and his own conscience.","Transcript S07E17","ClaudeMiner","Dembe","loyalty; sacrifice; fate","emotional","4"
"I love a good locked-door mystery. Where the victim is killed inside a room no one has access to. This is one better, the criminal is inside a room no one can get out of.","7","17","Brothers","Discussing the confounding case of Arturo Ruel's fingerprint at a crime scene while he's in solitary.","Transcript S07E17","ClaudeMiner","Task force","crime; wisdom","one-liner","4"
"I once lost a bundle to Al thinking he was bluffing during a hand of seven-card stud. He has the sweetest, most childlike face. But my guy Al is as serious as a heart attack.","7","17","Brothers","Threatening the disciplinary counsel with losing his client Al if he doesn't reinstate Marvin Gerard's law license.","Transcript S07E17","ClaudeMiner","Paul Wynn (Disciplinary Counsel)","wisdom; power; humor","parable","4"
"You're a lawyer, what does moral character have to do with anything?","7","17","Brothers","Sardonic comment after Marvin complains that the disciplinary counsel opposes his reinstatement on moral character grounds.","Transcript S07E17","ClaudeMiner","Marvin Gerard","humor; crime","humor","5"
"I don't think one of us can live while the other survives. She doesn't see it, or can't accept it. But her path is undeniable.","7","17","Brothers","Explaining why he's giving Lizzie his empire, saying their fates are inextricably linked.","Transcript S07E17","ClaudeMiner","Dembe","fate; sacrifice; legacy","monologue","5"
"You make it sound like she has no choice. I guess that is what I'm saying. Sometimes there is no choice.","7","17","Brothers","Dembe challenges Red's fatalism about Lizzie's path.","Transcript S07E17","ClaudeMiner","Dembe","fate; freedom; morality","wisdom","4"
"I've had the most interesting headache. Colors and images. An acid trip but with pain.","7","19","The Kazanjian Brothers","After waking from a cerebral edema collapse, he makes light of his condition.","Transcript S07E19","ClaudeMiner","Elizabeth Keen","humor; survival","humor","4"
"Happy as a seagull with a french fry.","7","19","The Kazanjian Brothers","Liz asks how he's feeling after recovering from his medical emergency.","Transcript S07E19","ClaudeMiner","Elizabeth Keen","humor; wisdom","humor","4"
"I'm never dishonest, only withholding.","7","19","The Kazanjian Brothers","Over lunch, Reddington defends his evasiveness about Maddy Tolliver and his own identity.","Transcript S07E19","ClaudeMiner","Elizabeth Keen","truth; identity; wisdom","one-liner","5"
"Specialty of the house. I'm never dishonest, only withholding.","7","19","The Kazanjian Brothers","Reddington replies when Liz asks if the truth is on the menu at the restaurant.","Transcript S07E19","ClaudeMiner","Elizabeth Keen","truth; identity; wisdom","one-liner","4"
"What I've given her is an education on how people think what they want and what they're willing to do to get it.","8","1","Roanoke","Cooper blames Red for Liz's betrayal, Red defends his actions.","Transcript S08E01","ClaudeMiner","Cooper","wisdom; morality; power","monologue","4"
"A daughter's need for her mother's approval is nature's most powerful force.","8","1","Roanoke","Explaining how he got Liz to wear a wire for him.","Transcript S08E01","ClaudeMiner","Cooper","family; power; wisdom","wisdom","4"
"Forgive me for not seeing you out. You've never seen me out.","8","1","Roanoke","Cooper dismisses Red from the Post Office; Red points out the lie.","Transcript S08E01","ClaudeMiner","Cooper","humor; power","one-liner","4"
"Oh, I think you do. You may not want to. You and I both may not like what it looks like, but we both recognize it for what it is: her destiny.","8","1","Roanoke","Cooper says he doesn't recognize Liz anymore; Red says it's her destiny.","Transcript S08E01","ClaudeMiner","Cooper","identity; destiny; morality","wisdom","5"
"Of course not. I'm a criminal. Criminals are notorious liars.","8","1","Roanoke","Liz asks if she should believe his story about N-13.","Transcript S08E01","ClaudeMiner","Liz","truth; identity; morality","one-liner","5"
"Ah. Like France guarding the Maginot Line during the Blitzkrieg.","8","1","Roanoke","Commenting on Katarina's formidable but ultimately futile tactics.","Transcript S08E01","ClaudeMiner","Dembe","wisdom; humor","one-liner","4"
"Don't look so disgruntled, Agent Fredrick. I don't bite. Unless you ever utter my name. In which case, I'll gut you like a fish and feed you to the lobsters.","8","1","Roanoke","Threatening an FBI agent after being moved to a new location.","Transcript S08E01","ClaudeMiner","Agent Fredrick","humor; power; threat","threat","5"
"I've given you my answer every time you've asked. That you don't lie. You just withhold. That I have things that are mine and no one else's.","8","1","Roanoke","Liz questions his evasiveness about her mother's motives.","Transcript S08E01","ClaudeMiner","Liz","truth; trust; identity","wisdom","4"
"I knew it. And I let it happen anyway.","8","1","Roanoke","Admitting he knew this day might come but allowed it to happen anyway.","Transcript S08E01","ClaudeMiner","Dembe","regret; sacrifice; destiny","emotional","5"
"I lost her, Dembe. We lost her. I lost her.","8","1","Roanoke","After learning Liz helped Katarina abduct Dom and has gone rogue.","Transcript S08E01","ClaudeMiner","Dembe","loss; sacrifice; regret","emotional","5"
"You're probably right. Dom's dead, Dembe. He's dead. And she's gone. She knows everything. So we have to find her.","8","2","Katarina Rostova: Conclusion","Reddington admits responsibility for Dom's death after Katarina escapes, showing rare vulnerability.","Transcript S08E02","ClaudeMiner","Dembe","death; guilt; loyalty","emotional","5"
"When it's over, I'll look up and see what remains. If there are any bridges, I'll cross them when I get there.","8","2","Katarina Rostova: Conclusion","Reddington cryptically tells Cooper he will deal with the consequences of his actions later.","Transcript S08E02","ClaudeMiner","Harold Cooper","wisdom; fate","wisdom","4"
"Do forgive me, Harold, but I'm a little busy at the moment. I know what you're doing, and I'm calling to tell you to stop! You're angry. That's understandable. I would be, too, if my agent snuck away to have a secret meeting with the woman my task force was searching for.","8","2","Katarina Rostova: Conclusion","Reddington dismisses Cooper's call while tracking Katarina, sarcastically acknowledging Cooper's frustration.","Transcript S08E02","ClaudeMiner","Harold Cooper","humor; betrayal","humor","3"
"You're N-13, aren't you? You framed me. You fed me to Townsend as a patsy, and Dominic knew and helped you do it.","8","2","Katarina Rostova: Conclusion","Katarina accuses Reddington of being N-13 and framing her, leading to a tense exchange.","Transcript S08E02","ClaudeMiner","Katarina Rostova","betrayal; identity; truth","emotional","5"
"Dom set me up, led me to what was supposed to be my public slaughter. Think what you want, but I won't be shedding any tears for that monster.","8","2","Katarina Rostova: Conclusion","Reddington justifies his lack of remorse for Dom's death, revealing Dom's betrayal.","Transcript S08E02","ClaudeMiner","Katarina Rostova","betrayal; revenge; death","emotional","4"
"Well done, William. You won't survive this. I appreciate your concern. Oddly enough, I was about to say the same thing to you.","8","2","Katarina Rostova: Conclusion","Reddington and Heidegger exchange threats before their confrontation.","Transcript S08E02","ClaudeMiner","William Heidegger","threat; power","threat","4"
"I mean that if this were the high-school prom, she'd be the pretty loner standing on the sidelines and you'd be the second-string quarterback guzzling down the punch, hoping to cop a feel off her during 'Stairway to Heaven.'","8","2","Katarina Rostova: Conclusion","Reddington taunts Ressler about his blind spot for Elizabeth with a vivid prom analogy.","Transcript S08E02","ClaudeMiner","Donald Ressler","humor; manipulation","humor","4"
"You're a good man, Eduardo. And I'm glad you didn't clock me with the tire iron. I was thinking, 'Boy, that's really gonna hurt.'","8","2","Katarina Rostova: Conclusion","Reddington forgives Eduardo after threatening him, showing his mercurial nature.","Transcript S08E02","ClaudeMiner","Eduardo","wisdom; forgiveness","wisdom","3"
"If you're not gonna hit me, you could at least say something hurtful. I mean, how am I supposed to deal with this? You're so plaintive, I feel like I should apologize for your betrayal.","8","2","Katarina Rostova: Conclusion","Reddington sarcastically mocks Eduardo's lack of aggression during their confrontation.","Transcript S08E02","ClaudeMiner","Eduardo","humor; betrayal","humor","3"
"Take a swing, Eduardo. Go ahead. This is what you wanted. Take your best shot. Because I assure you, if you don't, I will.","8","2","Katarina Rostova: Conclusion","Reddington confronts Eduardo for betraying him, offering him a chance to fight before threatening retaliation.","Transcript S08E02","ClaudeMiner","Eduardo","betrayal; threat; power","threat","4"
"Oh, come on, Harold. We've been over this. She's gone way too far. Felony abduction. Very possibly torture. Hell, she could kill the old son of a bitch.","8","2","Katarina Rostova: Conclusion","Reddington argues with Cooper about Elizabeth's extreme actions to get answers.","Transcript S08E02","ClaudeMiner","Harold Cooper","crime; justice","wisdom","3"
"Careful, Masha. Say 'N-13' around the wrong person at the wrong time, and you won't live to regret it.","8","2","Katarina Rostova: Conclusion","Reddington warns Elizabeth about the danger of the name N-13 after she confronts her mother.","Transcript S08E02","ClaudeMiner","Lizzie","danger; secrecy; survival","threat","4"
"I'm terribly sorry about the theatrics, Eduardo. I should have known better. I do hope I haven't made you too uncomfortable. Take Kate to Argonne. Have dinner, a few laughs. I hear Chef Gilbert does a ris de veau that'll make your toes curl.","8","2","Katarina Rostova: Conclusion","Reddington apologizes for his outburst and recommends a fine dining experience, showcasing his sophisticated wit.","Transcript S08E02","ClaudeMiner","Eduardo","humor; forgiveness","humor","4"
"You won't kill me. You can't. Why is that? Because Elizabeth would never forgive you.","8","2","Katarina Rostova: Conclusion","Katarina tries to manipulate Reddington by invoking Elizabeth's love for her.","Transcript S08E02","ClaudeMiner","Reddington","manipulation; family; love","emotional","4"
"What if I promised never to tell a soul what I've learned? Well, that would be the last lie you ever told.","8","2","Katarina Rostova: Conclusion","Reddington dismisses Katarina's offer of silence, implying he will kill her.","Transcript S08E02","ClaudeMiner","Katarina Rostova","threat; deception","threat","4"
"I could've helped you the way I always have, kept you one step ahead. But staying safe wasn't enough. You needed answers. Well, now you have them. And now they've destroyed you.","8","2","Katarina Rostova: Conclusion","Reddington reflects on Elizabeth's quest for truth leading to her destruction.","Transcript S08E02","ClaudeMiner","Lizzie","truth; consequences; wisdom","wisdom","5"
"We have to do everything in our power to prevent that from happening.","8","3","16 Ounces","Reddington insists they must stop Elizabeth from committing an irreparable act, leading to putting her on the Blacklist.","Transcript S08E03","ClaudeMiner","Harold Cooper","family; morality; protection","emotional","3"
"What a terrible waste of your life.","8","3","16 Ounces","Reddington tells Liz her obsession with killing him is a waste, after she vows to end him.","Transcript S08E03","ClaudeMiner","Elizabeth Keen","revenge; morality; regret","threat","4"
"It's just a part of life--watching the generation ahead of you, the people you care about, grow old... at some point, you start to... do the mental work necessary to prepare yourself for the inevitable. And yet, I'm afraid I stand here, Marvin, woefully unprepared.","8","3","16 Ounces","","Manual Input","ManualIngest",,,,
"By putting Elizabeth Keen at the top of the Blacklist.","8","3","16 Ounces","Reddington finalizes his decision to target Elizabeth to prevent her from destroying herself.","Transcript S08E03","ClaudeMiner","Harold Cooper","betrayal; morality; family","one-liner","5"
"Okay. So today she opposes me, maybe tomorrow. But not forever. Look at Dom and I. There were years when he hated me. Many more bad years than good. And yet, in the end, we found our way to each other.","8","3","16 Ounces","Reddington defends leaving his inheritance to Elizabeth despite her betrayal, using his relationship with Dom as an example of reconciliation.","Transcript S08E03","ClaudeMiner","Marvin Gerard","loyalty; family; trust","wisdom","4"
"It's just a part of life. Watching the generation ahead of you, the people you care about grow old. At some point, you start to do the mental work necessary to prepare yourself for the inevitable. And yet I'm afraid I stand here, Marvin, woefully unprepared.","8","3","16 Ounces","Reddington laments the impending death of Dom, admitting he can't prepare for the loss despite knowing it's part of life.","Transcript S08E03","ClaudeMiner","Marvin Gerard","death; wisdom; family","emotional","4"
"Admit it. When you thought I was gone, you realized how dull life would be without me.","8","3","16 Ounces","Reddington taunts Liz on the phone after surviving her bombing attempt.","Transcript S08E03","ClaudeMiner","Elizabeth Keen","humor; survival","humor","3"
"I know what you saw. And it wasn't everything you thought you saw.","8","3","16 Ounces","Reddington tries to convince Liz that the murder of her mother wasn't what it appeared, setting up the larger deception.","Transcript S08E03","ClaudeMiner","Elizabeth Keen","truth; identity","one-liner","3"
"You mock the FBI for being conflicted about arresting someone they love, but you love her, too, and I'm not sure you want her arrested, either.","8","4","Elizabeth Keen","Dembe confronts Reddington about his true feelings regarding Elizabeth, questioning if he wants her caught or not.","Transcript S08E04","ClaudeMiner","Dembe","family; truth; loyalty","emotional","5"
"I didn't have a plan.","8","4","Elizabeth Keen","Reddington responds to Dembe's accusation that he planned for Elizabeth to see him shoot her mother.","Transcript S08E04","ClaudeMiner","Dembe","truth; identity; regret","emotional","4"
"Like a lion in winter I am both diminished and dangerous. As anyone who offers to help Elizabeth will quickly find out.","8","4","Elizabeth Keen","Reddington tells Ruddiger he's still dangerous despite his illness, after being asked about his health.","Transcript S08E04","ClaudeMiner","Ruddiger","power; survival; morality","threat","4"
"I'm loyal to principle, not country. And the first principle I'm loyal to is loyalty.","8","4","Elizabeth Keen","Reddington defends his loyalty after being called a traitor by Elizabeth.","Transcript S08E04","ClaudeMiner","Ruddiger","loyalty; morality; identity","wisdom","5"
"In the old days, drug cocktails were decidedly more appealing.","8","4","Elizabeth Keen","Reddington makes a dry comment about a medical treatment he's taking.","Transcript S08E04","ClaudeMiner","Dembe","humor; survival","humor","3"
"If the criminals you've arrested start getting released, you'll need more protection than a pair of teens in the back of papa's car.","8","5","Fribourg Confidence","Reddington warns Cooper of the fallout if Veseli is released.","Transcript S08E05","ClaudeMiner","Harold Cooper","crime; survival","threat","3"
"No one could've done what you've done. Yet here you are, steaming up like a tea kettle, and I want to know why.","8","5","Fribourg Confidence","Reddington presses Cooper to reveal what's troubling him about Keen's situation.","Transcript S08E05","ClaudeMiner","Harold Cooper","power; trust","wisdom","3"
"Sins, stones and glass houses, Harold. Neither of us have played fair with the other. Now, seeing as how your job description is to play fair and mine is to not, then an argument could be made that you're more at fault than I, but why quibble?","8","5","Fribourg Confidence","Reddington deflects blame for not sharing information about the photos sooner.","Transcript S08E05","ClaudeMiner","Harold Cooper","betrayal; wisdom","wisdom","4"
"You don't find many swans swimming in the sewer.","8","5","Fribourg Confidence","Reddington (via Cooper/Panabaker) comments on the judge's disgust at working with Reddington.","Transcript S08E05","ClaudeMiner","Judge (during proffer)","wisdom; morality","one-liner","4"
"With all due respect? What an absurd little qualifier. Why do people insist on stating their deference right before undercutting it with a mildly disrespectful provocation?","8","5","Fribourg Confidence","Reddington rebukes Carl for using 'with all due respect' before contradicting him about the security failure.","Transcript S08E05","ClaudeMiner","Carl","wisdom; humor","wisdom","4"
"Thank you, Carl. Now, with all due respect, your cologne is beginning to make my eyes water.","8","5","Fribourg Confidence","Reddington dismisses Carl with a sarcastic remark about his cologne after the bank robbery.","Transcript S08E05","ClaudeMiner","Carl","humor","humor","3"
"I know you. How you operate. The way you handle Reddington, letting him think he's handling you. The velvet shiv you use to get your agents to do what you need in a way that makes them feel like they can do what they want. Harold, you are a wonder to behold.","8","5","Fribourg Confidence","Reddington praises Cooper's manipulative leadership style during a tense moment.","Transcript S08E05","ClaudeMiner","Harold Cooper","power; wisdom","wisdom","4"
"I didn't know you had a daughter. I did once, but not anymore.","8","5","Fribourg Confidence","Reddington responds with regret after learning Abraham's daughter is the thief.","Transcript S08E05","ClaudeMiner","Abraham Moores","family; regret","emotional","4"
"I was once held captive by the Shining Path. Three months of unrelenting heat and humidity in the Peruvian jungle, mixed with the occasional round of electroshock. All in all, it was a rather unpleasant experience but for my cellmate, a delightfully monkish, bookish, Polish aid worker, who was also inexplicably something of a handwriting expert. While fending off the daily onslaught of rhinoceros beetles, he would hold forth on why a child's handwriting is often nearly identical to that of at least one, if not a little of both of his or her parents' handwriting.","8","5","Fribourg Confidence","Reddington tells a parable to explain why he knows the robber is Abraham Moores' daughter.","Transcript S08E05","ClaudeMiner","Jennifer Moores","wisdom; identity","parable","5"
"I'm fairly confident we haven't heard the last of Agent Keen.","8","5","Fribourg Confidence","Reddington assures Aram that Elizabeth will resurface after she flees.","Transcript S08E05","ClaudeMiner","Aram","identity; legacy","wisdom","3"
"I wish more people were unafraid like Glen. It's the thing about him I'll miss the most.","8","6","The Wellstone Agency","Reddington concludes his eulogy for Glen, reflecting on what made him special.","Transcript S08E06","ClaudeMiner","Huey Lewis","death; regret","emotional","4"
"I'll never ask for your help. And yet here I am asking for yours.","8","6","The Wellstone Agency","Reddington asks Park for help with the Wellstone Agency, acknowledging the irony of his request.","Transcript S08E06","ClaudeMiner","Agent Park","trust; survival","humor","3"
"People often hide from me. Glen was good at finding them.","8","6","The Wellstone Agency","Reddington explains why he cared about Glen, revealing Glen's unique skill and value to him.","Transcript S08E06","ClaudeMiner","Huey Lewis","loyalty; survival","wisdom","4"
"They gave the devil his day in court and invented simultaneous translation to do it.","8","6","The Wellstone Agency","Reddington talks about the Nuremberg trials and the origin of the Wellstone Agency during a case briefing.","Transcript S08E06","ClaudeMiner","Agent Park","justice; history; crime","wisdom","4"
"It's a luxury to stand on the moral high ground and critique those of us on the low ground. A lot of people do exactly that. Until they need my help.","8","6","The Wellstone Agency","Reddington responds to Park's moralizing after she criticizes his methods.","Transcript S08E06","ClaudeMiner","Agent Park","morality; power; survival","wisdom","5"
"Glen was not afraid. He wasn't afraid of judgment. Of being wrong. He wasn't afraid of friendship. Or romance. A bad joke. A good laugh. He was never afraid of a good time. Or bad timing. Or consequences. Or of an impossible task. Or any kind of danger. And he certainly wasn't afraid of me. Ever. No matter how hard or unfair life was to Glen, Glen loved life back. He embraced it without reservation, regret, or remorse. And that is rare.","8","6","The Wellstone Agency","Reddington delivers the heartfelt eulogy for Glen at his memorial potluck, describing his fearlessness and zest for life.","Transcript S08E06","ClaudeMiner","Huey Lewis","death; wisdom; legacy","emotional","5"
"Why is it the really wealthy always want to own a restaurant? I'm sure for some it has a lot to do with glad-handing and backslapping. For me, it was sort of a friend in need. Now it's a project.","8","6","The Wellstone Agency","Reddington explains to Park why he owns a restaurant, revealing a personal motive of helping a friend.","Transcript S08E06","ClaudeMiner","Agent Park","wisdom; power; trust","wisdom","3"
"The first thing we do, let's kill all the lawyers.","8","7","Chemical Mary","Quoting Shakespeare to threaten a corrupt lawyer.","Transcript S08E07","ClaudeMiner","Attorney Scooter","justice; revenge; power","threat","4"
"Oh, the goings-on at the border. One side builds, the other shuts down. They hide, they seek, they come, they go. It's all so Tom and Jerry.","8","7","Chemical Mary","Commenting on the cyclical nature of border smuggling after hearing a tunnel was shut down.","Transcript S08E07","ClaudeMiner","Rogelio","humor; crime; survival","humor","3"
"My goodness, and the world thinks I'm a criminal.","8","7","Chemical Mary","After sarcastically detailing how a lawyer might bill for masturbation on a plane.","Transcript S08E07","ClaudeMiner","Attorney Scooter","humor; crime","humor","4"
"I think you understand Elizabeth, probably more than you want to.","8","7","Chemical Mary","Reddington discusses Elizabeth's motivations and Dembe's insight into her.","Transcript S08E07","ClaudeMiner","Dembe","family; truth; wisdom","wisdom","3"
"So Elizabeth conducted an operatic performance. Getting an assassin out of prison, elaborately sabotaging a commercial airliner, only to snatch her target from the jaws of death at the last second.","8","7","Chemical Mary","Analyzing Elizabeth's complex plan to gain Chemical Mary's trust.","Transcript S08E07","ClaudeMiner","Harold Cooper","truth; power; betrayal","wisdom","4"
"Tomorrow's problem. Tonight, we savor the small victory.","8","7","Chemical Mary","After stopping the plane crash and capturing the Freelancer, Reddington chooses to enjoy the moment.","Transcript S08E07","ClaudeMiner","Dembe","survival; wisdom; justice","wisdom","4"
"I'll bet you nickels to navy beans the only way it comes down is in pieces.","8","7","Chemical Mary","Predicting the Freelancer's plan to crash Chemical Mary's plane.","Transcript S08E07","ClaudeMiner","Harold Cooper","crime; survival; truth","wisdom","4"
"You went to prison because you were caught doing a job I hired you to do. Don't blame me for your failed cut-and-run.","8","7","Chemical Mary","Rejecting Veseli's resentment for his imprisonment.","Transcript S08E07","ClaudeMiner","Alban Veseli (Freelancer)","betrayal; survival; justice","wisdom","3"
"That's what ordinary people do. You should try it sometime, an ordinary life. It's really quite extraordinary.","8","8","Ogden Greeley","Reddington reflects on Cooper's simple life with Charlene after he turned down the Senate.","Transcript S08E08","ClaudeMiner","Harold Cooper","wisdom; freedom; family","wisdom","5"
"He was right. Because of our relationship, Warwick assumed I'd be morally ambiguous. He assumed wrong. Did he? I'm not so sure. You accept that the world is gray. That's a virtue, not a vice.","8","8","Ogden Greeley","Reddington reassures Cooper about his moral flexibility being a strength after Cooper lost the Senate appointment.","Transcript S08E08","ClaudeMiner","Harold Cooper","morality; truth; identity","wisdom","4"
"Because you put up with me, who I am, what I do. Because at times you look the other way. I choose the greater good.","8","8","Ogden Greeley","Reddington explains why the governor might see Cooper as morally ambiguous due to their association.","Transcript S08E08","ClaudeMiner","Harold Cooper","morality; loyalty; truth","wisdom","3"
"Apparently, I have a phenomenally high criminal credit score.","8","8","Ogden Greeley","Reddington jokes about his ability to raise capital to buy Greeley's intel.","Transcript S08E08","ClaudeMiner","Ogden Greeley","humor; crime","humor","3"
"A moment's peace and an afternoon of freedom are rewards that far outweigh the risk.","8","8","Ogden Greeley","Reddington defends enjoying a carefree day with Anne despite Dembe's warning about being unguarded.","Transcript S08E08","ClaudeMiner","Dembe","freedom; sacrifice; survival","wisdom","4"
"You could have made a promise that you never intended to keep and become a United States senator. But you didn't. Because your word is your bond. Very few people can say that.","8","8","Ogden Greeley","Reddington praises Cooper for his integrity in not lying to get the Senate seat.","Transcript S08E08","ClaudeMiner","Harold Cooper","loyalty; trust; morality","emotional","4"
"Consider the arms dealer who is conducting business in a war zone, or the cartel leader who's personally delivering a ransom. One might dream up any number of dicey and dangerous situations in which criminals would fear for their lives. Cyranoids are the solution. They're paid surrogates offering a physical likeness of their employer while broadcasting the experience to said employer.","8","9","The Cyranoid","Reddington elaborates on how criminals use Cyranoids.","Transcript S08E09","ClaudeMiner","Harold Cooper and Cynthia Panabaker","crime; wisdom","monologue","3"
"A play on a play. Cyrano de Bergerac, in which the homely but clever poet woos the lovely Roxane by speaking through a handsome intermediary. A timeless tale, perfectly adapted to the criminal world.","8","9","The Cyranoid","Reddington explains the concept of a Cyranoid to the confused task force.","Transcript S08E09","ClaudeMiner","Harold Cooper and Cynthia Panabaker","wisdom; crime","parable","4"
"Why so glum, Harold? You all look like you're in a Bergman film playing chess with death.","8","9","The Cyranoid","Reddington arrives at the Post Office and observes the somber mood of the task force.","Transcript S08E09","ClaudeMiner","Harold Cooper","humor; wisdom; death","one-liner","4"
"You don't understand Agent Keen, what she's been through, the incredible burden Reddington placed on her. If you knew the whole story, if you knew half of it, you'd be as amazed as I am that she's behaved as well as she has. I never could have. I don't know anyone who could.","8","9","The Cyranoid","Reddington defends Elizabeth's actions to Panabaker.","Transcript S08E09","ClaudeMiner","Cynthia Panabaker","loyalty; morality; sacrifice","emotional","4"
"Where's the line, Harold? The bright light. The demarcation between what you won't stand for and what you'll let slide, even as it rots your soul. If I had a quarter for every time I've asked myself that question...","8","9","The Cyranoid","Reddington reflects on moral boundaries after the day's events.","Transcript S08E09","ClaudeMiner","Harold Cooper","morality; justice; trust","wisdom","5"
"Life is full of little surprises, isn't it? Imagine mine when I learned Rostova wasn't responsible for the death of my family.","8","9","The Cyranoid","Townsend calls Reddington to confront him about a recording.","Transcript S08E09","ClaudeMiner","Neville Townsend","truth; betrayal","wisdom","3"
"Something tells me the canary just ate the cat.","8","9","The Cyranoid","After explaining the Cyranoid concept, Reddington suggests the situation has been flipped on its head.","Transcript S08E09","ClaudeMiner","Harold Cooper","humor; wisdom","one-liner","4"
"You're an extremely lucky young woman. But unfortunately, that's it. Last chance. Give me your location, Elizabeth. Or the next chamber is blood on your hands.","8","9","The Cyranoid","Reddington threatens to kill the Cyranoid to force Elizabeth to reveal her location.","Transcript S08E09","ClaudeMiner","Liz's Cyranoid (Miss Collins)","power; survival","threat","5"
"My apologies. Cheap trick.","8","9","The Cyranoid","After the empty gun clicks, Reddington reveals the bluff.","Transcript S08E09","ClaudeMiner","Liz's Cyranoid (Miss Collins)","humor; power","one-liner","4"
"Without pain, there can be no real pleasure. Without the lows, you have no way to measure the highs. If any part of your sadism-in-the-name-of-science is designed to improve the human condition, making us unfeeling is absolutely the wrong way of going about it.","8","10","Dr. Laken Perillos","Reddington philosophically counters Perillos' goal to eliminate pain, defending the necessity of suffering for meaning.","Transcript S08E10","ClaudeMiner","Dr. Laken Perillos","wisdom; morality; humanity","monologue","5"
"Oh, I have many 'thoughts that do often lie too deep for tears.' At the moment, the main one being to put a bullet in your forehead.","8","10","Dr. Laken Perillos","Reddington trades himself for Dembe, mixing poetry with a direct threat.","Transcript S08E10","ClaudeMiner","Neville Townsend (on phone)","power; humor; revenge","threat","5"
"I know, in this moment, it may appear self-serving to suggest that you instruct the good doctor to administer the antidote, but I strongly suggest that you do just that because I have seen the other side of that river and it's a place I never, never wanted you to go.","8","10","Dr. Laken Perillos","Reddington pleads with Liz not to let him die, warning her of the irreversible path she's on.","Transcript S08E10","ClaudeMiner","Elizabeth Keen","family; sacrifice; regret","emotional","5"
"This is gonna make killing you infinitely more pleasurable.","8","10","Dr. Laken Perillos","After a philosophical debate, Reddington delivers a cold, humorous threat as he prepares to kill her.","Transcript S08E10","ClaudeMiner","Dr. Laken Perillos","revenge; humor; death","one-liner","4"
"I've lost any perspective of what Agent Keen is capable of. I only know that we need to get Dembe back, because if he is in the hands of Perillos, it won't matter what Agent Keen wants—only how long he can survive.","8","10","Dr. Laken Perillos","Reddington expresses his fear and focus on saving Dembe from torture, acknowledging Liz's betrayal.","Transcript S08E10","ClaudeMiner","Donald Ressler","loyalty; survival; trust","emotional","4"
"Of course I admire your chutzpah. But I can't help but think that if I know you're stealing from Townsend, it's just a matter of time.","8","10","Dr. Laken Perillos","Reddington exposes and threatens a money launderer with dark amusement.","Transcript S08E10","ClaudeMiner","Bobby (the money launderer)","betrayal; power; survival","threat","3"
"I once dropped acid with Allen Ginsberg. We spent a glorious afternoon in SoHo just tumbling. I know what you want, but I can't help you. I miss that gentleness.","8","10","Dr. Laken Perillos","Reddington recalls a story to deflect a request he can't fulfill, showing his characteristic storytelling and nostalgia.","Transcript S08E10","ClaudeMiner","unknown (possibly an associate or contact on the phone)","wisdom; regret; freedom","parable","4"
"That's a mistake. No. It's a tragedy.","8","10","Dr. Laken Perillos","Reddington corrects Cooper's word choice about the arrest warrant for Elizabeth Keen, emphasizing the deeper emotional weight.","Transcript S08E10","ClaudeMiner","Harold Cooper","family; truth; tragedy","emotional","5"
"You know what they call a money launderer who can't be trusted? A bad investment.","8","10","Dr. Laken Perillos","Reddington dismisses the corrupt money launderer after getting the information he needs.","Transcript S08E10","ClaudeMiner","Bobby","crime; humor; morality","one-liner","4"
"I prefer to have my pain ignored than have no pain at all. Without pain there can be no real pleasure. Without the lows, you have no way to measure the highs.","8","10","Dr. Laken Perillos","Bulk Ingest","Manual Input","ManualIngest",,,,
"Without pain there can be no real pleasure. Without the lows you have no way to measure the highs.","8","10","Dr. Laken Perillos","","https://multiple-sources","WebResearch",,,,
"I have many thoughts that do often lie too deep for tears. At the moment, the main one being to put a bullet in your forehead.","8","10","Dr. Laken Perillos","Bulk Ingest","Manual Input","ManualIngest",,,,
"No, Harold. You think you know. You have pieces of a puzzle that you think you can solve. But as I am the puzzle, I know that you can't.","8","11","Captain Kidd","Reddington tells Cooper he can't understand the truth about him.","Transcript S08E11","ClaudeMiner","Harold Cooper","truth; identity; wisdom","wisdom","5"
"She's an apparition. A ghost who leaves clues in the night but is gone by morning.","8","11","Captain Kidd","Reddington describes Elizabeth Keen's elusive behavior.","Transcript S08E11","ClaudeMiner","Harold Cooper","identity; truth","one-liner","4"
"How about I break your jaw, wire it shut and force-feed blended cheeseburgers into your belly until you burst?","8","11","Captain Kidd","Reddington threatens Patterson for being ungrateful and out of line.","Transcript S08E11","ClaudeMiner","Andrew Patterson (Rakitin)","power; humor; threat","threat","5"
"Now, please, go away before this becomes decidedly more uncivil.","8","11","Captain Kidd","Reddington dismisses Patterson after threatening him.","Transcript S08E11","ClaudeMiner","Andrew Patterson (Rakitin)","power; humor","one-liner","4"
"I am not a traitor to this country, and I do not divulge sensitive intelligence to this country's enemies.","8","11","Captain Kidd","Reddington denies being a Russian spy, defending his loyalty to the U.S.","Transcript S08E11","ClaudeMiner","Harold Cooper","truth; morality; identity","emotional","4"
"Somehow I don't find your fevered disposition to be infectious, Andrew.","8","11","Captain Kidd","Reddington dismisses Patterson's panic about being tailed by the FBI.","Transcript S08E11","ClaudeMiner","Andrew Patterson (Rakitin)","power; humor","one-liner","4"
"Harold, this — all of it — is between her and me. She and I may not agree on much, but I'm sure we agree on this: Neither of us would be able to forgive ourselves if our problems caused you to become collateral damage.","8","11","Captain Kidd","Reddington warns Cooper to stay out of his conflict with Elizabeth.","Transcript S08E11","ClaudeMiner","Harold Cooper","loyalty; sacrifice; family","emotional","3"
"Now I'll make you the same generous offer. If you talk, when we're done here, I won't go and visit Charlene. Or your son.","8","12","Rakitin","Reddington threatens Rakitin's family to force his cooperation.","Transcript S08E12","ClaudeMiner","Rakitin","family; threat; survival","threat","4"
"I warned you, Harold. I explicitly told you that pursuing this could prove to be deadly. And I told you I'm not afraid of your threats. But you should be afraid.","8","12","Rakitin","Reddington reminds Cooper he warned him not to pursue Rakitin, after Rakitin is killed.","Transcript S08E12","ClaudeMiner","Harold Cooper","threat; power; survival","threat","4"
"I once knew a team of Chechens. All seven had a ricin bean embedded in a hollowed-out rear molar.","8","12","Rakitin","Reddington suggests a far-fetched theory for Rakitin's poisoning to deflect suspicion.","Transcript S08E12","ClaudeMiner","Harold Cooper","humor; wisdom; survival","parable","5"
"Second time I've heard that today. The Congressman asked me the same question.","8","12","Rakitin","Reddington responds with dark humor when Rakitin asks why he should talk since he'll be killed anyway.","Transcript S08E12","ClaudeMiner","Rakitin","humor; death; wisdom","humor","3"
"Perhaps not. The outcome is uncertain. Sadly, you won't get to see how it ends.","8","12","Rakitin","Reddington is threatening the congressman, telling him he won't live to see the outcome of his defiance.","Transcript S08E12","ClaudeMiner","Congressman Russ Friedenberg","threat; death; power","threat","4"
"You're spinning too many plates. If we're lucky, the curtain'll close before anyone sees them come crashing down.","8","12","Rakitin","Reddington acknowledges the precariousness of his many schemes and deceptions.","Transcript S08E12","ClaudeMiner","Dembe","wisdom; survival; humor","wisdom","4"
"You do not have my authorization, which means whatever pain you inflict on Director Cooper will be revisited upon you tenfold. Are we clear?","8","12","Rakitin","Reddington delivers an elegant threat to an SVR operative torturing Cooper.","Transcript S08E12","ClaudeMiner","Eastern Friend's agent","loyalty; power; revenge","threat","4"
"I don't give a damn who you work for. The next time you threaten me with the full weight of the SVR, I'll take that thunderbolt you mentioned and crack it so far up your ass, it'll be the last thing you see or hear.","8","12","Rakitin","Reddington unleashes a furious, profane threat to an SVR handler who crossed him.","Transcript S08E12","ClaudeMiner","Eastern Friend","power; threat; revenge","threat","5"
"You've been with me a long time. And I value our friendship above most things. But we're nearing the end now. And nothing is more important than that.","8","12","Rakitin","Reddington speaks cryptically to Dembe about the approaching end of his mission.","Transcript S08E12","ClaudeMiner","Dembe","loyalty; friendship; sacrifice","emotional","5"
"You've been depressed, haven't you? Sadly, it's all too common among men who work in law enforcement.","8","12","Rakitin","Reddington mocks the staged suicide he has planned for Cooper.","Transcript S08E12","ClaudeMiner","Harold Cooper","humor; death; survival","humor","3"
"I saved you today. But what about tomorrow? Do you really think the people who Rakitin worked for will just allow you to expose them?","8","12","Rakitin","Reddington claims credit for saving Cooper's life while warning him of future dangers.","Transcript S08E12","ClaudeMiner","Harold Cooper","loyalty; survival; trust","wisdom","4"
"It was selfish of me. It put you in harm's way. It still puts you there.","8","13","Anne","Reddington acknowledges his selfishness in involving Anne.","Transcript S08E13","ClaudeMiner","Anne","regret; love; sacrifice","emotional","4"
"You were right. At the station. Us getting involved. It was selfish of me.","8","13","Anne","Reddington agrees with Anne's earlier accusation of selfishness.","Transcript S08E13","ClaudeMiner","Anne","regret; love; wisdom","emotional","3"
"I'd like to agree with you, but then we'd both be wrong.","8","13","Anne","Reddington mockingly refuses Townsend's demand to surrender.","Transcript S08E13","ClaudeMiner","Neville Townsend","humor; survival; power","one-liner","4"
"What I have to do and how I have to do it, you can't be a part of that. No one should be a part of that.","8","13","Anne","Reddington explains why he must leave Anne behind to keep her safe.","Transcript S08E13","ClaudeMiner","Anne","sacrifice; love; survival","emotional","4"
"When I'm with Anne, that's not who I am.","8","13","Anne","Reddington explains how Anne makes him forget his criminal identity.","Transcript S08E13","ClaudeMiner","Dembe","identity; love; freedom","wisdom","4"
"It may not be who you want to be. But it's always who you are.","8","13","Anne","Dembe reminds Reddington that he cannot escape his true nature.","Transcript S08E13","ClaudeMiner","Reddington","identity; truth; morality","wisdom","5"
"I never wanted to draw you into my life, Anne. I only wanted to escape into yours.","8","13","Anne","Reddington apologizes to Anne for bringing danger to her doorstep.","Transcript S08E13","ClaudeMiner","Anne","love; regret; sacrifice","emotional","5"
"I like coming home to a port. Seeing a candle burning in a window, a smiling face waiting to greet me. I never liked it before. I like it now.","8","13","Anne","Reddington reflects on his feelings for Anne after visiting her multiple times.","Transcript S08E13","ClaudeMiner","Dembe","love; wisdom; freedom","emotional","4"
"It saddens me to bear witness to this moment in your life, this crossing of a Rubicon from which you can never get back. It may appear self-serving to suggest that you instruct the good doctor to administer the antidote, but I strongly suggest that you do just that, because I've seen the other side of that river, and it's a place I never, never wanted you to go.","8","14","Misere","Reddington, poisoned, warns Elizabeth that crossing a moral line will change her forever.","Transcript S08E14","ClaudeMiner","Lizzie","morality; sacrifice; regret","monologue","5"
"Not everything you thought it would be, is it? This moment? You've waited for it and somehow, it's dissatisfying.","8","14","Misere","Reddington, having been captured and tortured by Townsend and Lizzie, calmly remarks on her anticlimactic feeling of victory.","Transcript S08E14","ClaudeMiner","Lizzie","betrayal; power; truth","wisdom","4"
"You're right. There is space for me. Between what I want and what I'm willing to do to get it. That's unacceptable.","8","14","Misere","After Townsend's attack kills innocent people, Reddington admits he's still holding back from total ruthlessness.","Transcript S08E14","ClaudeMiner","Lizzie","morality; power; sacrifice","wisdom","4"
"I'm going to give you an address. I'm not saying it's up there with a nice smile or a nice ass. But I think punctuality is sexy.","8","14","Misere","Reddington flirts with Anne, making a date to see her again.","Transcript S08E14","ClaudeMiner","Anne","humor; love","humor","3"
"Your heart can betray you. How many times have you told me that?","8","14","Misere","Reddington is in a small town, relaxed and happy with a new woman, and Dembe warns him about letting his guard down.","Transcript S08E14","ClaudeMiner","Dembe","trust; wisdom; survival","wisdom","3"
"All right. Let's hurry. I'm morbidly curious to find out what painful end Elizabeth has in store for me.","8","15","The Russian Knot","Reddington decodes the message from the Russian Knot, anticipating Elizabeth's next move.","Transcript S08E15","ClaudeMiner","Cooper","betrayal; death; survival","threat","5"
"I gave up the commission on the sale of a $20 million painting. And enraged the consigliere who entrusted me with the task. Do you really think I'd do all that just to play you, Harold?","8","15","The Russian Knot","Reddington defends his honesty about the cipher machine's operation, citing his own sacrifices.","Transcript S08E15","ClaudeMiner","Cooper","trust; sacrifice; wisdom","emotional","4"
"Histiaeus. What's to be learned from him other than tyranny and duplicity? There you have it. A history of mankind. Tyranny and duplicity.","8","15","The Russian Knot","Reddington meets with a former KGB cipher expert to discuss a hidden message, dismissing the importance of historical figures.","Transcript S08E15","ClaudeMiner","Belsky","wisdom; power; truth","wisdom","4"
"To predict the future? I don't know. At 5.99 a minute, Madame Zorba might be a bargain at twice the price.","8","15","The Russian Knot","Cooper asks if Reddington is getting leads from a psychic; Reddington jokes about a fake ad.","Transcript S08E15","ClaudeMiner","Cooper","humor; wisdom","humor","4"
"Dembe has the faith that comes from belief. All I have are questions. Why? How? What for? Was it worth it? The answer's no. Whatever the outcome, it most certainly was not.","8","15","The Russian Knot","Reddington reflects on the cost of his actions after learning about Anne's death and Elizabeth's betrayal.","Transcript S08E15","ClaudeMiner","Cooper","regret; death; loyalty","emotional","5"
"I think you have a full day. All the driving, all the plotting, all the lying. So I'm going to give you the same deal I gave myself: get some sleep.","8","15","The Russian Knot","Reddington calls Elizabeth after she decodes the Russian message ending the episode—he knows what she's been doing.","Transcript S08E15","ClaudeMiner","Elizabeth Keen","wisdom; survival; morality","wisdom","4"
"Why don't we sit, have a cup of tea, share some tawdry tales, have a laugh or two, and then we'll drive you home? You can put your head up against the glass and go to your happy place, and I can tell you what it is I have in mind.","8","15","The Russian Knot","Reddington offers Glen's mother a job with characteristic charm and indirection.","Transcript S08E15","ClaudeMiner","Paula","family; humor; survival","humor","4"
"Then you can understand why I want to remember her love and kindness. Not her connection to a criminal. I can't do that if any of this money comes from him. Can you promise me that it doesn't?","8","15","The Russian Knot","Reddington, posing as a lawyer, speaks to Anne's daughter about her inheritance, showing unexpected tenderness.","Transcript S08E15","ClaudeMiner","Emma Foster","love; family; legacy","emotional","3"
"It's not the how, Donald. It's the who.","8","16","Nicholas Obenrader","Reddington pivots the focus of the investigation from methods to the person behind a crime.","Transcript S08E16","ClaudeMiner","Donald Ressler","truth; crime; wisdom","wisdom","4"
"I'm not giving you the Good Housekeeping seal of approval, but the fact that you can do it all... I mean, I sit by my computer all day, and by 8, I'm in my pajamas, eating rainbow sherbet, watching reruns of Our Planet.","8","16","Nicholas Obenrader","Reddington acknowledges Liz's ability to juggle her fight against him and motherhood.","Transcript S08E16","ClaudeMiner","Liz Keen","family; survival; wisdom","monologue","4"
"I would think it a terrible curse to be typical.","8","16","Nicholas Obenrader","Reddington responds to Priya's comment about clients wanting her to break into safes, not meet inside them.","Transcript S08E16","ClaudeMiner","Priya Laghari","humor; wisdom; identity","one-liner","4"
"Of course, a mystery is only as good as the story around it.","8","16","Nicholas Obenrader","Reddington introduces his plan to leverage Obenrader's client list, framing it as a mystery.","Transcript S08E16","ClaudeMiner","Nicholas Obenrader","wisdom; truth; power","monologue","4"
"I can get Edward to take it up to a few thousand feet, circle back around, come in over the 18th hole, and drop you right into the grandstand. We've done it before, I'm sure we'll do it again.","8","16","Nicholas Obenrader","Reddington offers a dramatic aerial extraction, highlighting his flair and resources.","Transcript S08E16","ClaudeMiner","Thom McCarty","crime; power; humor","monologue","4"
"I've dozed off in caves and coffins, even squeezed between the inside and outside of the hull of a cargo plane, but my hand to God, I have not slept that soundly since math class.","8","16","Nicholas Obenrader","Reddington expresses sleep quality admiration to Priya, using a characteristic hyperbolic story.","Transcript S08E16","ClaudeMiner","Priya Laghari","humor; wisdom; crime","parable","4"
"I find myself in the unusual position where indiscretion is the better part of valor.","8","16","Nicholas Obenrader","Reddington justifies revealing his leverage to force Obenrader's cooperation.","Transcript S08E16","ClaudeMiner","Nicholas Obenrader","morality; power; survival","wisdom","4"
"Whoever said crime doesn't pay wasn't very good at it.","8","16","Nicholas Obenrader","Reddington justifies his wealth after promising to buy Liz a pastry shop.","Transcript S08E16","ClaudeMiner","Liz Keen","crime; humor; wisdom","one-liner","4"
"April in Paris. Have fun at the strip mall.","8","16","Nicholas Obenrader","Reddington dryly comments on Aram's assignment to a Parisian café being less glamorous than it sounds.","Transcript S08E16","ClaudeMiner","Aram Mojtabai","humor; wisdom","one-liner","4"
"Of all the things you've done, that might be one of the worst.","8","16","Nicholas Obenrader","Reddington jokingly scolds Liz for eating his croissant, amid their tense reunion in Paris.","Transcript S08E16","ClaudeMiner","Liz Keen","humor; trust","humor","3"
"Oh, I see in gray. I just do my best to avoid it.","8","16","Nicholas Obenrader","Reddington responds to Ressler's criticism about associating with crooks, defining his moral perspective.","Transcript S08E16","ClaudeMiner","Donald Ressler","morality; wisdom; identity","wisdom","5"
"I do write an excellent recommendation letter. It's an endangered talent.","8","16","Nicholas Obenrader","Reddington mentions recommending Teva for Boston University, showcasing his refined wit.","Transcript S08E16","ClaudeMiner","Thom McCarty","humor; wisdom; legacy","humor","3"
"Camus thinks the world is meaningless and that happiness comes from accepting that nothing matters. He's an absurdist. And we live in a Theatre of the Absurd.","8","16","Nicholas Obenrader","Reddington philosophizes about Camus after discussing their plan to manipulate the FBI into helping them insert an assassin.","Transcript S08E16","ClaudeMiner","Liz Keen","wisdom; truth; survival","monologue","5"
"May I kiss the ring, which I assume was stolen at Cannes?","8","16","Nicholas Obenrader","Reddington greets Priya sarcastically, acknowledging her thievery with dark humor.","Transcript S08E16","ClaudeMiner","Priya Laghari","humor; crime","humor","4"
"You're incredibly tired, and yet insanely alive. Your sensations are on fire. Tactile. Olfactory. Thermal. You experience synesthesia, where a sound takes you to a memory.","8","17","Ivan Stepanov","Describing the heightened sensory experience of hypnagogia.","Transcript S08E17","ClaudeMiner","unknown","wisdom; identity; truth","monologue","4"
"Hypnagogic cognition leads to suggestibility. Sooner or later, when I suggest you tell me everything you know about Raymond Reddington, you're going to do it.","8","17","Ivan Stepanov","Threatening to use sleep deprivation to extract information.","Transcript S08E17","ClaudeMiner","unknown","power; truth; survival","threat","3"
"Despite what he does, despite what I do, he's one of my oldest and closest friends. But as of this moment, he is in terrible danger, and I need your help trying to save him.","8","17","Ivan Stepanov","Appealing to Cooper for help rescuing Ivan Stepanov, revealing their personal bond.","Transcript S08E17","ClaudeMiner","Harold Cooper","loyalty; friendship; sacrifice","emotional","5"
"The fancy term for what you and I are experiencing is hypnagogia. A state of threshold consciousness, when you've been awake too long, where you experience lucid dreams. Some people call them hypnagogic hallucinations. I call them an acid trip without the acid.","8","17","Ivan Stepanov","Explaining the effects of sleep deprivation and sensory overload.","Transcript S08E17","ClaudeMiner","unknown","wisdom; humor; identity","monologue","4"
"The irony of irony? It's a word you understand but can't possibly define.","8","17","Ivan Stepanov","Bantering with Cooper about the irony of the situation.","Transcript S08E17","ClaudeMiner","Harold Cooper","wisdom; humor","one-liner","4"
"She's so beautiful. I waited 35 years to meet her. And when I did… I painted a target on her back.","8","17","Ivan Stepanov","Reflecting on his long-awaited meeting with Elizabeth and the danger he brought into her life.","Transcript S08E17","ClaudeMiner","Ivan Stepanov (about Elizabeth Keen)","regret; family; sacrifice","emotional","5"
"Agent Park, I look forward to the day when you're as wise as you are aggressive. Until then, I suggest you protect yourself from further embarrassment by saying nothing.","8","17","Ivan Stepanov","Dismissing Park's accusations with a condescending and witty rebuke.","Transcript S08E17","ClaudeMiner","Agent Park","wisdom; power; humor","threat","4"
"I am honest with you, Donald. All of you. I told you I was withholding that information because sharing it would put Elizabeth's life in danger. I asked you not to pursue that information, but you went behind my back and pursued it anyway, without being honest with me. And the result of your dishonesty? My oldest friend was shot, Elizabeth is on the run, and Neville Townsend is after her.","8","17","Ivan Stepanov","Chastising the task force for their pursuit of the truth, which endangered others.","Transcript S08E17","ClaudeMiner","Donald Ressler & FBI team","truth; trust; loyalty; betrayal","monologue","4"
"I am to blame for that. If you insist on taking blame, take it for something you're actually responsible for — me. What I am, I am because of you. You can take the blame for that.","8","17","Ivan Stepanov","Red comforts a wounded and guilt-ridden Stepanov, taking responsibility for his own choices.","Transcript S08E17","ClaudeMiner","Ivan Stepanov","loyalty; identity; regret","emotional","5"
"Agent Park, I look forward to the day when you are as wise as you are aggressive. Until then I suggest you protect yourself from further embarrassment by saying nothing.","8","17","Ivan Stepanov","","Manual Input","ManualIngest",,,,
"Loyalty to individuals. Relationships. That's what makes the world go round.","8","18","The Protean (No. 36)","Reddington explains the moral of the Percy Spencer microwave story, urging Max to help him.","Transcript S08E18","ClaudeMiner","Max","loyalty; trust; morality","wisdom","5"
"Percy Spencer. Ring any bells? No? He was an American physicist. In the 1940s, he was working on radar technology when he stood too close to a magnetron and noticed that the candy bar in his pocket had melted. Then and there he realized that radio waves could heat food. And with that, Percy Spencer invented the first microwave oven. And how did the company he worked for reward him? They promoted him, they patented his idea, and they paid him $2 for it. Two dollars. For one of the defining inventions of American life.","8","18","The Protean (No. 36)","Reddington tells a parable to manipulate Max into helping him access a database.","Transcript S08E18","ClaudeMiner","Max","wisdom; betrayal; power","parable","4"
"Harold, I know you. I know how you think. What you hope in your heart. That the system works, that Elizabeth can be prosecuted, incarcerated, and rehabilitated. It's a lie.","8","18","The Protean (No. 36)","Reddington argues fiercely that the justice system cannot save Elizabeth, only his criminal world can.","Transcript S08E18","ClaudeMiner","Cooper","truth; justice; loyalty","monologue","5"
"Her only hope for survival exists in my world.","8","18","The Protean (No. 36)","Reddington's final, chilling declaration about Elizabeth's fate.","Transcript S08E18","ClaudeMiner","Cooper","survival; loyalty; power","threat","4"
"I used to believe in salvation. That good was rewarded and evil punished. I don't believe in that anymore. Not in this life.","8","18","The Protean (No. 36)","Reddington's dark reflection after learning about the murders, possibly to himself or a prayer.","Transcript S08E18","ClaudeMiner","unknown","death; justice; morality","emotional","4"
"I love how you think I'm some high school English teacher, handing out extensions on essays.","8","18","The Protean (No. 36)","Reddington responds sarcastically to Townsend's demand for a deadline on delivering Keen.","Transcript S08E18","ClaudeMiner","Townsend","humor; power","humor","3"
"You completely missed the moral of the story. ... The moral of poor Mr. Spencer's tale of woe is that you should never worry about betraying your workplace, because given the chance, your workplace will betray you.","8","18","The Protean (No. 36)","Reddington spells out his lesson after Max fears being fired for helping him.","Transcript S08E18","ClaudeMiner","Max","betrayal; loyalty; wisdom","wisdom","4"
"I'm sorry. I've tried so hard for so long to protect you from all of this. And I've failed.","8","19","Balthazar 'Bino' Baker (No. 129)","Reddington expresses genuine regret and sorrow as he admits his failure to keep her safe.","Transcript S08E19","ClaudeMiner","Elizabeth Keen","regret; family; sacrifice","emotional","5"
"I love games. In fact, I'm playing one now, with dominos. First, I line them up, then I knock the first one over, and it leads to another and then another and another until the trail takes me where I'm trying to go.","8","19","Balthazar 'Bino' Baker (No. 129)","Reddington interrogates a cleaner, using the domino metaphor to explain his method of extracting information.","Transcript S08E19","ClaudeMiner","Arthur","wisdom; power","parable","5"
"Problem is I can't reach the end of the trail unless you fall.","8","19","Balthazar 'Bino' Baker (No. 129)","Reddington warns the cleaner that he must cooperate for the 'game' to work.","Transcript S08E19","ClaudeMiner","Arthur","power; survival","threat","4"
"Not to worry, Harold. Elizabeth and Donald are in safe hands. Because I arranged the pickup.","8","19","Balthazar 'Bino' Baker (No. 129)","Reddington reassures Cooper that he has a plan to rescue Keen and Ressler.","Transcript S08E19","ClaudeMiner","Harold Cooper","loyalty; trust","wisdom","3"
"To avenge what was done to his family and to him, he wants to feel that I've experienced a similar darkness for myself.","8","19","Balthazar 'Bino' Baker (No. 129)","Reddington explains Townsend's motive: to make him understand the pain of loss by killing Elizabeth.","Transcript S08E19","ClaudeMiner","Harold Cooper","revenge; death; family","wisdom","4"
"I used to believe in salvation. That good was rewarded and evil punished. But I don't believe in that anymore. Not in this life.","8","19","Balthazar 'Bino' Baker (No. 129)","Reddington reflects on his lost faith, likely in a monologue setting the tone for the episode.","Transcript S08E19","ClaudeMiner","unknown","morality; wisdom; death","monologue","5"
"The only one who can save her is in my world. Not today.","8","19","Balthazar 'Bino' Baker (No. 129)","Reddington insists Elizabeth's only hope for survival is under his protection, refusing to let her be taken.","Transcript S08E19","ClaudeMiner","Harold Cooper","survival; loyalty; power","wisdom","4"
"Once again, when faced with a unique, complicated, and volatile set of circumstances, you immediately punt to bureaucratic protocol.","8","19","Balthazar 'Bino' Baker (No. 129)","Reddington criticizes Cooper's tendency to fall back on rules in a crisis.","Transcript S08E19","ClaudeMiner","Harold Cooper","wisdom; power","one-liner","4"
"Elizabeth, I'm certainly not looking for a thank you, but this does seem uncalled for.","8","19","Balthazar 'Bino' Baker (No. 129)","Reddington, after saving her, is met with her gun and responds with characteristic dry humor.","Transcript S08E19","ClaudeMiner","Elizabeth Keen","humor; betrayal","humor","4"
"I agree. I can't keep her safe. Not anymore. The only way to do that is to give her the truth.","8","20","Godwin Page (No. 141)","Admitting he can no longer protect Liz and will tell her everything.","Transcript S08E20","ClaudeMiner","Harold Cooper","truth; family; sacrifice","emotional","4"
"You really don't see it, do you? You're incapable of it. No. What Elizabeth wants is answers. Answers about who she is and why I came into her life. Answers that I've specifically withheld to keep her safe.","8","20","Godwin Page (No. 141)","Cooper thinks Liz wants to do the right thing; Reddington corrects him.","Transcript S08E20","ClaudeMiner","Harold Cooper","truth; identity; family","emotional","4"
"No one was really in jeopardy. And I thought you'd be happy to hear she wasn't snatched by Townsend. If it'll make her feel any better, tell Cynthia to put the roof on my tab. Or I have a guy.","8","20","Godwin Page (No. 141)","Cooper is furious; Reddington dismisses the danger and offers to pay for the roof.","Transcript S08E20","ClaudeMiner","Harold Cooper","humor; loyalty","humor","4"
"I've nibbled at the edges to no avail. Laghari was a bust. Bolt was a one-off. What I want is to kill Townsend.","8","20","Godwin Page (No. 141)","Explaining his goal to kill Townsend.","Transcript S08E20","ClaudeMiner","Chuck","revenge","threat","3"
"I broke you out to keep you from spending the rest of your days in a supermax.","8","20","Godwin Page (No. 141)","Explaining why he extracted her from the Post Office.","Transcript S08E20","ClaudeMiner","Elizabeth Keen","loyalty; freedom","emotional","3"
"I have something to show you. But an opportunity to neutralize Townsend has presented itself and I think it prudent to deal with that first. In the meantime, I hope you'll think of yourself as less of a prisoner and more of a guest.","8","20","Godwin Page (No. 141)","After breaking her out, he asks for patience.","Transcript S08E20","ClaudeMiner","Elizabeth Keen","wisdom; trust","monologue","3"
"Its shape was so clear in my memory, as if I'd seen it before. And then, one day, there it was on a map. Not a perfect match but eerily close. It became the symbol of the most important aspect of my business and image, representing the danger you faced and the promise to protect you from it. And this is where it all began along the banks of the sea it resembles.","8","20","Godwin Page (No. 141)","Explaining the origin of his iconic hat mark scar symbol.","Transcript S08E20","ClaudeMiner","Elizabeth Keen","identity; family; sacrifice","monologue","5"
"Elizabeth, I knew your mother better than she knew herself.","8","20","Godwin Page (No. 141)","In Latvia, beginning to reveal the truth about Katarina.","Transcript S08E20","ClaudeMiner","Elizabeth Keen","truth; identity; family","emotional","5"
"The story you've heard is that N-13 stole 13 packets of intelligence from the KGB around the time the Soviet Union fell. You were N-13. You are N-13. Yes. But I didn't steal anything. The Sikorsky Archive was a gift.","8","20","Godwin Page (No. 141)","Confronting the N-13 myth and revealing the Archive was a gift.","Transcript S08E20","ClaudeMiner","Elizabeth Keen","truth; identity; legacy","monologue","5"
"There are no words to describe how it felt to see you in such pain. That scar is a permanent reminder of how the choices we made have affected your life forever.","8","20","Godwin Page (No. 141)","Talking about the night of the fire and her scar.","Transcript S08E20","ClaudeMiner","Elizabeth Keen","family; truth; identity","emotional","5"
"Sparkling water? That's what you take with the truth? I must say, I highly recommend a martini, three olives.","8","20","Godwin Page (No. 141)","As he prepares to reveal the truth about N-13 and the Blacklist.","Transcript S08E20","ClaudeMiner","Elizabeth Keen","humor; truth","humor","4"
"A friend once told me that the true measure of a man isn't what he reveals to the world but what he hides from it.","8","20","Godwin Page (No. 141)","Flying to Latvia, setting up the revelation about his secrets.","Transcript S08E20","ClaudeMiner","Elizabeth Keen","identity; truth; wisdom","wisdom","5"
"Keeping secrets is brutal business.","8","20","Godwin Page (No. 141)","Reflecting on the heavy cost of the secrets he's kept.","Transcript S08E20","ClaudeMiner","Elizabeth Keen","truth; sacrifice","wisdom","4"
"""Godwin"" is a rather cocky name. A godlike Anglo-Saxon who gets cockier and cockier.","8","20","Godwin Page (No. 141)","Mocking the name Godwin Page.","Transcript S08E20","ClaudeMiner","Chuck (one of Godwin Page's men)","humor","humor","3"
"So what is this? This is the Blacklist.","8","20","Godwin Page (No. 141)","Final reveal of the episode: the Blacklist itself is the machine.","Transcript S08E20","ClaudeMiner","Elizabeth Keen","identity; truth; legacy","monologue","5"
"You need to forget what you think you know.","8","20","Godwin Page (No. 141)","Before revealing Katarina's role.","Transcript S08E20","ClaudeMiner","Elizabeth Keen","truth; identity","one-liner","4"
"Elizabeth, listen to me. Katarina Rostova was never framed or killed. The Sikorsky Archive was a seed, the beginning of what would become one of the most sophisticated intelligence networks in existence. A network meticulously crafted with her knowledge and blessing, to serve one guiding purpose: To give me the power to keep you safe and your mother hidden.","8","20","Godwin Page (No. 141)","Revealing the truth about Katarina and the Blacklist's purpose.","Transcript S08E20","ClaudeMiner","Elizabeth Keen","truth; identity; family; sacrifice","monologue","5"
"This place is part of the machine that that vision manifested. A machine that is and has been my life's work for the past three decades.","8","20","Godwin Page (No. 141)","Referring to the Baltic seafood distributor front as part of his network.","Transcript S08E20","ClaudeMiner","Elizabeth Keen","identity; legacy","monologue","4"
"Perhaps we can set aside our differences just long enough to get us out of here.","8","20","Godwin Page (No. 141)","Trapped by Townsend's men in a warehouse, he suggests a temporary truce.","Transcript S08E20","ClaudeMiner","Elizabeth Keen","survival; wisdom; trust","wisdom","3"
"Hold them in abeyance. Let them simmer. Whatever you need to let me help you.","8","20","Godwin Page (No. 141)","Liz resists his help; he advises her to set aside disagreements.","Transcript S08E20","ClaudeMiner","Elizabeth Keen","wisdom; survival","wisdom","3"
"A blackmail file with compromising intel on the world's most powerful people and corporations. And governments. Who would do that? One of your mother's closest friends and colleagues.","8","20","Godwin Page (No. 141)","Describing the Sikorsky Archive and its origin.","Transcript S08E20","ClaudeMiner","Elizabeth Keen","truth; identity","monologue","4"
"Ah, second opinion, just what I need. What do you think? Funyuns or Fritos? If it helps, the Fritos are fun-size.","8","20","Godwin Page (No. 141)","Held at gunpoint by a cop while browsing chips in a store.","Transcript S08E20","ClaudeMiner","police officer","humor; survival","humor","4"
"I knew, in that moment, that she was a plant, that our relationship was a lie. I knew I needed to report the incident to my superior, but I also wanted to protect myself.","8","21","Nachalo","Reddington (the original) recounts realizing Katarina was a spy.","Transcript S08E21","ClaudeMiner","Elizabeth","betrayal; truth; survival","monologue","3"
"I had spent my entire life lying and pretending and... But you... you were the first real thing in my life, so I vowed that I would do whatever it would take to protect that... Masha... to protect you.","8","21","Nachalo","Katarina tells Elizabeth about the first time she saw her as a baby and the vow she made.","Transcript S08E21","ClaudeMiner","Elizabeth","family; love; sacrifice","emotional","5"
"I was born into a world of spies. Becoming one was my destiny.","8","21","Nachalo","Katarina explains her background and how she became a spy.","Transcript S08E21","ClaudeMiner","Elizabeth","identity; family","wisdom","4"
"If you move forward with what you think you know about me, no one will believe you. You'll be branded a traitor.","8","21","Nachalo","Katarina threatens Reddington with evidence she has planted to frame him as a traitor.","Transcript S08E21","ClaudeMiner","Reddington (original)","betrayal; power; survival","threat","4"
"I knew I was in over my head, that I had to get you to America, the only place where I could both expose the truth about your mother and keep you safe.","8","21","Nachalo","Reddington (the original) explains his plan to protect Elizabeth and expose Katarina.","Transcript S08E21","ClaudeMiner","Elizabeth","truth; family; sacrifice","monologue","4"
"But what if he did exist? What if Reddington was real? If he was, I could use his story and all that it provided to protect my daughter while watching over her from a distance.","8","21","Nachalo","Katarina explains her motivation for creating a real Reddington persona.","Transcript S08E21","ClaudeMiner","Elizabeth","family; sacrifice; power","monologue","4"
"If he wasn't dead, you'd never know you'd killed him. No one knew your father was dead. The KGB, the FBI, CIA... The entire alphabet was looking for the man that they thought had betrayed his country and abandoned his family. Which meant they were chasing a man who never existed.","8","21","Nachalo","Katarina explains the strategic value of Reddington's unknown death to Elizabeth.","Transcript S08E21","ClaudeMiner","Elizabeth","truth; identity; power","monologue","4"
"13 packets of intelligence that could be used to blackmail and leverage anyone from the Russian Vory, to captains of industry, to heads of state. Greed and corruption trickle down and turn into crime on the way to the gutter.","8","21","Nachalo","Katarina explains how the Sikorsky Archive was used to build Reddington's power.","Transcript S08E21","ClaudeMiner","Elizabeth","power; crime; wisdom","parable","4"
"This story is all about you, Masha. Protecting you. And then protecting your daughter.","8","21","Nachalo","Katarina summarizes the entire narrative as being centered on Elizabeth's protection.","Transcript S08E21","ClaudeMiner","Elizabeth","family; sacrifice; love","emotional","5"
"What emerged was an intelligence network that was built for one reason: To keep you safe.","8","21","Nachalo","Katarina reveals the ultimate purpose of the Blacklist network.","Transcript S08E21","ClaudeMiner","Elizabeth","family; sacrifice; love","emotional","5"
"The fighting, the gunshot, the death of your father... those flames... I was desperate to erase that night from your memory.","8","21","Nachalo","Katarina explains why she had Elizabeth's memory erased after the fire.","Transcript S08E21","ClaudeMiner","Elizabeth","identity; truth; family","emotional","4"
"I haven't slept through the night in 25 years. Tonight, I'll sleep like a baby.","8","21","Nachalo","Reddington offers Townsend everything he has in exchange for Elizabeth's life.","Transcript S08E21","ClaudeMiner","Townsend","sacrifice; power","emotional","4"
"I couldn't save your father. I couldn't lose you, too.","8","21","Nachalo","Katarina explains her desperate decision to give Elizabeth up to protect her.","Transcript S08E21","ClaudeMiner","Elizabeth","family; sacrifice; love","emotional","5"
"He's not the one who became Reddington. I did go into those banks. I impersonated your father for a few days, long enough to withdraw the $40 million. Long enough for me to realize how valuable a new Reddington could be.","8","21","Nachalo","Katarina reveals that she, not Ilya, originally impersonated Reddington.","Transcript S08E21","ClaudeMiner","Elizabeth","identity; power","monologue","4"
"I made a promise the day you were born. To protect you. I realized I couldn't be part of your life, but that didn't mean I couldn't watch over you.","8","21","Nachalo","Katarina explains her decision to create Reddington as a protector.","Transcript S08E21","ClaudeMiner","Elizabeth","family; sacrifice; love","emotional","5"
"You see, the thing about buying a Soviet Nest is that it comes fully loaded with herring, vodka, and chlorine trifluoride, which of all the chemical gasses is, of course, the most flammable.","8","21","Nachalo","Reddington reveals the bunker's hidden defensive capability as he prepares to repel Townsend.","Transcript S08E21","ClaudeMiner","Townsend","power; survival; humor","threat","5"
"I've waited years for this. I can wait a few minutes to break through some flimsy hatch in the floor.","8","21","Nachalo","Reddington is trapped in a bunker with Townsend, who is waiting to kill him; Red comments on Townsend's impatience.","Transcript S08E21","ClaudeMiner","Townsend","revenge; humor; survival","one-liner","4"
"So I constructed him. Someone powerful and feared. Someone who traded in the very secrets that could help him monitor the danger around you.","8","21","Nachalo","Katarina describes how she built the Reddington persona to protect Elizabeth.","Transcript S08E21","ClaudeMiner","Elizabeth","identity; power; family","monologue","5"
"The truth is, Masha, is that you were conceived as part of a lie. But it shouldn't surprise you.","8","21","Nachalo","Katarina begins her story, revealing the lie of Elizabeth's conception.","Transcript S08E21","ClaudeMiner","Elizabeth","truth; family; betrayal","monologue","4"
"My father was not only part of that system, he helped to build it. And because I was the son my father never had, he decided early on that I'd follow in those footsteps, which my mother disapproved of.","8","21","Nachalo","Katarina (as Katarina) tells Elizabeth about her childhood and her father's expectations.","Transcript S08E21","ClaudeMiner","Elizabeth","family; identity; morality","monologue","3"
"The source of my power is right here. She won't be destroyed. Certainly not by the likes of you.","8","21","Nachalo","Reddington declares that Elizabeth is the true source of his power, just before he sets off the gas.","Transcript S08E21","ClaudeMiner","Townsend","power; sacrifice; love","emotional","5"
"I'm dying. Whether it's this year or the next doesn't matter. What I've got doesn't go away. It just takes a pause, regroups, and comes back stronger, deadlier.","8","22","Konets","Red reveals the terminal nature of his illness to Lizzie, explaining it will inevitably return.","Transcript S08E22","ClaudeMiner","Lizzie","death; survival; truth","emotional","5"
"Before I die I need to make sure you're protected... By showing the world that you're a force to be reckoned with, that you did what no one else could — no law-enforcement agency, no criminal rival — you found and executed Raymond Reddington.","8","22","Konets","Red proposes Lizzie kill him to secure her future as his heir and protect her from enemies.","Transcript S08E22","ClaudeMiner","Lizzie","sacrifice; power; legacy","monologue","5"
"I don't know. I've thought and thought about it. And I just don't know. What I do know is that whether it's chance or karma, DNA or fate, or just bad luck — this is where you are now.","8","22","Konets","Red reflects on whether Lizzie's fate was predetermined or shaped by his influence.","Transcript S08E22","ClaudeMiner","Lizzie","identity; fate; truth","monologue","4"
"I'd give almost anything to hear you talk like a member of the Lollipop Guild.","8","22","Konets","Red jokes about Aram smoking marijuana during a tense moment.","Transcript S08E22","ClaudeMiner","Aram","humor","humor","3"
"I've heard that one's true colors emerge at the end. I'd love to think that magnanimity is one of mine.","8","22","Konets","Cooper accuses Red of being magnanimous; Red reflects on his own nature as death approaches.","Transcript S08E22","ClaudeMiner","Harold Cooper","legacy; morality; wisdom","wisdom","4"
"I'm always prepared to die.","8","22","Konets","Dembe questions Red's willingness to die for Lizzie; Red gives a simple, profound answer.","Transcript S08E22","ClaudeMiner","Dembe","death; sacrifice; loyalty","one-liner","5"
"Only when I'm gone. Give it to Elizabeth, but only when I'm gone.","8","22","Konets","Red instructs Dembe to deliver a letter to Lizzie only after his death.","Transcript S08E22","ClaudeMiner","Dembe","sacrifice; truth; legacy","emotional","4"
"Because if you knew beforehand, you'd never agree to kill me.","8","22","Konets","Red explains why Lizzie cannot know his true identity until after his death.","Transcript S08E22","ClaudeMiner","Lizzie","truth; sacrifice; deception","wisdom","5"
"This is who you've become. A criminal. A fugitive. And taking my life is a way forward.","8","22","Konets","Red explains to Lizzie that embracing her criminal identity through killing him is her path.","Transcript S08E22","ClaudeMiner","Lizzie","identity; survival; sacrifice","monologue","4"
"Of all the times I've wanted to kill you, I don't think I can pull the trigger.","8","22","Konets","Lizzie expresses doubt about killing Red; he reassures her in a tender moment.","Transcript S08E22","ClaudeMiner","Lizzie","trust; sacrifice; emotional","emotional","4"
"Mother Nature and the criminal world quickly exploit a vacuum.","8","22","Konets","After Townsend's death, Red tells Lizzie they must act quickly to prevent chaos.","Transcript S08E22","ClaudeMiner","Lizzie","power; survival; wisdom","wisdom","4"
"Criminal empires are like authoritarian regimes. Most often ruled by a single, all-powerful leader. When that power becomes decentralized or fractured, it leads to a period of chaos and instability. So when the leader of a criminal organization steps down or dies, there's inevitably a rise in crime as others fight for control over what he left behind.","9","1","The Skinner (No. 45)","Reddington appears on a news program to discuss the rise in crime after his own absence, explaining the analogy to authoritarian regimes.","Transcript S09E01","ClaudeMiner","TV interviewer (and by extension, the public)","power; crime; wisdom","monologue","4"
"Keeping the girl from him is cruel. Is that what you want? To be cruel?","9","1","The Skinner (No. 45)","Reddington confronts Cooper about keeping Agnes away from him, accusing him of cruelty.","Transcript S09E01","ClaudeMiner","Harold Cooper","family; trust; love","emotional","3"
"I recently spent time in a monastery above Boudhanath with sweeping views of Kathmandu, meditating alongside 36 Tibetan monks. I achieved an inner harmony there that was more mind-blowing than any psychedelic, and yet more fragile than an origami swan. That has to be cared for. If I stay here, it will be torn and crushed.","9","1","The Skinner (No. 45)","Reddington explains why he can't return to help with the Skinner case, describing his fragile inner peace.","Transcript S09E01","ClaudeMiner","Harold Cooper","freedom; wisdom; sacrifice","monologue","5"
"During the past two years, I've learned what to hold onto and what to let go of. If I look at that, if I come back, even once — I fear all that work will be for nothing. There would be names to be taken, people would be held accountable. Down the line, things would get very dark.","9","1","The Skinner (No. 45)","Reddington refuses to look at the tattoo of the Skinner's symbol, explaining his hard-won peace in hiding from the world.","Transcript S09E01","ClaudeMiner","Harold Cooper","regret; survival; wisdom","emotional","4"
"We all have dead skin. All of us. And healing will be slow and painful. But seeing you here, I can't think of a better way to start.","9","1","The Skinner (No. 45)","Reddington visits Dembe in the hospital and compares the painful medical debridement to their shared emotional healing.","Transcript S09E01","ClaudeMiner","Dembe Zuma","survival; regret; loyalty","emotional","4"
"I'm not here just to help you, Harold. I'm here because it's what she would want.","9","2","The Skinner (No. 45): Conclusion","Reddington explains why he's helping the task force, honoring Elizabeth Keen's memory.","Transcript S09E02","ClaudeMiner","Harold Cooper","loyalty; family; sacrifice","emotional","4"
"I'll let you in on a little secret, Harold. The world doesn't belong to the young. The world belongs to anyone with the strength to reach out and take it. And for the first time in a long while, I'm feeling stronger than ever.","9","2","The Skinner (No. 45): Conclusion","Reddington imparts a philosophical secret about power and resilience, signaling his renewed vigor.","Transcript S09E02","ClaudeMiner","Harold Cooper","power; wisdom; survival; legacy","wisdom","5"
"I don't mind ruthless. In fact, I'm quite aroused by it. It's stupidity that dries me like the Sahara.","9","2","The Skinner (No. 45): Conclusion","Reddington rebukes Anderson for his reckless actions, contrasting effective ruthlessness with foolishness.","Transcript S09E02","ClaudeMiner","Graeme Anderson","wisdom; power; morality","threat","5"
"I once knew a man in Marrakech who... Actually, no. That was Tripoli. I was once struck by lightning on a golf course while playing in Tripoli. Gaddafi was dead, and to honor the small part I played in his unceremonious demise, the leader of the NTC invited me to play a round on the dictator's private course. One minute, I'm standing on the 12th green, the next, I'm in a desert encampment with a lovely raven-haired freedom fighter who's administering to my burns with the touch of a lover's stroke.","9","2","The Skinner (No. 45): Conclusion","Reddington tells a parable about being struck by lightning to illustrate the unexpected consequences of interfering with The Skinner.","Transcript S09E02","ClaudeMiner","Vincent Duke","wisdom; power; survival","parable","5"
"I'm the president of my condo association. Garbage pick-up. Grounds management. That's what I do now, argue about yard signs with snowbirds, not try and talk sense to a lunatic.","9","2","The Skinner (No. 45): Conclusion","Reddington mocks Vincent Duke's mundane retirement, contrasting it with the high-stakes situation.","Transcript S09E02","ClaudeMiner","Vincent Duke","humor; power","humor","4"
"Why do you care about our reputation? Anderson is the 22nd Skinner, twenty-two generations of torch-passing. I couldn't do it once. I admire what you all have built.","9","2","The Skinner (No. 45): Conclusion","Reddington explains his respect for the Skinner organization's legacy, despite his own failed attempt.","Transcript S09E02","ClaudeMiner","Vincent Duke","legacy; morality; wisdom","monologue","3"
"I can tell you, one of life's great simple pleasures is seeing a woman, naked, out on the porch, with a bowl of hot water shaving her legs with a straight razor. It's captivating.","9","2","The Skinner (No. 45): Conclusion","Reddington shares a vivid, sensual memory from his life with Weecha, contrasting his rustic lifestyle with the task force's urgency.","Transcript S09E02","ClaudeMiner","Alina Park","humor; wisdom; freedom","humor","3"
"It's good to be back, old friend.","9","2","The Skinner (No. 45): Conclusion","Reddington acknowledges his return to the task force and their renewed partnership.","Transcript S09E02","ClaudeMiner","Harold Cooper","loyalty; trust; family","emotional","4"
"I love surprises. Not all surprises, of course, but, you know, happy accidents. Finding forgotten money in a pocket. Making unexpected friendships.","9","2","The Skinner (No. 45): Conclusion","Reddington reflects on the positive surprises life offers after their successful operation.","Transcript S09E02","ClaudeMiner","Harold Cooper","humor; wisdom; freedom","monologue","3"
"I'm not an End Timer by nature, and my idea of rapture is, of late, a bit more solipsistic. But no matter what floats one's funereal boat, you will be judged by what you do in the next 60 seconds.","9","3","The SPK (No. 178)","Reddington confronts the radical SPK members holding a church hostage, threatening them with judgment.","Transcript S09E03","ClaudeMiner","SPK members (Colfax and others)","humor; morality; power","threat","5"
"Paychecks are the shackles of the common man. Remember that.","9","3","The SPK (No. 178)","Reddington comments on Aram's return to work and mentions of a paycheck.","Transcript S09E03","ClaudeMiner","Aram Mojtabai","wisdom; freedom; survival","wisdom","4"
"As a matter of survival, I make it a point to only enter spaces whose borders I define. But if spending time with Agnes requires submitting to borders defined by you and Charlene, so be it. I don't like it, but the alternative is far worse.","9","3","The SPK (No. 178)","Reddington agrees to supervised visitation with Agnes, acknowledging the compromise.","Transcript S09E03","ClaudeMiner","Harold Cooper","family; sacrifice; freedom","emotional","4"
"You're my friend. This, what I'm doing here, I consider an act of friendship. You don't see it now. I hope someday that you will.","9","3","The SPK (No. 178)","Reddington allows Dembe to arrest Vesco, framing it as a favor to his friend.","Transcript S09E03","ClaudeMiner","Robert Vesco","loyalty; friendship; trust","emotional","4"
"It is. And mine is constantly being questioned. Because your feet are planted in two different worlds.","9","3","The SPK (No. 178)","Dembe questions Reddington's loyalty after helping Vesco; Reddington reflects on his own divided nature.","Transcript S09E03","ClaudeMiner","Dembe Zuma","loyalty; identity; trust","emotional","5"
"There won't always be good days. I know. And, uh, on those, I may regret my choice, but not much. And on the good days, I can't think of anywhere else I'd rather be.","9","3","The SPK (No. 178)","Reddington comforts Aram after he chooses to stay in the FBI over his company.","Transcript S09E03","ClaudeMiner","Aram Mojtabai","wisdom; sacrifice; loyalty","wisdom","5"
"You're way past saving. I preserved you. An act of pure selfishness.","9","3","The SPK (No. 178)","After saving Vesco from the SPK, Reddington dismisses any notion of altruism.","Transcript S09E03","ClaudeMiner","Robert Vesco","betrayal; survival; morality","one-liner","4"
"There is an avenging angel for all of us.","9","4","The Avenging Angel (No. 49)","Reddington says this to Michael just before she is shot, acknowledging that even she will meet her own reckoning.","Transcript S09E04","ClaudeMiner","Michael (Avenging Angel)","justice; fate; irony","wisdom","4"
"In the case of history repeating itself, I stole it. I realize it's no recompense, but maybe after all these years, it's sentimental reparation.","9","4","The Avenging Angel (No. 49)","Reddington returns a Nazi-looted Van Gogh painting to its rightful owner's daughter, with a touch of rueful wit.","Transcript S09E04","ClaudeMiner","Ada (daughter of Van Gogh painting's owner)","justice; history; reparation","emotional","4"
"Order. Harmony. Balancing the scales. So good is rewarded and evil is punished. Most of us want that. I know I certainly do.","9","4","The Avenging Angel (No. 49)","Reddington explains his worldview to Michael while trying to stop her from killing Huntley.","Transcript S09E04","ClaudeMiner","Michael (Avenging Angel)","justice; order; good_vs_evil","wisdom","3"
"In my experience, you can't have too many of those in your debt.","9","4","The Avenging Angel (No. 49)","Reddington explains why he spared Huntley — not out of mercy, but to gain a powerful ally.","Transcript S09E04","ClaudeMiner","Harold Cooper","power; influence; strategy","wisdom","3"
"What I meant was people will not think that I killed you. They will hear your confession and think that you killed yourself.","9","4","The Avenging Angel (No. 49)","Reddington-style dark humor as he clarifies his threat to McHenry in the flashback — not a lie, just a technicality.","Transcript S09E04","ClaudeMiner","Adam McHenry","deception; power; humor","threat","4"
"In your binary world, that's all you see, so when you do your math, the answer you come to is that he deserves to die. My math is different.","9","4","The Avenging Angel (No. 49)","Reddington challenges Michael's black-and-white justice, arguing for a more nuanced calculation of a person's worth.","Transcript S09E04","ClaudeMiner","Michael (Avenging Angel)","justice; morality; perspective","monologue","4"
"By every other day. We all have the devil in us, Harold, but the best of us have angels, too.","9","4","The Avenging Angel (No. 49)","Reddington finishes his explanation of his moral standard — judging a person by the sum of their life, not the worst moment.","Transcript S09E04","ClaudeMiner","Harold Cooper","morality; humanity; redemption","wisdom","5"
"You read that online prayer group? A bunch of it, yeah. What were they posting on there? Tragedy, grief, confession. Our blacklister waded through a lot of anguish to find her needles in the haystack. She takes advantage of people searching for peace.","9","4","The Avenging Angel (No. 49)","Reddington analyzes how the Avenging Angel selects her targets by preying on vulnerable people in online prayer groups.","Transcript S09E04","ClaudeMiner","Dembe","crime; manipulation; trust","wisdom","3"
"What can I say? Apres moi le deluge.","9","4","The Avenging Angel (No. 49)","Reddington, after returning the painting, shrugs off his actions with a classic French fatalistic phrase.","Transcript S09E04","ClaudeMiner","Ada (after the concert)","fate; humor; legacy","one-liner","4"
"We all have the devil in us, Harold. But the best of us have angels too.","9","4","The Avenging Angel (No. 49)","","https://multiple-sources","WebResearch",,,,
"She judged people based on their worst day, by the most terrible sin they committed. I don't think so. If that were the standard, we'd all be found wanting.","9","4","The Avenging Angel (No. 49)","Reddington explains the difference between his code and the Avenging Angel's, arguing against judging solely by failures.","Transcript S09E04","ClaudeMiner","Harold Cooper","judgment; morality; forgiveness","monologue","4"
"True story: Calculus was discovered independently by Newton and Leibniz. A great leap forward imagined simultaneously. In my experience, great leaps forward usually are.","9","5","Benjamin T. Okara (No. 183)","Reddington uses the story of calculus to suggest DARPA has a second team working on directed energy weapons.","Transcript S09E05","ClaudeMiner","Donald Ressler","wisdom; power","parable","4"
"You're in when it suits you and you're out when it doesn't? Why does it have to be one way or the other? Why can't it just be?","9","5","Benjamin T. Okara (No. 183)","Reddington confronts Dembe about his indecisive loyalty after Dembe refuses to kill Jovan for him.","Transcript S09E05","ClaudeMiner","Dembe Zuma","loyalty; morality; identity","emotional","5"
"An eye for an eye. Jovan. He knows about us, or he's about to find out. I killed Sima to protect you. I want you to kill Jovan to protect me.","9","5","Benjamin T. Okara (No. 183)","Reddington asks Dembe for a reciprocal act of loyalty in return for his protection.","Transcript S09E05","ClaudeMiner","Dembe Zuma","loyalty; revenge; sacrifice","threat","4"
"I don't draw a breath without knowing my perimeter is secure. It's why I'm still alive.","9","5","Benjamin T. Okara (No. 183)","Reddington is confronted by a gunman in his home and calmly explains why he's still alive.","Transcript S09E05","ClaudeMiner","Weecha","survival; wisdom; power","wisdom","4"
"Killing an agent who was a former associate is both stupid and bad business. They'd only assign even more than the usual number of buzzcuts to find me.","9","5","Benjamin T. Okara (No. 183)","Reddington advises Jovan not to kill Dembe, an FBI agent and former associate.","Transcript S09E05","ClaudeMiner","Jovan Lovic","wisdom; survival; loyalty","wisdom","3"
"You can't sacrifice yourself for him. In the past, yes, but not today. He was in. Now he's out. This is the consequence, and you have to accept it.","9","5","Benjamin T. Okara (No. 183)","Reddington tells Dembe he cannot sacrifice himself to help Dembe because Dembe is an FBI agent.","Transcript S09E05","ClaudeMiner","Dembe Zuma","loyalty; regret; morality","emotional","5"
"So, to be clear, I'm not here to tell you to stop being angry or to judge you. No. My goal is to help you stop judging yourselves and each other.","9","6","Dr. Roberta Sand, Ph.D. (No. 153)","Reddington mimics Dr. Sand's therapeutic approach to de-escalate a conflict among three mob enforcers.","Transcript S09E06","ClaudeMiner","Dr. Roberta Sand's patients","wisdom; morality; humor","humor","3"
"Listen, I'm a criminal, and however realized I may be is due in large part to shrinks and shamans, rabbis and monks. They hold me together like a psychological bandage, without which my sufferings would be insufferable.","9","6","Dr. Roberta Sand, Ph.D. (No. 153)","Reddington explains why he believes a mob therapist is effective, comparing his own reliance on various mentors and healers.","Transcript S09E06","ClaudeMiner","unknown (likely FBI task force)","wisdom; survival; morality","wisdom","4"
"I found peace and tranquility and a real feeling of quiet. Yet, I abandoned it out of this compulsion for chaos and peril. I had found light. Yet I'm compelled by the dark. It animates me, so much so that I drag others into it. Others that I care desperately about. So, what is the purpose? If I'm willing to risk everything good in my life, to even defend risking it as necessary or just, when I know the result will only be a deepening darkness.","9","6","Dr. Roberta Sand, Ph.D. (No. 153)","Reddington reflects on his inner turmoil and the recent betrayal by his oldest friend, questioning the purpose of his compulsion for chaos.","Transcript S09E06","ClaudeMiner","Harold Cooper","identity; regret; survival","emotional","5"
"Consider it a palate cleanser. A transition from a distasteful past to a delightfully piquant future.","9","6","Dr. Roberta Sand, Ph.D. (No. 153)","Reddington offers Dr. Sand a three-month retreat on an island as a deal to work for him.","Transcript S09E06","ClaudeMiner","Dr. Roberta Sand","freedom; wisdom; humor","one-liner","4"
"So, the idea — well, at least the idea I came up with after spending my grandparents' entire inheritance on therapy — is to not hate yourself because you have dark impulses, but to love yourself in spite of them.","9","6","Dr. Roberta Sand, Ph.D. (No. 153)","Reddington shares his personal philosophy about self-acceptance and dark impulses, ending with a humorous personal anecdote.","Transcript S09E06","ClaudeMiner","Alina Park","wisdom; survival; humor","monologue","5"
"Ah, first of all, we both know who you do it for, and it sure ain't me. And secondly, yeah, I'm threatening you. That's what I do.","9","6","Dr. Roberta Sand, Ph.D. (No. 153)","Reddington confronts Dr. Sand after she claims to be the best at making people feel good, revealing his true purpose.","Transcript S09E06","ClaudeMiner","Dr. Roberta Sand","power; truth; humor","threat","4"
"The details of my story are not for the faint of heart. Based on your history, I believe you can stomach pretty much anything.","9","6","Dr. Roberta Sand, Ph.D. (No. 153)","Reddington explains why he chose her as his personal therapist, acknowledging her dark past.","Transcript S09E06","ClaudeMiner","Dr. Roberta Sand","survival; trust; humor","wisdom","3"
"Your job wasn't to tell my story the way you wanted it told. Whether or not you were at peace with my decision was irrelevant to what I hired you to do. You had a job. And for decades, you did it better than anyone possibly could. Until you didn't.","9","8","Dr. Razmik Maier (No. 168)","Reddington confronts someone about their betrayal in telling Elizabeth the letter's contents, connecting it to Vandyke's presence and her death.","Transcript S09E08","ClaudeMiner","unknown (likely Dembe or a confidant)","betrayal; trust; regret; legacy","monologue","5"
"Sports predates math. History began with writing, and sports began 7,000 years before people learned to write. Sports isn't just as old as man. It is essential to mankind.","9","8","Dr. Razmik Maier (No. 168)","Reddington reflects on the ancient and essential nature of sports, setting up a critique of doping.","Transcript S09E08","ClaudeMiner","unknown","wisdom; morality","monologue","4"
"When I was a child, my parents took me to Greece, to see the wonders of the world. I slept through the Parthenon, I was bored to tears at Thermopylae, but when I got to Olympia and saw the remains of the first Olympic stadium, I was overwhelmed.","9","8","Dr. Razmik Maier (No. 168)","Reddington shares a childhood memory about visiting Olympia, contrasting his boredom with other sites.","Transcript S09E08","ClaudeMiner","unknown","wisdom; legacy","monologue","3"
"If you look hard enough, you'll find there's more to every story. But that doesn't mean you should.","9","8","Dr. Razmik Maier (No. 168)","Reddington asks Mierce to give Vandyke's phone to Tadashi for GPS history, and Mierce warns him about dwelling on the past.","Transcript S09E08","ClaudeMiner","Mierce","wisdom; truth; regret","wisdom","4"
"In my experience, people will do almost anything to hide what they're ashamed of.","9","8","Dr. Razmik Maier (No. 168)","Reddington responds to Cooper's doubt about Maier killing an athlete to cover up doping, defending his theory.","Transcript S09E08","ClaudeMiner","Cooper","betrayal; morality; survival","wisdom","3"
"Elizabeth is dead for many reasons. But it looks as if one of those reasons is me.","9","8","Dr. Razmik Maier (No. 168)","Reddington reflects on the blame for Elizabeth's death after learning of the betrayal and Vandyke's photo.","Transcript S09E08","ClaudeMiner","unknown (likely Dembe or a confidant)","death; regret; guilt","emotional","4"
"Perhaps this will give you a jolt. It seems I'm under attack.","9","9","Boukman Baptiste","Reddington reveals his organization is being hit by a strike team.","Transcript S09E09","ClaudeMiner","Harold Cooper","power; survival","one-liner","3"
"I don't want you to get hurt, Dembe. I just want you out of my life.","9","9","Boukman Baptiste","Reddington coldly tells Dembe he wants nothing to do with him, despite caring.","Transcript S09E09","ClaudeMiner","Dembe","betrayal; family; regret","emotional","5"
"I see dried-out and dark. Bad blood and betrayal.","9","9","Boukman Baptiste","Reddington interprets the shaman's flower reading as predicting trouble.","Transcript S09E09","ClaudeMiner","Marvin Gerard","betrayal; wisdom","wisdom","4"
"I'd like to think I had that much energy once. On the other hand, if I did, it's depressing to think about where it all went.","9","9","Boukman Baptiste","Reddington watches Agnes rush off to school, reflecting on lost youth.","Transcript S09E09","ClaudeMiner","Agnes","wisdom; regret","wisdom","3"
"You might remind her there was a time when a Black man or woman wasn't allowed to wear a badge or carry a gun. But thanks to trailblazers like Bass Reeves, Big Sam Battle who paved the way for us, we have the privilege of serving our community and fellow man. In fact, scratch that. It's not a privilege, it's a responsibility.","9","9","Boukman Baptiste","Reddington advises Dembe on how to explain joining the FBI to his daughter Isabella.","Transcript S09E09","ClaudeMiner","Dembe","justice; legacy; morality","monologue","5"
"It may be an alpha predator, but they only travel in packs. And something tells me you're not dealing with sheep here.","9","9","Boukman Baptiste","Reddington taunts Baptiste after being called a wolf, implying backup is near.","Transcript S09E09","ClaudeMiner","Boukman Baptiste","power; survival; humor","one-liner","4"
"Yeah, that night, I couldn't sleep. I felt like if I stayed, I would implode, that I'd collapse into myself like a black hole and cease to exist. So I left. I walked away and... And kept walking. Until I found Weecha and Mierce. And they helped me. And I helped them. I'm sorry that I abandoned you.","9","9","Boukman Baptiste","Reddington apologizes for disappearing after Elizabeth's death and explains his mental state.","Transcript S09E09","ClaudeMiner","Dembe","regret; family; death","emotional","5"
"In my experience, there are wolves on both sides.","9","9","Boukman Baptiste","Reddington cautions Dembe about corruption within the system as well as outside it.","Transcript S09E09","ClaudeMiner","Dembe","wisdom; trust","wisdom","4"
"There are two kinds of people in the world, wolves and sheep. The wolves take. The sheep get taken. Unfortunately for you, I am a wolf.","9","9","Boukman Baptiste","Reddington confronts Baptiste while he holds Isabella captive.","Transcript S09E09","ClaudeMiner","Boukman Baptiste","power; survival; humor","threat","5"
"You know, Raymond, I am not surprised you didn't anticipate the raid. You have been distracted.","9","10","Arcane Wireless (No. 154)","After a raid on Heddie's operation, Dembe notes Reddington is distracted by Elizabeth's death.","Transcript S09E10","ClaudeMiner","Dembe","loss; wisdom; trust","wisdom","3"
"I'd offer you an alcoholic beverage to celebrate, but I seem to recall you have a taste for Yerba mate. I didn't show you the ritual when you were last here, did I? It's one meant to be shared with friends.","9","10","Arcane Wireless (No. 154)","Reddington celebrates Heddie's release with a personal, warm gesture—the mate ceremony.","Transcript S09E10","ClaudeMiner","Heddie Hawkins","loyalty; friendship; tradition","emotional","3"
"Pirated? Heddie was just selling seeds to farmers at a price. If my associate is guilty of anything, it's simply trying to ease the economic strain on the hardworking men and women who put the tofu in your turkey, the cotton in your shirt, the beans in your coffee. Everything it means to be human.","9","10","Arcane Wireless (No. 154)","Reddington defends Heddie's seed piracy as an act of economic kindness.","Transcript S09E10","ClaudeMiner","Harold Cooper","justice; humor; morality","humor","3"
"Heddie may be just another cog in the machine of my organization, but she's a fragile and unpredictable cog, and she won't last long behind bars.","9","10","Arcane Wireless (No. 154)","Reddington explains why he must get Heddie out of custody—her fragility as a weak link.","Transcript S09E10","ClaudeMiner","Dembe","loyalty; survival; power","wisdom","3"
"One of the FBI's most powerful tools, other than me, is the federal wiretap warrant.","9","10","Arcane Wireless (No. 154)","Reddington introduces the threat of Arcane Wireless by acknowledging his own value first.","Transcript S09E10","ClaudeMiner","Task Force (during briefing)","power; humor; crime","humor","4"
"Looking for the person responsible for Elizabeth's death is hardly a distraction.","9","10","Arcane Wireless (No. 154)","Reddington defends his obsession with finding who killed Elizabeth.","Transcript S09E10","ClaudeMiner","Dembe","revenge; loss; family","emotional","4"
"Even if there was someone, which I doubt, finding them will not bring Elizabeth back. It only delays you healing, or, apparently, house hunting.","9","10","Arcane Wireless (No. 154)","Dembe presses Reddington that his quest for vengeance is a waste of time.","Transcript S09E10","ClaudeMiner","Dembe","loss; wisdom; survival","wisdom","4"
"I need you, Agent Park. That's why I put the Conglomerate on the Blacklist. I can't afford to lose you.","9","11","The Conglomerate (142)","Reddington admits his manipulation, revealing his reliance on Park for his mission to find Liz's killer.","Transcript S09E11","ClaudeMiner","Alina Park","trust; manipulation; loyalty","emotional","4"
"You once told me that you weren't honest with me not because I wouldn't like what I saw, but because you wouldn't, that you couldn't expect me to love you until you learned to love yourself. How's that going?","9","11","The Conglomerate (142)","Reddington echoes back Park's own words to prompt her self-reflection after a violent confrontation.","Transcript S09E11","ClaudeMiner","Alina Park","wisdom; love; identity","emotional","5"
"Wetwork is such a delightfully bland euphemism for the act of spilling blood. Leave it to the Russians to coin a phrase so dripping with sangfroid.","9","11","The Conglomerate (142)","Reddington dismisses Park's concern about the Conglomerate with a sardonic observation on language.","Transcript S09E11","ClaudeMiner","Alina Park","humor; crime; wisdom","one-liner","3"
"Most people don't realize that anger is the purest expression of care we have. Rage comes from a lack of control. A fear you can't protect yourself or the people you care about.","9","11","The Conglomerate (142)","Reddington observes Park's anger in her file, framing it as a sign of her caring nature.","Transcript S09E11","ClaudeMiner","Alina Park","wisdom; emotion; trust","wisdom","4"
"Forgive me, I guess I was under the false impression that we were all adults here. Thank God we're not.","9","11","The Conglomerate (142)","Reddington responds to Cooper's anger over Park's actions, defusing tension with irony.","Transcript S09E11","ClaudeMiner","Harold Cooper","humor; wisdom; morality","one-liner","4"
"Alina Park belongs in the Conglomerate. In eight months, she completed four jobs. Four jobs so extraordinary, she received the Distinguished Intelligence Cross... awarded by the Agency for 'extraordinary heroism involving the acceptance of existing dangers with conspicuous fortitude and exemplary courage.'","9","11","The Conglomerate (142)","Reddington defends Park's skills and past, showing his respect for her abilities.","Transcript S09E11","ClaudeMiner","Harold Cooper","trust; loyalty; crime","monologue","3"
"Ineptitude bothers me. A lack of originality. Margarine. This and most everything else up to and including Agent Park's trigger finger? Deck chairs on the Titanic.","9","11","The Conglomerate (142)","Reddington justifies knowing about Park's assassin past, comparing her actions to trivial distractions.","Transcript S09E11","ClaudeMiner","Harold Cooper","wisdom; humor; legacy","monologue","4"
"Ineptitude bothers me. A lack of originality. Margarine. This and most everything else... Deck chairs on the Titanic.","9","11","The Conglomerate (142)","","Manual Input","ManualIngest",,,,
"I think I know how to find the person who killed her mother. Because to find them, we need to exhume Elizabeth's body.","9","11","The Conglomerate (142)","Reddington reveals his drastic plan to Agnes, setting the stage for the season's arc.","Transcript S09E11","ClaudeMiner","Agnes Keen","justice; revenge; truth","threat","5"
"I love reading quarterly reports, examining financial disclosures, regulating the market. The part of my job I detest is enforcement. Lately, it seems like all I do.","9","12","The Chairman (No. 171)","Reddington muses on his role in the criminal underworld, echoing legitimate finance.","Transcript S09E12","ClaudeMiner","unknown","crime; wisdom; humor","wisdom","3"
"When my father died, I kept a little painting of his. He always wished he'd been a real painter. But at least there was the one. He took terrible care of it, so it's faded and torn. But it reminded me of him, so I kept it in the bathroom. Every morning, he and I would have a little chat. Why do we do that, talk to the dead? They're gone. Why do we talk to them? But they're not gone. As long as we're here, they're here with us.","9","12","The Chairman (No. 171)","Reddington shares a personal story to comfort Cooper about talking to the deceased Elizabeth.","Transcript S09E12","ClaudeMiner","Harold Cooper","death; family; wisdom","parable","5"
"I was born to a dark path. It's the only path I know. I've learned how to recognize light when I see it. To stop and stare. I reach for it. In the hope that it'll shed its light on me. And every once in a while, I'm able to bask in its warmth for a moment before moving on in the dark. That's my life. Don't make it yours.","9","12","The Chairman (No. 171)","Reddington warns Cooper not to follow his dark path after Cooper expresses despair.","Transcript S09E12","ClaudeMiner","Harold Cooper","wisdom; survival; identity","monologue","5"
"Oh, it's the classic love story. Boy meets girl, girl betrays boy, boy has psychopath dismember girl. It's so cliched, it's almost boring.","9","12","The Chairman (No. 171)","Reddington comments on a criminal's romantic betrayal leading to murder.","Transcript S09E12","ClaudeMiner","unknown","humor; betrayal; crime","humor","4"
"Repayment in full, plus 20%. And fingers. Two from you. Two from you. Three from you. From the hand you used to sign your consent form.","9","12","The Chairman (No. 171)","Reddington pronounces punishment on cheaters at the night market.","Transcript S09E12","ClaudeMiner","unknown","crime; power; revenge","threat","4"
"I have no idea what 'to wit' means. I just love the way that it sounds.","9","12","The Chairman (No. 171)","Reddington reads from a rulebook during a judgment at the night market.","Transcript S09E12","ClaudeMiner","unknown","humor","humor","3"
"Much of my world exists right alongside yours. People and organizations in our two worlds have the same needs. Security. Medical care. Air travel. Corporate infrastructure. Financial services.","9","12","The Chairman (No. 171)","Reddington explains the parallel criminal underworld to Cooper.","Transcript S09E12","ClaudeMiner","Harold Cooper","crime; wisdom; truth","monologue","4"
"If they're gonna cheat, cheat the stock market, not the night market.","9","12","The Chairman (No. 171)","Reddington advises a cheating investor during the punishment scene.","Transcript S09E12","ClaudeMiner","Beth","crime; wisdom; morality","one-liner","3"
"The first stock exchange started in Belgium, 1531, and for the next five centuries, this flow of capital transformed the world more than politics, religion, war.","9","12","The Chairman (No. 171)","Reddington explains the history of stock exchanges to a group of criminals at the night market.","Transcript S09E12","ClaudeMiner","unknown","wisdom; power; crime","monologue","4"
"She's dead. She can't be disturbed because she doesn't exist. We exist. We hurt. We are in pain. And we need answers.","9","12","The Chairman (No. 171)","Reddington argues for exhuming Elizabeth's body to find the truth.","Transcript S09E12","ClaudeMiner","Harold Cooper","death; truth; sacrifice","emotional","5"
"Of all the ridiculous capers we've gotten into, this is approaching the most ridiculous.","9","13","Genuine Models, Inc. (No. 176)","Reddington and Cassandra pretend to search for a necklace they've already stolen from Matilda.","Transcript S09E13","ClaudeMiner","Cassandra Bianchi","humor; crime","humor","3"
"My dear, you may have just written my epitaph.","9","13","Genuine Models, Inc. (No. 176)","Cassandra says she'll have to hate Reddington for double-crossing her, and he wryly responds.","Transcript S09E13","ClaudeMiner","Cassandra Bianchi","humor; regret","humor","4"
"You've gone soft, Raymond. The old you would've meted out the delicious punishment that hateful old crone deserved on the spot. No regrets.","9","13","Genuine Models, Inc. (No. 176)","Cassandra comments on Reddington's decision to spare Matilda instead of taking revenge.","Transcript S09E13","ClaudeMiner","Cassandra Bianchi","revenge; regret; change","one-liner","5"
"This is a glimpse into the future I'm not sure I want to see.","9","13","Genuine Models, Inc. (No. 176)","Reddington observes the lifelike robots at Genuine Models and expresses unease.","Transcript S09E13","ClaudeMiner","FBI agent","wisdom; fear; technology","wisdom","4"
"Everything went. Whether it went okay or not remains to be seen.","9","13","Genuine Models, Inc. (No. 176)","Reddington responds vaguely when asked about his 'matter' at Genuine Models, reflecting on the moral ambiguity of the situation.","Transcript S09E13","ClaudeMiner","unknown (FBI agent at Genuine Models)","wisdom; uncertainty","wisdom","3"
"The man you once knew died the day Elizabeth Keen was shot. And the man that remains is less a person than a collection of impulses and inclinations, most of them foul as tar.","9","13","Genuine Models, Inc. (No. 176)","Reddington explains how Lizzie's death fundamentally changed him, rejecting Cassandra's nostalgia.","Transcript S09E13","ClaudeMiner","Cassandra Bianchi","identity; death; grief; change","emotional","5"
"I only survived thanks to the love and solace of a woman I met under the most unlikely of circumstances, a woman who carried me through an unbelievable darkness.","9","13","Genuine Models, Inc. (No. 176)","Reddington reveals his new relationship saved him emotionally after Lizzie's death.","Transcript S09E13","ClaudeMiner","Cassandra Bianchi","love; survival; hope","emotional","4"
"Assume the worst, hope for the best.","9","13","Genuine Models, Inc. (No. 176)","Reddington leaves Matilda the necklace and offers her advice as he and Cassandra depart.","Transcript S09E13","ClaudeMiner","Matilda","wisdom; survival; hope","wisdom","4"
"We're always good together. You know, that's why I've missed you, because we were good together, especially when we were bad together.","9","13","Genuine Models, Inc. (No. 176)","Cassandra reminisces about their past partnership, and Reddington agrees about their chemistry in crime.","Transcript S09E13","ClaudeMiner","Cassandra Bianchi","humor; crime; nostalgia","humor","4"
"I hope so. But even if she won't, at this moment, I'm hers, and that's all that matters.","9","13","Genuine Models, Inc. (No. 176)","Reddington speaks of his uncertain future with Weecha, reaffirming his devotion regardless.","Transcript S09E13","ClaudeMiner","Cassandra Bianchi","love; loyalty; hope","emotional","4"
"I'm taking a reflective pause. I'm considering the extent of what I might do to get to the truth.","9","14","Eva Mason (No. 181)","Reddington admits he is contemplating extreme measures to find Elizabeth's killer, reflecting the moral ambiguity of his quest.","Transcript S09E14","ClaudeMiner","Cynthia Panabaker","truth; revenge; morality","monologue","5"
"Cherish this time. The simplicity. Because it gets pretty complicated, I'm afraid.","9","14","Eva Mason (No. 181)","Reddington consoles the overwhelmed new father Herbie by holding his baby and sharing fatherly advice.","Transcript S09E14","ClaudeMiner","Herbie","family; wisdom; sacrifice","wisdom","5"
"When nothing makes sense in the light, we have to search in the dark.","9","14","Eva Mason (No. 181)","Reddington assures Senator Panabaker he understands her desperation after her daughter-in-law is found tortured.","Transcript S09E14","ClaudeMiner","Cynthia Panabaker","wisdom; truth; justice","wisdom","4"
"If you keep her happy, there is literally nothing I won't do for you.","9","14","Eva Mason (No. 181)","Reddington, with a mixture of threat and charm, promises to help trace a medical device in exchange for keeping a woman pleased.","Transcript S09E14","ClaudeMiner","Harold Cooper","power; crime; loyalty","threat","4"
"Children have a way of surprising you. They're so resilient.","9","14","Eva Mason (No. 181)","Reddington offers a rare, gentle observation to the Senator about the strength of children after a traumatic case.","Transcript S09E14","ClaudeMiner","Cynthia Panabaker","family; wisdom; sacrifice","emotional","4"
"If you're willing to go this far, imagine how far someone like me is willing to go.","9","14","Eva Mason (No. 181)","Reddington warns Panabaker that he is far more willing to cross lines than she is, showcasing his ruthless philosophy.","Transcript S09E14","ClaudeMiner","Cynthia Panabaker","power; justice; revenge","threat","4"
"I told you the day I agreed to come back that whoever killed Elizabeth would be held accountable. And I want that, too.","9","15","Andrew Kennison (No. 185)","Reddington insists on accountability for Elizabeth's murder while urging Cooper to cooperate.","Transcript S09E15","ClaudeMiner","Harold Cooper","justice; loyalty; truth","emotional","3"
"We all want the same thing. Closure. Accountability. And I'm confident that we will find whoever did this, and when we do, they will be the one who is sorry.","9","15","Andrew Kennison (No. 185)","Reddington reassures Cooper they share a common goal of justice for Elizabeth.","Transcript S09E15","ClaudeMiner","Harold Cooper","justice; revenge; morality","threat","4"
"I know how much you loved Elizabeth, how hard it's been to move forward. When I came back, I knew what it meant to go down this road. I knew what searching for the truth might do to me. But I was so focused on my own need, I didn't think enough about what it might do to you.","9","15","Andrew Kennison (No. 185)","Reddington apologizes to Cooper for not considering his pain in the search for Liz's killer.","Transcript S09E15","ClaudeMiner","Harold Cooper","truth; regret; sacrifice","emotional","4"
"My sources run deep, Harold. With or without you, I'll have his location by the end of the day.","9","15","Andrew Kennison (No. 185)","Reddington tells Cooper he doesn't need his help to find Kennison.","Transcript S09E15","ClaudeMiner","Harold Cooper","power; crime","threat","3"
"I'm concerned that I won't be able to contain myself, that I still haven't seen the worst of who I am.","9","15","Andrew Kennison (No. 185)","Reddington admits fear of his own capacity for violence in his grief.","Transcript S09E15","ClaudeMiner","unknown","identity; morality; survival","emotional","4"
"I feel a sense of inevitability. That it doesn't matter what I want or do. The world is what it is. The loss is permanent. Elizabeth will always be dead.","9","15","Andrew Kennison (No. 185)","Reddington reflects on his grief and powerlessness after Elizabeth's death.","Transcript S09E15","ClaudeMiner","unknown","death; regret; survival","emotional","5"
"My name is Raymond Reddington. I'm a criminal and a fugitive. I'm wanted in every country on Earth and at the top of the FBI's Most Wanted List. I'm armed, and I'm dangerous, and the most important person in the world to me is dead because of you.","9","15","Andrew Kennison (No. 185)","Reddington introduces himself menacingly to Kennison while questioning him.","Transcript S09E15","ClaudeMiner","Andrew Kennison","identity; crime; death; revenge","threat","5"
"If it is, you'll be in class by this time tomorrow. If it's not... you won't.","9","15","Andrew Kennison (No. 185)","Reddington threatens Kennison if he is lying about the tracking device.","Transcript S09E15","ClaudeMiner","Andrew Kennison","truth; survival","threat","4"
"There is no more peaceful sound than the quiet of a home with a family tucked safely under the covers and fast asleep. I envy you, Harold.","9","16","Helen Maghi (No. 172)","Reddington speaks wistfully about domestic peace while visiting Cooper's home at night.","Transcript S09E16","ClaudeMiner","Harold Cooper","family; wisdom; peace","emotional","4"
"But if I were you and you were me, I would never, ever lie to you.","9","16","Helen Maghi (No. 172)","Reddington condemns Helen's lies to him, holding her to his own code of dishonesty.","Transcript S09E16","ClaudeMiner","Helen Maghi","trust; betrayal; morality","wisdom","4"
"This was her future. What she needed to succeed. She would've been great. Stronger than me.","9","16","Helen Maghi (No. 172)","Reddington mourns Elizabeth's loss while looking at an inheritance left for her inside Mount Bastion.","Transcript S09E16","ClaudeMiner","Dembe Zuma","family; legacy; love","emotional","5"
"You eat life, or life eats you, Agent Mojtabai. You're the boss now, so bon appetit.","9","16","Helen Maghi (No. 172)","Reddington gives Aram a darkly encouraging send-off as he becomes acting task force director.","Transcript S09E16","ClaudeMiner","Aram Mojtabai","survival; humor; wisdom","one-liner","5"
"Wheels turn, justice sits.","9","16","Helen Maghi (No. 172)","Reddington comments cynically on the slow pace of legal justice when discussing Helen Maghi's indictment.","Transcript S09E16","ClaudeMiner","Aram Mojtabai","justice; wisdom","one-liner","5"
"If ifs and buts were candy and nuts, oh, what a Christmas we'd have.","9","16","Helen Maghi (No. 172)","Reddington dismisses the senator's excuses for not helping Harold Cooper.","Transcript S09E16","ClaudeMiner","Cynthia Panabaker","humor; justice; betrayal","one-liner","4"
"I don't break my promises. It's bad for business, mine and therefore yours.","9","16","Helen Maghi (No. 172)","Reddington rebukes Aram for breaking his promise to protect Helen Maghi after her help.","Transcript S09E16","ClaudeMiner","Aram Mojtabai","trust; loyalty; morality","threat","4"
"Cynthia, to spare our loved ones from pain and to get to the truth, who among us wouldn't abandon a few of our firmest principles, like rats from a sinking ship?","9","16","Helen Maghi (No. 172)","Reddington challenges the senator's moral absolutism while blackmailing her to help Harold.","Transcript S09E16","ClaudeMiner","Cynthia Panabaker","betrayal; truth; morality","wisdom","5"
"If someone butchered your only child for no good reason? I'm willing to bet that you would stop at nothing to scorch the very earth they walk on.","9","16","Helen Maghi (No. 172)","Reddington acknowledges Helen's motive for arming terrorists—revenge for her son's beheading.","Transcript S09E16","ClaudeMiner","Helen Maghi","revenge; death; justice","monologue","5"
"I'm a guardian angel and an angel of death, all rolled into one fiercely protective package.","9","16","Helen Maghi (No. 172)","Reddington humorously describes his role in Cooper's life while visiting his home.","Transcript S09E16","ClaudeMiner","Harold Cooper","humor; family; survival","one-liner","4"
"The FBI has no idea what's useful to me.","9","16","Helen Maghi (No. 172)","Reddington dismisses the FBI's search of a crime scene, implying his different priorities.","Transcript S09E16","ClaudeMiner","unknown","wisdom; crime; trust","one-liner","4"
"Do not go where the path may lead. Go instead where there is no path and leave a trail.","9","16","Helen Maghi (No. 172)","Reddington offers counsel, quoting Ralph Waldo Emerson, to new task force leader Aram.","Transcript S09E16","ClaudeMiner","Aram Mojtabai","wisdom; freedom; legacy","wisdom","4"
"Whoever killed Elizabeth is going through a lot of trouble to keep you from finding them. Seems like it would just be easier to take you out. Perhaps they need me. Or they're saving me for something special. Could be they love you. Or it could be all three.","9","16","Helen Maghi (No. 172)","Reddington reflects on why the killer hasn't killed him yet, offering multiple darkly humorous possibilities.","Transcript S09E16","ClaudeMiner","unknown","death; revenge; survival","monologue","5"
"But at the end of the day, you're alone. You should never be deceived into believing that you can really trust anyone. My experience is that even my most intimate partners, advisers, and friends have had occasion to betray you. You must always be mentally prepared to separate yourself from anyone and anything in your life.","9","17","El Conejo (No. 177)","Teaching Elizabeth about the loneliness and distrust inherent in running a criminal empire.","Transcript S09E17","ClaudeMiner","Elizabeth","trust; betrayal; loneliness","monologue","5"
"Sun Tzu wrote, 'The greatest victory is that which requires no battle.' I would agree. If you want to make your enemy your friend, create a problem for them and then solve it. It's that simple.","9","17","El Conejo (No. 177)","Sharing business wisdom in a recording meant for Elizabeth after his death.","Transcript S09E17","ClaudeMiner","Elizabeth","wisdom; power; manipulation","wisdom","4"
"The noble lighthouse keeper at the end of the world. It would be poetic, if you hadn't betrayed my trust.","9","17","El Conejo (No. 177)","Confronting Kosta about the failed plan for Elizabeth to retrieve recordings from a safe.","Transcript S09E17","ClaudeMiner","Kosta","trust; betrayal; wisdom","threat","4"
"There will come a time, Elizabeth, when you are completely stumped, a time when you will have factored in every variable and you still won't see the answer. But it'll be there. Somewhere. The answer is always there. And when you can't see it, it's because some assumption that you've made, something you've taken for granted is false. The magician doesn't trick you. The magician helps you trick yourself.","9","17","El Conejo (No. 177)","Offering philosophical advice about problem-solving and assumptions.","Transcript S09E17","ClaudeMiner","Elizabeth","wisdom; truth; identity","monologue","5"
"They make baseball bats, Aram. Even though someone might use it to crack somebody over the head.","9","17","El Conejo (No. 177)","Commenting on Aram's moral dilemma about his software being weaponized.","Transcript S09E17","ClaudeMiner","Aram","morality; humor","humor","3"
"There's a freedom in your new role. Freedom from convention. From being a follower. The pack takes its cue from the alpha wolf. And when that wolf is wise and mindful, the whole pack prospers.","9","17","El Conejo (No. 177)","Explaining the benefits of leadership and independence to Elizabeth.","Transcript S09E17","ClaudeMiner","Elizabeth","freedom; power; wisdom","wisdom","4"
"Consider your death a new lease on life.","9","18","Laszlo Jankowics (No. 180)","Reddington arranges for Wallace to fake his death and escape to Acapulco.","Transcript S09E18","ClaudeMiner","Wallace Avery","survival; freedom; sacrifice","one-liner","5"
"I often do what I have to, Maureen, but this I did because I wanted to.","9","18","Laszlo Jankowics (No. 180)","Reddington gives Maureen a gift to help build her gazebo, explaining his choice.","Transcript S09E18","ClaudeMiner","Maureen Rowan","family; sacrifice","emotional","3"
"I've never been much for pledges of allegiance, particularly when it comes to governments, but I respect and honor your decision.","9","18","Laszlo Jankowics (No. 180)","Reddington supports Rogelio’s plan to become a naturalized US citizen.","Transcript S09E18","ClaudeMiner","Rogelio","freedom; loyalty; wisdom","wisdom","4"
"I find LSD to be helpful in dark times and a blast in good times. Nothing loosens a tight sphincter like a good eight-hour acid trip.","9","18","Laszlo Jankowics (No. 180)","Bulk Ingest","Manual Input","ManualIngest",,,,
"Properly applied, I find LSD to be helpful in dark times and a blast in good times. Nothing loosens a tight sphincter like a good eight-hour acid trip.","9","18","Laszlo Jankowics (No. 180)","Reddington suggests Harold advise the stressed-out Aram to try psychedelic therapy.","Transcript S09E18","ClaudeMiner","Harold Cooper","humor; wisdom; crime","humor","4"
"I understand why Kate's involvement would be difficult for you to accept, Harold.","9","19","The Bear Mask","Reddington acknowledges Cooper's disbelief about Mr. Kaplan's supposed return.","Transcript S09E19","ClaudeMiner","Harold Cooper","betrayal; trust; morality","wisdom","3"
"Vengeance is like a virus. In time, everyone close to you becomes afflicted.","9","19","The Bear Mask","Reddington warns Mierce about the consequences of her vengeful path after Weecha's injury.","Transcript S09E19","ClaudeMiner","Mierce","revenge; loyalty; regret","wisdom","5"
"I could wax poetic about the nature of betrayal or be begging your forgiveness for the rest of this flight, and you know what? Either way, I talk too much and so do you. I'm tired. So, please, do me a favor and shut up.","9","20","Caelum Bank (No. 169)","On the plane to the warehouse, Heddie protests her innocence; Reddington cuts her off with weary finality.","Transcript S09E20","ClaudeMiner","Heddie Hawkins","betrayal; wisdom; regret","monologue","5"
"I'm Redmond Rillington. I don't have to make threats, I just have to speak.","9","20","Caelum Bank (No. 169)","Gramercy asks if Reddington is threatening him; Reddington corrects him with his alias.","Transcript S09E20","ClaudeMiner","Harris Gramercy","power; identity; humor","threat","4"
"What a terrible, terrible waste.","9","20","Caelum Bank (No. 169)","After Marvin reveals his betrayal, Reddington reflects on their lost friendship.","Transcript S09E20","ClaudeMiner","Marvin Gerard","betrayal; regret; loyalty","emotional","4"
"I suppose everyone has at least one bad betrayal in their lifetime. The challenge is to not let it diminish your trust and faith in others in the process.","9","21","Marvin Gerard (No. 80) Conclusion Pt.1","Reddington addresses his loyal associates after revealing Marvin's betrayal, encouraging them to maintain trust.","Transcript S09E21","ClaudeMiner","inner circle","trust; betrayal; survival","wisdom","4"
"Have you heard of the Trembling Giant? If you're hiking through Utah's Fishlake Forest, you'll wander into the most glorious grove of quaking, quivering aspens. 50,000 spread over 100 acres. What a sight. In autumn, you look up, every leaf a flaming torch dancer. What you don't see is that the entire grove is one plant, interconnected by an enormous underground root system that forms the largest living organism on Earth. Harold, my criminal empire is the Trembling Giant, and Marvin is one of those trees with my roots.","9","21","Marvin Gerard (No. 80) Conclusion Pt.1","Reddington explains to Cooper why arresting Marvin Gerard would destroy his entire criminal organization, using the parable of the Trembling Giant aspen grove.","Transcript S09E21","ClaudeMiner","Harold Cooper","power; survival; betrayal","parable","5"
"If you've ever wondered what's worse than death, I'll tell you now: Cold cheese. You see, I can conceive death. I distribute death. It's a commodity that's generally earned in our business. But cheese, straight out of the fridge, or betrayal, I personally cannot conceive. And therefore, I fail to see it coming every time. Call it my blind spot.","9","21","Marvin Gerard (No. 80) Conclusion Pt.1","Reddington muses on betrayal and his blind spot for it, using cold cheese as a metaphor, after learning Marvin has turned against him.","Transcript S09E21","ClaudeMiner","Dembe","betrayal; death; wisdom","monologue","5"
"If there's any comfort in knowing that there's one person in your life that will never betray you, then take that comfort now.","9","21","Marvin Gerard (No. 80) Conclusion Pt.1","Reddington, under attack in the pantry, reassures Dembe of their unbreakable bond moments before the FBI arrives.","Transcript S09E21","ClaudeMiner","Dembe","loyalty; trust","emotional","5"
"Because I know something about you that you don't. Something I saw in your eyes 30 years ago, the day I interviewed you to serve as my personal solicitor. What's that? The void inside you. And my power to fill it. From that day forward, I knew that I would be your older brother, your teacher, your Pagan idol, your hope and dread and rapture. I knew that you were mine. You aren't a leader, and you never will be. You were destined to serve.","9","21","Marvin Gerard (No. 80) Conclusion Pt.1","Reddington confronts Marvin face-to-face at the airport, explaining why he always knew he could control him, trying to get him to surrender peacefully.","Transcript S09E21","ClaudeMiner","Marvin Gerard","power; betrayal; morality","monologue","5"
"When we're young, we feel so invulnerable. Invincible. Sadly, we're not. No matter how strong the will or well-trained the body and mind, we're just organic matter, slowly decomposing in bags of skin. I'm happy to have provided this late life lesson for you. The question is, have you learned from it? Or is it back in the tub?","9","21","Marvin Gerard (No. 80) Conclusion Pt.1","Reddington taunts the captured mercenary after nearly drowning him, reflecting on mortality and the fragility of the human body.","Transcript S09E21","ClaudeMiner","Henrick Fisker","death; wisdom; regret","threat","5"
"Dembe, I've been living the bonus round for years.","9","21","Marvin Gerard (No. 80) Conclusion Pt.1","Reddington, facing imminent death during the siege, tells Dembe he's ready to die because he's already lived beyond expectations.","Transcript S09E21","ClaudeMiner","Dembe","death; survival","one-liner","4"
"I have no control over the women in my life, nor do I seek it. You're both free to come and go as you please.","9","21","Marvin Gerard (No. 80) Conclusion Pt.1","Reddington responds to Weecha's accusation about her sister being in danger, asserting his hands-off approach to the women in his life.","Transcript S09E21","ClaudeMiner","Weecha","freedom; power","wisdom","3"
"You may not pull the trigger, Raymond, but if I die, it's because you killed me. I devoted everything to you, to your vision, to what I thought was our vision. A life of crime with a common purpose, to help keep the world from slipping into the kind of evil we know humans are capable of. I thought we were together in this. We were. No, Raymond, because to me, it was the most important thing, but to you, it wasn't.","9","22","Marvin Gerard (No. 80) Conclusion Pt.2","Reddington gives Marvin a choice of how to die, and Marvin laments their lost partnership and purpose.","Transcript S09E22","ClaudeMiner","Marvin Gerard","betrayal; loyalty; legacy","emotional","5"
"I'm not sure I really want to know that, Marvin, but if need be, we'll find out together.","9","22","Marvin Gerard (No. 80) Conclusion Pt.2","Reddington threatens Marvin with discovering the depths of his vengeance if Marvin refuses to take his own life.","Transcript S09E22","ClaudeMiner","Marvin Gerard","revenge; death; justice","threat","5"
"Parenthood is a remarkable thing. The selflessness of it. Your father risked everything to help you, and I'm sure wanted nothing in return. But I'm not your parent, Carolyn. So, yes. It's time.","9","22","Marvin Gerard (No. 80) Conclusion Pt.2","Reddington calls in a favor from Carolyn, explaining the difference between parental love and his own transactional nature.","Transcript S09E22","ClaudeMiner","Carolyn","family; sacrifice; wisdom","monologue","4"
"I may be a criminal, but I'm also the most wanted. It's nice to be wanted.","9","22","Marvin Gerard (No. 80) Conclusion Pt.2","Reddington meets Carolyn in a courthouse, reflecting on his notoriety after recounting how he spared her father's life.","Transcript S09E22","ClaudeMiner","Carolyn","identity; humor; crime","one-liner","4"
"I'm going away for a few weeks to take the sisters home, eat some peyote, set up the telescope, look at the night sky. Who knows, maybe I'll find a new star to name after you, Harold.","9","22","Marvin Gerard (No. 80) Conclusion Pt.2","Reddington announces his plans after Marvin's death, hinting at a mystical retreat and a playful jab at Cooper.","Transcript S09E22","ClaudeMiner","Harold Cooper","humor; freedom; wisdom","humor","4"
"I wonder how many cowards have gone to their graves insisting on their own courage.","9","22","Marvin Gerard (No. 80) Conclusion Pt.2","Reddington confronts Marvin in a judge's chambers, dismissing Marvin's claim of bravery for defying him.","Transcript S09E22","ClaudeMiner","Marvin Gerard","cowardice; truth; morality","wisdom","5"
"I only know what he wants me to know.","10","1","The Night Owl","Dembe tells Chuck he doesn't know when Reddington will return, explaining the limited info Red gives him.","Transcript S10E01","ClaudeMiner","Chuck","truth; trust; power","wisdom","4"
"I didn't reach out, Harold, because I thought I hoped that I could contain the matter myself, but now, unfortunately, that seems unlikely.","10","1","The Night Owl","Reddington admits he tried to handle Wujing on his own but now needs the task force's help.","Transcript S10E01","ClaudeMiner","Harold Cooper","survival; power","monologue","3"
"Nothing. Well, nothing and everything.","10","1","The Night Owl","Dembe asks Reddington what's going on with him being alone and vulnerable, and Red gives a cryptic answer.","Transcript S10E01","ClaudeMiner","Dembe","truth; identity","wisdom","4"
"Wujing is the weapon fired in my direction as a last parting shot by Marvin Gerard.","10","1","The Night Owl","Reddington explains that Wujing is a threat orchestrated by the late Marvin Gerard.","Transcript S10E01","ClaudeMiner","Harold Cooper","revenge; betrayal; power","threat","5"
"Whatever they are, if they're in my hand, they're always the right cards.","10","2","The Whaler (No. 165)","Reddington wins the hand with a flush against Wujing's three aces, delivering this iconic line before revealing his cards.","Transcript S10E02","ClaudeMiner","Wujing","power; humor; identity","one-liner","5"
"There's an end waiting for all of us.","10","2","The Whaler (No. 165)","After Wujing goes all-in, Reddington accepts the challenge with a philosophical remark about mortality.","Transcript S10E02","ClaudeMiner","Wujing","death; wisdom; survival","one-liner","4"
"If it's a friend of mine, they're either the very best or the most fun. Often both.","10","2","The Whaler (No. 165)","Waters asks about the poker player Reddington is recommending, and Reddington describes his standards for associates.","Transcript S10E02","ClaudeMiner","Spencer Waters","wisdom; humor; trust","one-liner","4"
"I have a feeling any daughter of Meera Malik will be smart and quick on her feet.","10","2","The Whaler (No. 165)","Reddington defends his choice to have Siya play poker instead of Ressler, expressing confidence in her abilities.","Transcript S10E02","ClaudeMiner","Donald Ressler and Siya Malik","trust; wisdom; legacy","wisdom","3"
"If I were in a pinch, I'd want you watching mine.","10","2","The Whaler (No. 165)","Reddington explains why Ressler should be the one watching Siya's back during the poker game.","Transcript S10E02","ClaudeMiner","Donald Ressler","trust; loyalty; survival","emotional","4"
"You've never made a wrong decision in your life. Don't start now.","10","2","The Whaler (No. 165)","Reddington offers diamonds to bribe the Whaler into letting him join Wujing's poker game.","Transcript S10E02","ClaudeMiner","Anika de Beer (the Whaler)","power; wisdom; trust","one-liner","4"
"I've seen this job tear down a lot of people. I saw it kill a woman I loved very much named Elizabeth. I saw it kill your mother. It's nothing personal. You seem very good at what you do. I'm just not sure I want to see it tear you down, too.","10","2","The Whaler (No. 165)","Reddington warns Siya about the dangers of the job, referencing Elizabeth Keen and Meera Malik.","Transcript S10E02","ClaudeMiner","Siya Malik","loss; sacrifice; morality","emotional","5"
"You have no idea what I am. You don't even know how to really look. Your anger and your hate have made you shortsighted.","10","2","The Whaler (No. 165)","Reddington responds to Wujing's threats about exposing him, criticizing Wujing's blind hatred.","Transcript S10E02","ClaudeMiner","Wujing","identity; truth; morality","wisdom","5"
"There are risks everywhere. Although, you've tipped the odds a bit in your favor by stocking the game with your bagmen here.","10","2","The Whaler (No. 165)","Reddington confronts Wujing at the poker table, pointing out his cheating with the Triad players.","Transcript S10E02","ClaudeMiner","Wujing","truth; power; crime","threat","4"
"Maurice Sendak, one of the most celebrated and most wonderful children's book authors of all time, he said about children, 'You tell them anything you want. Just tell them if it's true. If it's true, you tell them.' I hear that and I think it's the best advice, and yet, still, what if I want to protect her? What if I just want her to be a safe, happy young girl?","10","2","The Whaler (No. 165)","Reddington reflects on his need to protect Agnes, even while acknowledging the wisdom of honesty from the children's author.","Transcript S10E02","ClaudeMiner","Harold Cooper","family; truth; love; sacrifice","monologue","5"
"I know how much you care. Truly. I know you have the best possible intentions when it comes to her. But that also means allowing her to skin her knees sometimes.","10","2","The Whaler (No. 165)","Reddington advises Cooper to let Agnes face challenges on her own, rather than solving all her problems for her.","Transcript S10E02","ClaudeMiner","Harold Cooper","family; wisdom; love","emotional","4"
"I've raised two children of my own in my life. Now I'm raising someone else's, and I can tell you with certainty, they grow up to be whomever they're going to be.","10","2","The Whaler (No. 165)","Reddington ends his conversation about Agnes with a philosophical observation about parenting and identity.","Transcript S10E02","ClaudeMiner","Harold Cooper","family; wisdom; identity","wisdom","5"
"You told me we were safe. You told me you had thought of everything. I had. But you never told me you were on some path of assured mutual destruction with Raymond Reddington of all people.","10","2","The Whaler (No. 165)","Reddington visits the Whaler in hiding, revealing he has tracked her down and is now in control.","Transcript S10E02","ClaudeMiner","Anika de Beer (the Whaler)","betrayal; power; survival","threat","3"
"I'm someone who can do quite a lot when it comes to favors for a person with a fertile imagination.","10","2","The Whaler (No. 165)","Reddington negotiates for a favor, offering his services in exchange for a poker invitation.","Transcript S10E02","ClaudeMiner","Spencer Waters","power; wisdom; trust","wisdom","3"
"I want you to be comfortable when you leave the house in the morning and start up that sexy Holden HK Monaro. Comfortable that the ignition doesn't ignite an incendiary device packed with EPX-1, which has the highest detonation velocity of all plastic explosives.","10","2","The Whaler (No. 165)","Reddington threatens a casino manager who questioned his client by describing in detail how he could have rigged his car to explode.","Transcript S10E02","ClaudeMiner","unknown (casino manager)","threat; power; survival","threat","4"
"I hope not. But at least we've played a hand.","10","2","The Whaler (No. 165)","Wujing vows the conflict isn't over, and Reddington responds with a casual, almost playful remark.","Transcript S10E02","ClaudeMiner","Wujing","humor; survival; revenge","one-liner","4"
"You see, Quentin, I suspected that you might prove reticent, and I thought an old-fashioned criminal deserves an old-fashioned punishment. You try to take from me, I take your hand.","10","3","The Four Guns (No. 199)","Reddington threatening to cut off the pickpocket's hand if he doesn't cooperate.","Transcript S10E03","ClaudeMiner","Quentin Dodd","revenge; crime; survival","threat","5"
"Ever smell bone dust? The Gigli saw was invented 130 years ago, but I still haven't found a cleaner way to sever a limb.","10","3","The Four Guns (No. 199)","Reddington menacingly describing the tools he would use to amputate the pickpocket's hand.","Transcript S10E03","ClaudeMiner","Quentin Dodd","revenge; survival","threat","4"
"Us old-timers have a motto: in with the gravy, in with the grief. You want your share of the spoils, you take your share of the trouble that comes along with it.","10","3","The Four Guns (No. 199)","Reddington lecturing the pickpocket on the consequences of being in a criminal enterprise.","Transcript S10E03","ClaudeMiner","Quentin Dodd","crime; wisdom; survival","wisdom","4"
"You see? You always have an angle. And I'm the one who taught you that.","10","3","The Four Guns (No. 199)","Reddington acknowledges Robert's suspicion that he has a hidden plan, while taking credit for teaching him to be cunning.","Transcript S10E03","ClaudeMiner","Robert","wisdom; crime; legacy","wisdom","3"
"Their shimmer comes from an industrial by-product: arsenic. The Victorians were mad for it. Put it in wallpaper, linen, lingerie. And when they went truly mad from toxic exposure, doctors thought it was hysteria, 'witch fever.' We know better now.","10","3","The Four Guns (No. 199)","Reddington explaining the deadly history of arsenic in Victorian-era books while trading rare books with Robert.","Transcript S10E03","ClaudeMiner","Robert","wisdom; death; crime","monologue","4"
"I assume braver men have plumbed your depths and drowned. The stuff you carry, the way your smile never reaches those eyes... it's just humor and darkness. A life lived too long with little left to lose. Except the life.","10","3","The Four Guns (No. 199)","Reddington observing the pickpocket's character and sense of desolation, seeing through his bravado.","Transcript S10E03","ClaudeMiner","Quentin Dodd","wisdom; death; identity","monologue","5"
"I knew he wouldn't be able to resist the temptation, so I installed a tracking device. Again with the watch? You need to seek professional help.","10","3","The Four Guns (No. 199)","Reddington reveals he bugged a watch to track the pickpocket, mocking Robert for his obsession with watches.","Transcript S10E03","ClaudeMiner","Robert","humor; crime","humor","4"
"In my back pocket. You missed all the people I keep there, including a certain Senator you conspired to have killed.","10","3","The Four Guns (No. 199)","Reddington cryptically reveals that he has leverage over the pickpocket, implying he knows about the assassination plot against Panabaker.","Transcript S10E03","ClaudeMiner","Quentin Dodd","power; betrayal; crime","threat","4"
"All part of the plan, Robert. Okay, so maybe there was a 15% chance, 20% at most. Maybe 25%. But here you are!","10","3","The Four Guns (No. 199)","Reddington casually admitting the risk of poisoning Robert with an arsenic-laced book, dismissing his near-death experience.","Transcript S10E03","ClaudeMiner","Robert","humor; survival","humor","5"
"The caviar I serve my prisoners is just fish eggs.","10","3","The Four Guns (No. 199)","Reddington sarcastically reassures Robert that he is a guest, not a prisoner, after breaking him out of prison.","Transcript S10E03","ClaudeMiner","Robert","humor; power","one-liner","4"
"The tree of liberty must be refreshed with the blood of patriots. I will not stop the bleeding until liberty is restored.","10","3","The Four Guns (No. 199)","Reddington quoting Thomas Jefferson to justify his coercive methods while pressuring a pickpocket for information.","Transcript S10E03","ClaudeMiner","Quentin Dodd","power; justice; revenge","threat","5"
"These particular pickpockets aren't scavengers. They're apex predators.","10","3","The Four Guns (No. 199)","Reddington explaining that the pickpockets who disarmed the Secret Service are not common thieves but highly skilled criminals.","Transcript S10E03","ClaudeMiner","Harold Cooper","crime; wisdom; survival","wisdom","4"
"They study their prey to determine what action will provoke the desired reaction. And once their diversion has you exactly where they want you, they sink their teeth in so fast, you never see them strike.","10","3","The Four Guns (No. 199)","Reddington describing the methodical and predatory nature of the Four Guns pickpockets.","Transcript S10E03","ClaudeMiner","Harold Cooper","crime; wisdom; survival","monologue","4"
"Well, in this case, it's going to take a thief to catch an assassin.","10","3","The Four Guns (No. 199)","Reddington proposing their strategy to stop the assassin targeting Senator Panabaker.","Transcript S10E03","ClaudeMiner","Harold Cooper","wisdom; justice","one-liner","4"
"If my circle of friends gets any smaller, it won't be a circle. I just want to fill my world with people I care about.","10","4","The Hyena (No. 200)","Reddington explains why he broke Vesco out of prison and is treating him well.","Transcript S10E04","ClaudeMiner","Robert Vesco","friendship; loneliness; survival","emotional","4"
"I can't be certain, but I may need some help. The sort of help the task force cannot provide.","10","4","The Hyena (No. 200)","Reddington hints at a future need, asking Cooper to stay away from Vesco.","Transcript S10E04","ClaudeMiner","Harold Cooper","trust; survival","wisdom","3"
"Better that than fear or pain or regret. At the moment of my death, I just want to feel alive.","10","4","The Hyena (No. 200)","Reddington reflects on how Warren Bostwick might have felt creating the treasure hunt, compared to his own views on death.","Transcript S10E04","ClaudeMiner","Robert Vesco","death; wisdom; regret","wisdom","5"
"A tragic tale, no doubt. But at least it brought us together, my friend.","10","4","The Hyena (No. 200)","Reddington comments on Warren Bostwick's story after watching the NFT video.","Transcript S10E04","ClaudeMiner","Robert Vesco","friendship; wisdom","one-liner","3"
"It was the sadness he felt over the loss of your mother. What drove him to make all that money you're so desperate for was a desire to dull the pain deep inside. But all the riches in the world couldn't fill the hole that your mother left in his life.","10","4","The Hyena (No. 200)","Reddington explains the true meaning of the third clue to Cordelia, revealing her father's motive.","Transcript S10E04","ClaudeMiner","Cordelia Bostwick","grief; family; wisdom","monologue","4"
"Robert, I'd venture to say that you and I know far more details of Warren's personal life than even his own daughters.","10","4","The Hyena (No. 200)","Reddington suggests they have an edge over the Bostwick sisters in solving the clues.","Transcript S10E04","ClaudeMiner","Robert Vesco","wisdom; friendship","one-liner","3"
"If my circle of friends gets any smaller, it won't be a circle.","10","4","The Hyena (No. 200)","","https://multiple-sources","WebResearch",,,,
"There's no such thing as a needless stop, Herbie. Time is the ultimate luxury, a thing to be savored, not hoarded, nor compressed, nor controlled, as if any of us can control time in the first place.","10","5","The Dockery Affair","Reddington arrives at Herbie's home, chiding him for taking a faster train, and philosophizing about time.","Transcript S10E05","ClaudeMiner","Herbie","wisdom; time; freedom","wisdom","4"
"In my experience, things that are that obvious are often obvious for a reason.","10","5","The Dockery Affair","Reddington hints that Paul Bruno Jr.'s guilt may be too convenient, after Cooper recounts the case.","Transcript S10E05","ClaudeMiner","Harold Cooper","truth; wisdom","wisdom","4"
"When the stakes are this high is precisely when details tend to get overlooked.","10","5","The Dockery Affair","Reddington emphasizes the need for thorough investigation, even in a seemingly open-and-shut case.","Transcript S10E05","ClaudeMiner","Task Force","justice; truth; wisdom","wisdom","3"
"Retribution is a dish he generally serves cold. This crime is decidedly hot. He has nothing to gain by tasking his only son with a revenge killing.","10","5","The Dockery Affair","Reddington discusses the murder of Judge Dockery and points out the inconsistency in Paul Bruno Sr.'s alleged revenge plan.","Transcript S10E05","ClaudeMiner","Herbie","revenge; justice; wisdom","wisdom","3"
"A forensics nerd who plays competitive foosball. Who also happens to be happily married to a super-hot punk-rock singer. Well, that confirms it. I'm definitely doing it wrong.","10","5","The Dockery Affair","Reddington quips about Herbie's surprising life after learning about his foosball tournament and wife.","Transcript S10E05","ClaudeMiner","Siya","humor; wisdom","humor","3"
"Time is the ultimate luxury, I think. To be savored, not hoarded nor compressed nor controlled.","10","5","The Dockery Affair","","https://multiple-sources","WebResearch",,,,
"There's No Such Thing As Luck. Just Well-Placed Opportunities.","10","5","The Dockery Affair","Bulk Ingest","Manual Input","ManualIngest",,,,
"There's a cost. I'm not talking about the people you lose. I'm talking about what happens to the ones who survive. This work changes people. It changed me, and I'm not sure if it was for the best.","10","6","Dr. Laken Perillos, Pt. 2","Reddington warns Agent Malik about the psychological toll of working on the Blacklist task force after Dembe's near-death experience.","Transcript S10E06","ClaudeMiner","Siya Malik","survival; morality; sacrifice","emotional","5"
"Dembe hasn't written an incomplete sentence since he learned to write.","10","6","Dr. Laken Perillos, Pt. 2","Reddington deduces Dembe is in trouble because a text message from Dembe has poor grammar, which is uncharacteristic.","Transcript S10E06","ClaudeMiner","Harold Cooper","loyalty; wisdom","wisdom","4"
"Most people blame the seafood, but, uh, nine times out of 10, it's the unwashed greens that get you. What? It's true.","10","6","Dr. Laken Perillos, Pt. 2","Reddington is talking on the phone about a food poisoning incident, making a witty observation about common causes.","Transcript S10E06","ClaudeMiner","unknown","wisdom; humor","wisdom","3"
"You're paying her for betraying us? We offered Maria money in exchange for information. She may have fed us the who, what, and where on someone else's orders. But the why she just gave us? That's something to pay for.","10","7","The Freelancer (No. 145): Pt. 2","Paying the housekeeper for honest information despite her betrayal.","Transcript S10E07","ClaudeMiner","Rogelio","honesty; justice","wisdom","3"
"Fatherhood isn't for the faint of heart. Some days I find myself wondering if everything else is worth it. The job. The Blacklist. How much it takes me away from her. I miss that little girl every moment I'm not with her.","10","7","The Freelancer (No. 145): Pt. 2","Empathizing with Cooper's struggles balancing work and family.","Transcript S10E07","ClaudeMiner","Harold Cooper","family; sacrifice","emotional","4"
"And it seems like every time we stop a threat, it just begets three more. It's a disastrous domino effect.","10","7","The Freelancer (No. 145): Pt. 2","Commenting on the endless cycle of danger from the Blacklist.","Transcript S10E07","ClaudeMiner","Harold Cooper","survival; crime","wisdom","3"
"The day you do need an investor or a spokesman who happens to be on the most wanted list, click your heels and there I'll be.","10","7","The Freelancer (No. 145): Pt. 2","Offering future help to Rogelio for his sheet business.","Transcript S10E07","ClaudeMiner","Rogelio","loyalty","humor","3"
"There's scarcely a rule I haven't broken in my life, Dembe. But there is one even I won't trifle with, the Rule of Three. Goldilocks and the Three Bears, the Three Little Pigs, the three-paragraph persuasive essay. Three is the smallest number of any elements that firmly establishes a pattern in the human mind.","10","7","The Freelancer (No. 145): Pt. 2","Explaining why Wujing plans a third attack to establish a pattern.","Transcript S10E07","ClaudeMiner","Dembe Zuma","wisdom; crime","monologue","5"
"It was a terrible mistake bringing him deeper into my world. And, tragically, he was the one to pay the price for it.","10","7","The Freelancer (No. 145): Pt. 2","Blaming himself for Vesco's death and its consequences.","Transcript S10E07","ClaudeMiner","Harold Cooper","regret; sacrifice; loyalty","emotional","3"
"Robert was fond of saying that he taught me everything I know. But he didn't ever really know the half of who or what I am.","10","7","The Freelancer (No. 145): Pt. 2","Reflecting on Robert Vesco's death and their relationship.","Transcript S10E07","ClaudeMiner","Harold Cooper","identity; truth; regret","wisdom","4"
"But I'll miss him, and it's entirely my fault. Usually is.","10","7","The Freelancer (No. 145): Pt. 2","Acknowledging his pattern of causing harm to those close to him.","Transcript S10E07","ClaudeMiner","Harold Cooper","regret; morality","one-liner","4"
"All that fear and trepidation, anticipation for nothing. Tell yourself all the stories you want to about me, Phil, but there's nothing there except a one-eyed goat.","10","8","The Troll Farmer (No. 38) - Part 2","Red concludes the parable, reassuring Phil that his fears about Red working with the feds are baseless.","Transcript S10E08","ClaudeMiner","Phillip (Phil)","trust; betrayal; wisdom","parable","5"
"You know, Julia Child didn't graduate from Le Cordon Bleu until she was 39. In fact, she even failed her first exam there. Practice makes perfect.","10","8","The Troll Farmer (No. 38) - Part 2","Red encourages Agnes after she fails at baking a chocolate cake for her vlog.","Transcript S10E08","ClaudeMiner","Agnes","wisdom; family","wisdom","4"
"I have a soft spot in my heart for the sort of development you do. But make no mistake, you can't do it the way you do it without me. I expect full payment by tomorrow morning. And if something like this ever happens again, it won't end with a polite conversation.","10","8","The Troll Farmer (No. 38) - Part 2","Red delivers an elegant threat to Phil after resolving the payment issue.","Transcript S10E08","ClaudeMiner","Phillip (Phil)","power; threat; survival","threat","4"
"Somewhere in all those frailties is an incredible mind. He sees things in ways that others don't. I really think he could offer a fresh perspective.","10","8","The Troll Farmer (No. 38) - Part 2","Red describes Herbie's unique abilities, convincing Cooper to hire him.","Transcript S10E08","ClaudeMiner","Harold Cooper","wisdom; trust","emotional","3"
"You know, Harold, I have, in fact, been keeping something from you. Something big. It's time for me to let you and the task force in. If we play our cards right, this war with Wujing will be over in 72 hours, and my connection to the task force will forever remain shrouded in secrecy. As if it was never there.","10","8","The Troll Farmer (No. 38) - Part 2","Red hints at a major plan to end Wujing's threat and protect the task force.","Transcript S10E08","ClaudeMiner","Harold Cooper","power; secrecy; revenge","monologue","4"
"The key is to fold the ingredients together gently. When we're done, if this isn't the most decadent cake you've ever had, I will personally fly you to Vienna for a Sachertorte at the Cafe Demel. The world's most famous chocolate cake, and its history is rife with controversy. It all began in 1832 with a prince.","10","8","The Troll Farmer (No. 38) - Part 2","Red teaches Agnes how to bake a chocolate cake, promising a trip to Vienna if it fails.","Transcript S10E08","ClaudeMiner","Agnes","wisdom; family; humor","monologue","4"
"I think you should hire him, Harold. He so desperately wants to be part of a team. Your team, in fact. I think it would be wonderful for him. Though I should warn you, he's not entirely a team player.","10","8","The Troll Farmer (No. 38) - Part 2","Red advocates for Herbie Hambright to get a job with the task force.","Transcript S10E08","ClaudeMiner","Harold Cooper","loyalty; trust","emotional","3"
"When I was a child, I spent many summers at my grandmother's farm. She kept pigs, chickens, some cows, sheep. And there was this one little goat, Belka. Poor thing had only one eye. My grandmother thought she was hideous, but I took quite a shine to her.","10","8","The Troll Farmer (No. 38) - Part 2","Red tells a parable to Phil about a one-eyed goat to illustrate that Phil's fears about him are unfounded.","Transcript S10E08","ClaudeMiner","Phillip (Phil)","loyalty; betrayal; wisdom","parable","5"
"I was reminded of this the other day in an antique shop in the West Village. I couldn't resist.","10","8","The Troll Farmer (No. 38) - Part 2","Red explains why he threw away his phone and shows off a brooch, likening himself to Madeleine Albright sending silent messages.","Transcript S10E08","ClaudeMiner","Harold Cooper","power; wisdom; humor","wisdom","3"
"Still getting rich? Of course. And I appreciate it. Do you understand the competitive advantage I offer? Steel, wood, cement at close to cost. Expedited shipments when supply-chain issues are delaying projects for months, if not years. How long has it been since you've had a labor problem?","10","8","The Troll Farmer (No. 38) - Part 2","Red reminds Phil of the value he provides, reinforcing their business relationship.","Transcript S10E08","ClaudeMiner","Phillip (Phil)","power; crime; survival","monologue","3"
"Wujing is nothing more than a fly, Harold. A pest. A nuisance.","10","8","The Troll Farmer (No. 38) - Part 2","Red dismisses Wujing's threat while Cooper expresses concern about the danger.","Transcript S10E08","ClaudeMiner","Harold Cooper","power; crime","threat","3"
"I'm well aware that flies can be dangerous, even lethal, but mostly just annoying. It's time to swat this one down.","10","8","The Troll Farmer (No. 38) - Part 2","Red acknowledges Wujing's danger but insists on dealing with him decisively.","Transcript S10E08","ClaudeMiner","Harold Cooper","power; justice; revenge","wisdom","4"
"Well, the truth is, we should all be leaving here fairly shortly.","10","9","The Troll Farmer (No. 38) - Part 3","Reddington's cool, understated line after a tense standoff in the Post Office, hinting at his control of the situation.","Transcript S10E09","ClaudeMiner","Sven Hollufson","humor; power; survival","humor","3"
"In this life of ours, there are lines that even criminals should not cross, a standard of conduct even for those who earn their livelihood by breaking the law.","10","9","The Troll Farmer (No. 38) - Part 3","Reddington justifies his moral code to Sven, rejecting the idea that there's no honor among thieves.","Transcript S10E09","ClaudeMiner","Sven Hollufson","morality; loyalty; justice","wisdom","5"
"What wins wars? Anticipation.","10","9","The Troll Farmer (No. 38) - Part 3","Reddington explains his strategy of staying ahead of Wujing by anticipating his moves.","Transcript S10E09","ClaudeMiner","Dembe","wisdom; power; survival","wisdom","4"
"You can live to fight another battle, another day, and when that battle comes, you can fight it with me.","10","9","The Troll Farmer (No. 38) - Part 3","Reddington offers the mercenaries a chance to join him after killing Wujing.","Transcript S10E09","ClaudeMiner","Sven Hollufson and his mercenaries","survival; power; loyalty","threat","3"
"The world's elite criminals have always cultivated relationships with law enforcement. I'm no different, except that I do it better, with a little thought and a little imagination and the visionary purpose that's made me who and what I am.","10","9","The Troll Farmer (No. 38) - Part 3","Reddington explains to the mercenary Sven why he works with the FBI, framing it as a strategic advantage.","Transcript S10E09","ClaudeMiner","Sven Hollufson","power; wisdom; morality","monologue","4"
"My rising tide has been lifting all boats for decades, and as long as that is the fact, how I do what I do, who I leverage and why is nobody's business but my own.","10","9","The Troll Farmer (No. 38) - Part 3","Reddington defends his partnership with the FBI to Sven, emphasizing his long-term success.","Transcript S10E09","ClaudeMiner","Sven Hollufson","power; wisdom; trust","monologue","4"
"As a man with some criminal experience, I can assure you that sometimes forces much greater than ourselves help to lead us to those waters.","10","10","The Postman (No. 173)","Cooper feels guilty about his past jury decision on Larry Nelson; Reddington offers a philosophical perspective.","Transcript S10E10","ClaudeMiner","Harold Cooper","fate; morality; justice","wisdom","4"
"Ghosts like to do that, don't they? Pop out of the woodwork.","10","10","The Postman (No. 173)","Reddington calls Cooper back, who mentions someone from his past has reappeared unexpectedly.","Transcript S10E10","ClaudeMiner","Harold Cooper","regret; survival; betrayal","wisdom","3"
"What am I supposed to do, Harold? We have a task force built around an asset you can't control or reach on a cellphone apparently.","10","11","The Man in the Hat","Reddington (as Cynthia Panabaker) criticizes Cooper about his inability to control the asset during a tense phone call.","Transcript S10E11","ClaudeMiner","Harold Cooper","power; trust","threat","4"
"Well, I could frighten you all and tell you that I'll have my people do their worst, but what's the point when it's so much easier to make you happy? Or at least make you rich.","10","11","The Man in the Hat","Reddington bribes the hostages to lie to police after the gunman is killed, offering wealth instead of threats.","Transcript S10E11","ClaudeMiner","hostages (Ji-Min, Sammy, Ron, Maxy)","loyalty; power; survival","monologue","5"
"Jackpot rich. Wish-come-true rich. Rich enough to pay all your bills and start something new, something exciting.","10","11","The Man in the Hat","Reddington promises wealth to the hostages for their cooperation after the shootout.","Transcript S10E11","ClaudeMiner","hostages (Ji-Min, Ron, Maxy)","power; freedom","threat","3"
"I'm not much of a list person myself. I prefer to rely on my instincts when it comes to judging someone's character.","10","11","The Man in the Hat","Reddington dismisses the FBI's Most Wanted list and trusts his gut about the hostages after the robbery.","Transcript S10E11","ClaudeMiner","hostages (Ji-Min, Sammy, Ron, Maxy)","wisdom; trust","wisdom","4"
"It's in nobody's interest if you're only helping the task force because I'm forcing you to. Help them because the world is a better place with them in it.","10","11","The Man in the Hat","Reddington advises Panabaker to support the task force for altruistic reasons rather than coercion.","Transcript S10E11","ClaudeMiner","Cynthia Panabaker","justice; wisdom; morality","wisdom","5"
"You get to be my age, you do what you can. My wife, Maxy, she loves the look. Humphrey Bogart.","10","11","The Man in the Hat","Reddington, disguised as hostage Ron, explains his stylish coat and hat to Ressler during interrogation.","Transcript S10E11","ClaudeMiner","Ressler","identity; humor","humor","3"
"The kind of wonder that exists within each of us and makes life worth living.","10","11","The Man in the Hat","Reddington writes to Agnes about the Barnes Foundation art catalogue he got for her, reflecting on wonder and life.","Transcript S10E11","ClaudeMiner","Agnes (via letter)","family; wisdom","emotional","5"
"It's just a Peanut Chew. No cause for alarm.","10","11","The Man in the Hat","Reddington is in a convenience store when a gunman enters; he calmly dismisses his purchase as harmless despite the robbery.","Transcript S10E11","ClaudeMiner","Ji-Min","humor; survival; wisdom","one-liner","4"
"Letting go more and more so I can better hold onto what I really want and still be light on my feet.","10","12","Dr. Michael Abani (No. 198)","Explaining to Agnes why he no longer has houses after she asks why he got rid of them all.","Transcript S10E12","ClaudeMiner","Agnes","freedom; wisdom; sacrifice","wisdom","4"
"The past and the present aren't as neatly divided as we'd like to believe.","10","12","Dr. Michael Abani (No. 198)","Advising Dembe after he reconnects with Aissa, suggesting their history isn't fully behind them.","Transcript S10E12","ClaudeMiner","Dembe","truth; identity; regret","wisdom","5"
"You're still in love with her. I think I always have been.","10","12","Dr. Michael Abani (No. 198)","After Dembe thanks him for helping Aissa, Reddington acknowledges Dembe's feelings.","Transcript S10E12","ClaudeMiner","Dembe","love; loyalty; regret","emotional","4"
"I suppose the past and the present aren't as neatly divided as we'd like to believe.","10","12","Dr. Michael Abani (No. 198)","After arranging Michael's rescue and observing Dembe's emotions about Aissa.","Transcript S10E12","ClaudeMiner","Dembe","truth; time; regret","wisdom","5"
"Just having a little fun, Harold. Remember fun? You get older, and you realize we make life so complicated when it doesn't need to be. We complicate ourselves to death.","10","13","The Sicilian Error of Color","Dismissing Cooper's concern about him traipsing around the globe giving away possessions, after giving Cooper a gift.","Transcript S10E13","ClaudeMiner","Harold Cooper","wisdom; freedom; survival","wisdom","4"
"The older I get, the less I desire. And the things you desire, you can't live without.","10","13","The Sicilian Error of Color","Explaining why he's unloading his priceless treasures, when Cynthia asks if something has changed in his world.","Transcript S10E13","ClaudeMiner","Cynthia Mallet","wisdom; legacy; identity","wisdom","4"
"Now look who's dancing with a murderous beast, poking it with sharp sticks.","10","13","The Sicilian Error of Color","Turning Siya's earlier metaphor about bullfighting back on her, after she insists on finding out the truth about her mother despite his warning.","Transcript S10E13","ClaudeMiner","Siya Malik","truth; wisdom","one-liner","4"
"Un-redacting the past won't change any of that. Maybe what matters most, Siya, is what you already know. That you were loved and cared for by Meera and your stepfather.","10","13","The Sicilian Error of Color","Reacting to Siya asking if he knows more about her mother's redacted past, warning against reopening old wounds.","Transcript S10E13","ClaudeMiner","Siya Malik","wisdom; truth; family","wisdom","3"
"The closer a matador fights to the horns, the closer he is to his grave. I suppose in the end, Manolete found it easier to risk his life than to live a life without risk.","10","13","The Sicilian Error of Color","Explaining why the legendary matador Manolete kept fighting despite wanting to retire, after showing Siya the bull horns of Islero.","Transcript S10E13","ClaudeMiner","Siya Malik","wisdom; sacrifice; death","monologue","4"
"You get older and you realize we make life so complicated when it doesn't need to be. We complicate ourselves to death.","10","13","The Sicilian Error of Color","","https://multiple-sources","WebResearch",,,,
"I'm reminded of a time at the Hipodromo Independencia in Rosario. There was a young colt, perfectly bred, aggressive, energetic. Everyone knew he was a sure thing. I'm embarrassed to say I bought into the hype and bet a whole lot of money on him, and he lost to a horse who had seen better days but had the heart and soul of a winner. And that night he made sure everyone knew it.","10","14","The Nowhere Bride","Reddington tells a parable to illustrate that underdogs can triumph, implicitly warning Santoro's associate.","Transcript S10E14","ClaudeMiner","Adolfo Santoro's representative","power; wisdom; survival","parable","5"
"I learned the hard way to avoid promises. Stick to probabilities, likelihoods. You'll find the collateral damage is much less.","10","14","The Nowhere Bride","Reddington offers cynical advice about promises during a tense negotiation over a Florida contract.","Transcript S10E14","ClaudeMiner","Adolfo Santoro's representative","wisdom; survival; regret","wisdom","4"
"Erosion is a sneaky sort. It happens slowly over time. Before you know it, something that once was thriving no longer exists.","10","14","The Nowhere Bride","Reddington delivers a veiled threat about the consequences of excluding him from a business deal.","Transcript S10E14","ClaudeMiner","Adolfo Santoro's representative","power; survival; betrayal","threat","4"
"I missed you. Miss you. I miss you, too.","10","14","The Nowhere Bride","Reddington has a heartfelt reunion with Dembe, expressing his genuine affection.","Transcript S10E14","ClaudeMiner","Dembe","loyalty; family","emotional","4"
"Some stories can't just be told. They have to be discovered.","10","14","The Nowhere Bride","Reddington declines to directly explain the connection between Kathleen Sutton and Siya's mother's past, implying she must find out for herself.","Transcript S10E14","ClaudeMiner","Siya Malik","truth; wisdom","wisdom","4"
"Not every answer is worth knowing.","10","14","The Nowhere Bride","","https://multiple-sources","WebResearch",,,,
"I know how far a parent will go to protect their child.","10","14","The Nowhere Bride","Reddington reveals that Meera Malik let a colleague die to protect Siya, showing empathy for parental sacrifice.","Transcript S10E14","ClaudeMiner","Siya Malik","family; sacrifice; morality","emotional","5"
"There's something in the New York air that makes sleep useless, so said Simone de Beauvoir.","10","14","The Nowhere Bride","Reddington makes a philosophical observation about sleeplessness, referencing Simone de Beauvoir to an agent who's complaining about hotel noise.","Transcript S10E14","ClaudeMiner","Siya Malik","wisdom; humor; survival","wisdom","3"
"It takes a lot to build a family. My own mother was willing to sacrifice anything. When I think about all those families and their dreams, about what was lost — what you destroyed for money — you should be glad you're talking to me and not my mother, because she would've left you broken and bleeding.","10","15","The Hat Trick","Reddington confronts Todd, the son who sabotaged his parents' embryos, emphasizing the value of family over greed.","Transcript S10E15","ClaudeMiner","Todd Wagner","family; revenge; morality","threat","5"
"We lose one species every hour on earth. That's a grim metric to mark the passage of time. Then I think about Agnes, and how much has she already lost? I've done everything I can to safeguard her future, but some forces are well beyond even my considerable control. So, I'm giving it up to others. Perhaps my gift will help slow the clock down, so she can enjoy more of what the world has to offer.","10","15","The Hat Trick","Reddington explains his massive donation to Wild Society, reflecting on loss, the future for Agnes, and his evolving priorities.","Transcript S10E15","ClaudeMiner","Dembe","legacy; family; wisdom","emotional","5"
"Everything is all relative. And alright is definitely relative.","10","15","The Hat Trick","Dembe expresses concern about Reddington's unusual behavior; Reddington deflects with a philosophical remark.","Transcript S10E15","ClaudeMiner","Dembe","wisdom","one-liner","3"
"You just saw what happens when people forget how meaningless it really is. They had power, respect, freedom, and they threw it all away for one more dollar. People have to know when enough is enough. And if you find yourself hanging on too tight, well, time to let go.","10","15","The Hat Trick","Reddington reflects on the three corrupt board members who lost everything due to greed.","Transcript S10E15","ClaudeMiner","Dembe","wisdom; morality; power","wisdom","5"
"Heartbreaking for all those families — rumored to be among Washington's best and brightest, if there is such a thing.","10","15","The Hat Trick","Reddington describes the tragedy at Wexford Fertility Clinic, sarcastically questioning the brilliance of Washington's elite.","Transcript S10E15","ClaudeMiner","Harold Cooper","humor; crime","humor","3"
"The best time to plant a tree is 20 years ago. The second best time is now. Luckily for you, I have three seedlings.","10","15","The Hat Trick","","https://multiple-sources","WebResearch",,,,
"The best time to plant a tree is 20 years ago. The second best time is now.","10","15","The Hat Trick","Reddington provides three new cases to Cooper, using the proverb to explain why it's never too late to start solving problems.","Transcript S10E15","ClaudeMiner","Harold Cooper","wisdom; power; survival","wisdom","5"
"I once knew a man in Marrakech who... Very difficult to get an appointment with, but I once got his wife out of a terribly awkward situation in Connecticut, so he owes me.","10","15","The Hat Trick","Reddington muses about setting up Agent Malik with a sleep doctor after noting she snores.","Transcript S10E15","ClaudeMiner","Harold Cooper","wisdom; humor; crime","parable","4"
"The wheels of justice grind at their characteristic snail's pace. We should be fine about it.","10","16","Blair Foster (No. 39)","Reddington suggests waiting out legal pressure on the task force.","Transcript S10E16","ClaudeMiner","Cooper","justice; humor; survival","wisdom","5"
"Let's shine a light under every rock in town and show them what real corruption looks like.","10","16","Blair Foster (No. 39)","Reddington proposes targeting Blair Foster to distract Congress.","Transcript S10E16","ClaudeMiner","Cooper","justice; power; crime","one-liner","4"
"If you're hearing this, it's because I'm not. And if I'm not, then there's something you need to know.","10","16","Blair Foster (No. 39)","Reddington's message about the truth being hidden.","Transcript S10E16","ClaudeMiner","unknown","truth; legacy; mystery","wisdom","4"
"A wonder of the world, but one designed to be hidden, wondrous precisely because it exists unseen in plain sight.","10","17","The Morgana Logistics Corporation (No. 167)","Describing the Morgana network as a hidden logistical marvel.","Transcript S10E17","ClaudeMiner","Morgana Logistics executives","legacy; power; crime","monologue","5"
"Of all the enterprises I've designed and maintained as part of my organization, it stands as one of the crowning achievements.","10","17","The Morgana Logistics Corporation (No. 167)","Reddington, revealed as the head of Morgana, addresses the regional principals about a celebration.","Transcript S10E17","ClaudeMiner","Morgana Logistics executives","legacy; power; wisdom","monologue","5"
"Beginnings and endings. The coming of spring.","10","17","The Morgana Logistics Corporation (No. 167)","When asked what he's celebrating, Red cryptically describes the party he throws for Morgana's key principals, marking the end of their enterprise.","Transcript S10E17","ClaudeMiner","Andrea Athens","legacy; wisdom; death","one-liner","4"
"A monumental effort, accomplished, as the greatest things are, with singular vision and collective action.","10","17","The Morgana Logistics Corporation (No. 167)","Praising the collective work of the Morgana team.","Transcript S10E17","ClaudeMiner","Morgana Logistics executives","legacy; loyalty; power","monologue","5"
"Our masterpiece has been scalped and disfigured. But all of us will live. And all of us will share in the cure.","10","17","The Morgana Logistics Corporation (No. 167)","Concluding his speech, affirming that the team will survive the dissolution of the empire.","Transcript S10E17","ClaudeMiner","Morgana Logistics executives","legacy; survival; loyalty; sacrifice","emotional","5"
"John Singer Sargent once painted a portrait of Henry James that was immediately deemed a masterpiece. But in 1914, at the Royal Academy, a political activist took a meat cleaver to the face of the painting. And when a reporter asked James how he felt about the vandalism, he said, 'I naturally feel very scalped and disfigured, but you will be glad to know that I seem to be pronounced curable.'","10","17","The Morgana Logistics Corporation (No. 167)","Using the story of a slashed painting to compare to the end of Morgana, emphasizing survival and recovery.","Transcript S10E17","ClaudeMiner","Morgana Logistics executives","legacy; survival; sacrifice; wisdom","parable","5"
"This was more than an enterprise, it was our lives, and we lived them together. I'm so proud... That word doesn't really suffice.","10","17","The Morgana Logistics Corporation (No. 167)","Emotional farewell speech as Reddington announces the dissolution of the Morgana operation.","Transcript S10E17","ClaudeMiner","Morgana Logistics executives","loyalty; legacy; sacrifice","emotional","5"
"What no one knows is that hidden among those 11,000 containers are two that most certainly are not what they appear to be.","10","17","The Morgana Logistics Corporation (No. 167)","Explaining the Morgana Logistics operation to Cooper, highlighting the hidden criminal containers.","Transcript S10E17","ClaudeMiner","Harold Cooper","crime; truth","wisdom","3"
"Remember when you fell asleep during that movie? You know, the animated one? I measured your feet.","10","17","The Morgana Logistics Corporation (No. 167)","Red reveals how he got custom Capezio ballet shoes for Agnes, showing his thoughtful and clever nature.","Transcript S10E17","ClaudeMiner","Agnes","family; love","emotional","4"
"You need a bodyguard. I don't want a bodyguard. I want a girlfriend.","10","17","The Morgana Logistics Corporation (No. 167)","Red surprises Agnes with ballet shoes after a recital; she playfully dismisses his concern for her safety.","Transcript S10E17","ClaudeMiner","Agnes","humor; family","humor","3"
"I don't know what Weecha's intentions are, Dembe. The woman's hard to read. She wouldn't hurt me, but she might hurt me. It's unclear.","10","17","The Morgana Logistics Corporation (No. 167)","Explaining the ambiguous nature of his relationship with Weecha.","Transcript S10E17","ClaudeMiner","Dembe","trust; survival; betrayal","wisdom","4"
"I was half-asleep when I heard someone coming in. So I went to investigate. You were alone? Yes, but I felt perfectly capable of defending myself. From? It was Weecha.","10","17","The Morgana Logistics Corporation (No. 167)","Red finally tells Dembe the truth about the intruder, revealing it was Weecha, not a real threat.","Transcript S10E17","ClaudeMiner","Dembe","trust; survival","wisdom","3"
"You take down Morgana, you'll end one of the biggest criminal enterprises in American history.","10","17","The Morgana Logistics Corporation (No. 167)","Encouraging Cooper to target the Morgana Logistics Corporation.","Transcript S10E17","ClaudeMiner","Harold Cooper","crime; justice","threat","3"
"Some killers are.","10","18","Wormwood","Gabriella says she is sorry for poisoning everyone, and Reddington replies flatly.","Transcript S10E18","ClaudeMiner","Gabriella Sandoval","morality; death; truth","one-liner","4"
"I'm not afraid to die. As that is the exception to the rule, I almost always have the advantage. I certainly do with you.","10","18","Wormwood","Reddington confronts Gabriella about her poisoning plot, using his lack of fear as leverage.","Transcript S10E18","ClaudeMiner","Gabriella Sandoval","power; death; survival","threat","5"
"You know, over the years, women have gazed upon me with pretty equal measures of love and loathing. My survival has often depended on being able to tell the difference.","10","18","Wormwood","Reddington speaks cryptically to Gabriella, who is revealed to be the poisoner.","Transcript S10E18","ClaudeMiner","Gabriella Sandoval","wisdom; survival; love","wisdom","4"
"David, what the hell? The window! He opened it. You told him not to, but he did.","10","18","Wormwood","Reddington reacts as David Montano opens the window, triggering a lethal allergic reaction.","Transcript S10E18","ClaudeMiner","the families","survival; death","emotional","3"
"The question now isn't whether we'll live, but what we'll do with the gift of living. Personally, I'm hoping for a few laughs, some soft kisses, and peace in our time.","10","18","Wormwood","After learning Wormwood is captured, Reddington reflects on the value of life.","Transcript S10E18","ClaudeMiner","the Sandoval and Montano families","life; hope; humor","monologue","4"
"At this time in our lives, I, for one, want as many reminders of the good and the beauty that this world has to offer. Like Agnes' ballet? Like Agnes' ballet. I can't think of a better reason to risk my life. Can you?","10","18","Wormwood","Reddington explains why attending Agnes's recital is worth the mortal risk from the poison.","Transcript S10E18","ClaudeMiner","Harold Cooper","family; love; sacrifice","emotional","5"
"Did Wormwood talk? Tell me. We got a blacklister. Solved a generational dispute. Some of us went to the ballet. That's a good day in anyone's estimation.","10","18","Wormwood","After the ballet, Reddington recap the day's events to Cooper.","Transcript S10E18","ClaudeMiner","Harold Cooper","humor; justice","humor","3"
"You just got done saying love is why he wouldn't do it. Michael wouldn't, no. But love in the wrong hands or hearts is reckless, and, in my experience, as dangerous as any hatred.","10","18","Wormwood","Reddington reveals that Gabriella's love for Michael drove her to poison everyone, showing the dark side of love.","Transcript S10E18","ClaudeMiner","Izan Montano","love; betrayal; wisdom","wisdom","5"
"Life is risk management, Harold. Priorities, dangers, promises. I gave my word to Agnes. Keeping it is worth the risk.","10","18","Wormwood","Cooper confronts Reddington about leaving quarantine to attend Agnes's ballet recital.","Transcript S10E18","ClaudeMiner","Harold Cooper","family; sacrifice; trust","emotional","4"
"We saw your father murdered, but not by Izan. There's a pox on both your houses. If I were you, I'd start working on that peace, because you have more in common now than ever. Someone wants you all dead.","10","18","Wormwood","After Raoul is killed, Reddington intervenes to stop the blame game and unify the families.","Transcript S10E18","ClaudeMiner","the families","truth; wisdom; survival","monologue","4"
"Forbearance isn't a plan. No, it's a prerequisite. It means we eat first and discuss later.","10","18","Wormwood","Reddington proposes 'forbearance' as a prerequisite to peace talks, then clarifies it means delaying serious discussion.","Transcript S10E18","ClaudeMiner","Vicente Sandoval","wisdom; power; trust","wisdom","3"
"In our minds, that car was mythic. The ghost in the Bayano Reservoir. But when we brought it to the surface You know, all the mystique was gone. We'd risked our lives for an old car. A lot of things in life are like that, things you think are terribly important, but when you dredge them up and really look They're not.","10","18","Wormwood","Reddington tells a parable about a sunken Alfa Romeo to illustrate how old grievances lose their power when examined closely.","Transcript S10E18","ClaudeMiner","Vicente and Raoul","wisdom; truth; regret","parable","5"
"You'd be surprised how much a butler's pantry can tell you about a person.","10","18","Wormwood","Reddington is caught snooping in Vicente's pantry.","Transcript S10E18","ClaudeMiner","Vicente Sandoval","wisdom; humor","wisdom","3"
"You have an encyclopedic collection of crystal and glassware, everything from highballs to old-fashioneds, martinis and pints, brandy snifters. It's impressive. I applaud your liver.","10","18","Wormwood","Reddington describes what he found in Vicente's pantry, complimenting his drinking habits.","Transcript S10E18","ClaudeMiner","Vicente Sandoval","humor; wisdom","monologue","4"
"Next time, they should wand you. I don't have any allergies! Or an attention span, apparently.","10","18","Wormwood","Reddington responds to a man who complains about not having allergies, only to be reminded he was wanded.","Transcript S10E18","ClaudeMiner","a family member","humor; wisdom","humor","3"
"Going into a room with mortal enemies, two dead bodies, and three decades of recrimination? I'm good.","10","18","Wormwood","Dembe suggests going to the villa to help Reddington, who refuses.","Transcript S10E18","ClaudeMiner","Dembe","humor; survival","humor","3"
"Sparkling cider for me. Sulfite allergies, I'm afraid. And no, Raoul, I'm not trying to poison you. I just don't want to poison myself.","10","18","Wormwood","Reddington opts for cider instead of wine, foreshadowing the poison plot.","Transcript S10E18","ClaudeMiner","Raoul Montano","survival; humor","humor","3"
"I'm afraid I've seen this before. I know what comes next. Nobody leaves. Nobody comes in. I'll explain why after we do everything we can to make Vicente and Leon a little more comfortable. Forbearance is suddenly the least of our problems.","10","18","Wormwood","After Vicente and Leon collapse from anaphylactic shock, Reddington takes control of the scene.","Transcript S10E18","ClaudeMiner","the Sandoval and Montano families","survival; power; death","monologue","4"
"Something about keeping the ghosts of his ex-wives at bay. But his twilight tipples also have the added advantage of loosening the tongues of his drinking companions as alcohol's effects on the human brain are two to three times greater after midnight.","10","19","Room 417","Red explains why his friend drinks before dawn, using alcohol's effects to gather intelligence.","Transcript S10E19","ClaudeMiner","Harold Cooper","wisdom; humor; crime","parable","3"
"Are you familiar with the assassination of James Garfield? ... After a decade of obfuscation and misdirection, even now when it matters most, you still can't give me a straight answer. I wish I could articulate one. Truly I do. I guess, the simplest way of putting it is things end, sometimes despite our best efforts and best intentions or sometimes because of that effort or intent. Things end. So something else can begin.","10","19","Room 417","Red explains why he dismantled his empire, using a historical parable about Garfield's death to illustrate that endings are necessary for new beginnings.","Transcript S10E19","ClaudeMiner","Harold Cooper","wisdom; mortality; sacrifice","monologue","5"
"I've been, several times. It didn't take.","10","20","Arthur Hudson","When Hudson threatens to put Reddington behind bars, he casually responds that previous attempts have failed.","Transcript S10E20","ClaudeMiner","Arthur Hudson","humor; survival; power","one-liner","4"
"I've forgotten more about surveillance and black bag ops than you could ever teach in every classroom in Langley and Quantico.","10","20","Arthur Hudson","Reddington dismisses Hudson's authority and expertise during the closed-door meeting, asserting his own superior knowledge.","Transcript S10E20","ClaudeMiner","Arthur Hudson","power; crime; humor","threat","4"
"It's just cops and robbers, Harold. Always has been all these years. I'm just glad you're the cop.","10","20","Arthur Hudson","Reddington reassures Cooper that their dynamic has always been simple, expressing respect and fondness for his longtime adversary.","Transcript S10E20","ClaudeMiner","Harold Cooper","wisdom; trust; legacy","emotional","5"
"Catch me if you can. Vaya con dios, my friend.","10","20","Arthur Hudson","Reddington's final words to Cooper as he leaves, turning their impending final chase into a game and a farewell.","Transcript S10E20","ClaudeMiner","Harold Cooper","freedom; wisdom; humor","one-liner","5"
"Shame on you. I am what I am. You made a devil's bargain. Did you really expect me to stop being the devil?","10","20","Arthur Hudson","Reddington defends himself and the task force, arguing that Hudson and the government willingly partnered with a criminal and shouldn't be surprised by the consequences.","Transcript S10E20","ClaudeMiner","Arthur Hudson and the Attorney General's office","truth; morality; betrayal; power","monologue","5"
"Sometimes life is a little less Frank Capra than you seem to realize.","10","20","Arthur Hudson","Reddington (via recording to Stromberg's office) responds to Hudson's idealized view of government, defending the practical necessity of working with criminal informants.","Transcript S10E20","ClaudeMiner","Arthur Hudson","wisdom; truth; morality","wisdom","4"
"You made a devil’s bargain. Did you really expect me to stop being the devil?","10","20","Arthur Hudson","","Manual Input","ManualIngest",,,,
"Animals shed their fur, reptiles shed their skin. Don't be afraid to become something new. I'm not.","10","20","Arthur Hudson","Reddington advises Teddy to embrace change and find a new path after retiring from their criminal life.","Transcript S10E20","ClaudeMiner","Teddy Brimley","wisdom; freedom; survival","wisdom","4"
"I guess it's about life being a series of chapters, and this most recent one of mine maybe lasted a little longer than it ever should have.","10","20","Arthur Hudson","Reddington explains his decision to move on and invite Weecha to join him, reflecting on the passage of time.","Transcript S10E20","ClaudeMiner","Weecha","wisdom; freedom; legacy","monologue","4"
"How do you honor his legacy of catcalling coeds and dropping out his third semester?","10","21","Raymond Reddington (No. 00): Pt. 1","Reddington struggles to find a respectable way to memorialize Glen, listing his many flaws.","Transcript S10E21","ClaudeMiner","Paula","humor; legacy; death","humor","4"
"Perhaps if he'd exhausted all other uses for his time and money, he might've done something good for humanity. You never know.","10","21","Raymond Reddington (No. 00): Pt. 1","Reddington muses on the possibility of Glen accidentally doing good if he ran out of other options.","Transcript S10E21","ClaudeMiner","Paula","humor; legacy; morality","humor","3"
"Shooting a man is rather different than convicting him of a capital offense, Congressman.","10","21","Raymond Reddington (No. 00): Pt. 1","Reddington calmly points out the moral and legal gap between killing someone in the moment versus a courtroom conviction.","Transcript S10E21","ClaudeMiner","Congressman Hudson","justice; power; morality","wisdom","4"
"I was thinking about death, possibly yours or some hapless FBI agent.","10","21","Raymond Reddington (No. 00): Pt. 1","Reddington chides Dembe for recklessly calling to warn him off, then admits the warning was effective.","Transcript S10E21","ClaudeMiner","Dembe","death; survival; trust","threat","3"
"Don't go throwing away your future on my account.","10","21","Raymond Reddington (No. 00): Pt. 1","Reddington warns Dembe not to sacrifice his clean slate and FBI career for him.","Transcript S10E21","ClaudeMiner","Dembe","sacrifice; loyalty; freedom","emotional","4"
"In times of trouble you go one of two ways, up in the sky or out to sea.","10","21","Raymond Reddington (No. 00): Pt. 1","Dembe recounts Reddington's advice after they stole a speedboat to escape a dangerous situation in Cuba.","Transcript S10E21","ClaudeMiner","Dembe","survival; wisdom; freedom","wisdom","5"
"Just keep crushing, but keep cool, and soon enough, he'll figure out how to crush back.","10","22","Raymond Reddington (No. 00): Good Night","Reddington gives Agnes relationship advice about a boy who likes her, speaking with warmth and humor.","Transcript S10E22","ClaudeMiner","Agnes","love; humor; wisdom","humor","3"
"Death is inevitable. It will come for us all. And that inevitability robs death entirely of its significance. What matters are the things that are not inevitable. The things we create. The things we find. The left we take when everything in our life is leading us right. How we live.","10","22","Raymond Reddington (No. 00): Good Night","Reddington's philosophy on death and life, shared by Cooper in conversation, summarizing Red's worldview as a refusal to go quietly.","Transcript S10E22","ClaudeMiner","Harold Cooper","death; life; wisdom; legacy","monologue","5"
"We often stumble when we're closest to the object of our endearment. It's just one of those little twists of fate and affection.","10","22","Raymond Reddington (No. 00): Good Night","Reddington gives Agnes advice about a boy who is acting strangely after liking her, explaining nervousness in young romance.","Transcript S10E22","ClaudeMiner","Agnes","love; wisdom; humor","wisdom","4"
"Sometimes the greatest flights in history, my dear, have been solo.","10","22","Raymond Reddington (No. 00): Good Night","Reddington encourages Agnes as she works on her science fair project alone, after her group partners bailed.","Transcript S10E22","ClaudeMiner","Agnes","wisdom; sacrifice; freedom","wisdom","3"
